ISO-10303-21;
HEADER;
/* Generated by software containing ST-Developer
 * from STEP Tools, Inc. (www.steptools.com) 
 */

FILE_DESCRIPTION(
/* description */ (''),
/* implementation_level */ '2;1');

FILE_NAME(
/* name */ 
'C:/Users/Clement Hathaway/Github/uBMS-2/3D Models/Connector_172043020
2 v1.step',
/* time_stamp */ '2020-08-05T13:33:10-04:00',
/* author */ (''),
/* organization */ (''),
/* preprocessor_version */ 'ST-DEVELOPER v18.1',
/* originating_system */ 'Autodesk Translation Framework v9.3.0.1241',
/* authorisation */ '');

FILE_SCHEMA (('AUTOMOTIVE_DESIGN { 1 0 10303 214 3 1 1 }'));
ENDSEC;

DATA;
#10=MECHANICAL_DESIGN_GEOMETRIC_PRESENTATION_REPRESENTATION('',(#13),#12393);
#11=SHAPE_REPRESENTATION_RELATIONSHIP('SRR','None',#12400,#12);
#12=ADVANCED_BREP_SHAPE_REPRESENTATION('',(#14),#12392);
#13=STYLED_ITEM('',(#12409),#14);
#14=MANIFOLD_SOLID_BREP('Body1',#7511);
#15=TOROIDAL_SURFACE('',#7896,0.762,0.381);
#16=TOROIDAL_SURFACE('',#7902,0.762,0.381);
#17=TOROIDAL_SURFACE('',#7907,0.762,0.381);
#18=TOROIDAL_SURFACE('',#7912,0.762,0.381);
#19=TOROIDAL_SURFACE('',#7917,0.762,0.381);
#20=TOROIDAL_SURFACE('',#7923,0.762,0.381);
#21=TOROIDAL_SURFACE('',#7928,0.762,0.381);
#22=TOROIDAL_SURFACE('',#7933,0.762,0.381);
#23=TOROIDAL_SURFACE('',#7938,0.762,0.381);
#24=TOROIDAL_SURFACE('',#7944,0.762,0.381);
#25=TOROIDAL_SURFACE('',#7949,0.762,0.381);
#26=TOROIDAL_SURFACE('',#7954,0.762,0.381);
#27=TOROIDAL_SURFACE('',#8028,0.762,0.381);
#28=TOROIDAL_SURFACE('',#8033,0.762,0.381);
#29=TOROIDAL_SURFACE('',#8038,0.762,0.381);
#30=TOROIDAL_SURFACE('',#8043,0.762,0.381);
#31=TOROIDAL_SURFACE('',#8046,0.762,0.381);
#32=TOROIDAL_SURFACE('',#8052,0.762,0.381);
#33=TOROIDAL_SURFACE('',#8057,0.762,0.381);
#34=TOROIDAL_SURFACE('',#8062,0.762,0.381);
#35=TOROIDAL_SURFACE('',#8067,0.762,0.381);
#36=TOROIDAL_SURFACE('',#8073,0.762,0.381);
#37=TOROIDAL_SURFACE('',#8078,0.762,0.381);
#38=TOROIDAL_SURFACE('',#8083,0.762,0.381);
#39=TOROIDAL_SURFACE('',#8091,0.762,0.381);
#40=TOROIDAL_SURFACE('',#8096,0.762,0.381);
#41=TOROIDAL_SURFACE('',#8101,0.762,0.381);
#42=TOROIDAL_SURFACE('',#8106,0.762,0.381);
#43=TOROIDAL_SURFACE('',#8109,0.762,0.381);
#44=TOROIDAL_SURFACE('',#8117,0.762,0.381);
#45=TOROIDAL_SURFACE('',#8122,0.762,0.381);
#46=TOROIDAL_SURFACE('',#8127,0.762,0.381);
#47=CYLINDRICAL_SURFACE('',#7569,0.254);
#48=CYLINDRICAL_SURFACE('',#7599,0.254);
#49=CYLINDRICAL_SURFACE('',#7608,0.381);
#50=CYLINDRICAL_SURFACE('',#7619,0.762);
#51=CYLINDRICAL_SURFACE('',#7622,0.381);
#52=CYLINDRICAL_SURFACE('',#7629,0.762);
#53=CYLINDRICAL_SURFACE('',#7631,0.381);
#54=CYLINDRICAL_SURFACE('',#7660,0.381);
#55=CYLINDRICAL_SURFACE('',#7663,0.381);
#56=CYLINDRICAL_SURFACE('',#7668,0.381);
#57=CYLINDRICAL_SURFACE('',#7686,0.254);
#58=CYLINDRICAL_SURFACE('',#7690,0.2032);
#59=CYLINDRICAL_SURFACE('',#7696,0.2032);
#60=CYLINDRICAL_SURFACE('',#7699,0.2032);
#61=CYLINDRICAL_SURFACE('',#7709,0.254);
#62=CYLINDRICAL_SURFACE('',#7717,0.2032);
#63=CYLINDRICAL_SURFACE('',#7720,0.2032);
#64=CYLINDRICAL_SURFACE('',#7723,0.2032);
#65=CYLINDRICAL_SURFACE('',#7750,0.254);
#66=CYLINDRICAL_SURFACE('',#7759,0.2032);
#67=CYLINDRICAL_SURFACE('',#7762,0.2032);
#68=CYLINDRICAL_SURFACE('',#7765,0.2032);
#69=CYLINDRICAL_SURFACE('',#7776,0.2032);
#70=CYLINDRICAL_SURFACE('',#7779,0.2032);
#71=CYLINDRICAL_SURFACE('',#7782,0.2032);
#72=CYLINDRICAL_SURFACE('',#7785,0.254);
#73=CYLINDRICAL_SURFACE('',#7789,0.381);
#74=CYLINDRICAL_SURFACE('',#7846,0.762);
#75=CYLINDRICAL_SURFACE('',#7856,0.762);
#76=CYLINDRICAL_SURFACE('',#7857,0.762);
#77=CYLINDRICAL_SURFACE('',#7859,0.762);
#78=CYLINDRICAL_SURFACE('',#7885,0.762);
#79=CYLINDRICAL_SURFACE('',#7890,0.381);
#80=CYLINDRICAL_SURFACE('',#7893,0.762);
#81=CYLINDRICAL_SURFACE('',#7900,0.381);
#82=CYLINDRICAL_SURFACE('',#7905,0.381);
#83=CYLINDRICAL_SURFACE('',#7910,0.381);
#84=CYLINDRICAL_SURFACE('',#7916,0.381);
#85=CYLINDRICAL_SURFACE('',#7921,0.381);
#86=CYLINDRICAL_SURFACE('',#7926,0.381);
#87=CYLINDRICAL_SURFACE('',#7931,0.381);
#88=CYLINDRICAL_SURFACE('',#7936,0.381);
#89=CYLINDRICAL_SURFACE('',#7942,0.381);
#90=CYLINDRICAL_SURFACE('',#7947,0.381);
#91=CYLINDRICAL_SURFACE('',#7952,0.381);
#92=CYLINDRICAL_SURFACE('',#7957,0.381);
#93=CYLINDRICAL_SURFACE('',#7981,0.127);
#94=CYLINDRICAL_SURFACE('',#7999,0.508);
#95=CYLINDRICAL_SURFACE('',#8001,0.508);
#96=CYLINDRICAL_SURFACE('',#8004,0.381);
#97=CYLINDRICAL_SURFACE('',#8006,0.381);
#98=CYLINDRICAL_SURFACE('',#8009,0.762);
#99=CYLINDRICAL_SURFACE('',#8012,0.127);
#100=CYLINDRICAL_SURFACE('',#8014,0.762);
#101=CYLINDRICAL_SURFACE('',#8017,0.381);
#102=CYLINDRICAL_SURFACE('',#8019,0.381);
#103=CYLINDRICAL_SURFACE('',#8022,0.508);
#104=CYLINDRICAL_SURFACE('',#8024,0.508);
#105=CYLINDRICAL_SURFACE('',#8025,0.381);
#106=CYLINDRICAL_SURFACE('',#8031,0.381);
#107=CYLINDRICAL_SURFACE('',#8036,0.381);
#108=CYLINDRICAL_SURFACE('',#8041,0.381);
#109=CYLINDRICAL_SURFACE('',#8050,0.381);
#110=CYLINDRICAL_SURFACE('',#8055,0.381);
#111=CYLINDRICAL_SURFACE('',#8060,0.381);
#112=CYLINDRICAL_SURFACE('',#8065,0.381);
#113=CYLINDRICAL_SURFACE('',#8071,0.381);
#114=CYLINDRICAL_SURFACE('',#8076,0.381);
#115=CYLINDRICAL_SURFACE('',#8081,0.381);
#116=CYLINDRICAL_SURFACE('',#8086,0.381);
#117=CYLINDRICAL_SURFACE('',#8088,0.381);
#118=CYLINDRICAL_SURFACE('',#8094,0.381);
#119=CYLINDRICAL_SURFACE('',#8099,0.381);
#120=CYLINDRICAL_SURFACE('',#8104,0.381);
#121=CYLINDRICAL_SURFACE('',#8120,0.381);
#122=CYLINDRICAL_SURFACE('',#8124,0.381);
#123=CYLINDRICAL_SURFACE('',#8125,0.381);
#124=CYLINDRICAL_SURFACE('',#8129,0.381);
#125=FACE_BOUND('',#754,.T.);
#126=FACE_BOUND('',#755,.T.);
#127=FACE_BOUND('',#756,.T.);
#128=FACE_BOUND('',#757,.T.);
#129=FACE_BOUND('',#758,.T.);
#130=FACE_BOUND('',#759,.T.);
#131=FACE_BOUND('',#760,.T.);
#132=FACE_BOUND('',#761,.T.);
#133=FACE_BOUND('',#762,.T.);
#134=FACE_BOUND('',#763,.T.);
#135=FACE_BOUND('',#773,.T.);
#136=FACE_BOUND('',#774,.T.);
#137=FACE_BOUND('',#775,.T.);
#138=FACE_BOUND('',#776,.T.);
#139=FACE_BOUND('',#777,.T.);
#140=FACE_BOUND('',#862,.T.);
#141=FACE_BOUND('',#863,.T.);
#142=FACE_BOUND('',#906,.T.);
#143=FACE_BOUND('',#907,.T.);
#144=FACE_BOUND('',#979,.T.);
#145=FACE_BOUND('',#998,.T.);
#146=CIRCLE('',#7528,0.762);
#147=CIRCLE('',#7529,0.762);
#148=CIRCLE('',#7530,0.762);
#149=CIRCLE('',#7531,0.762);
#150=CIRCLE('',#7532,0.762);
#151=CIRCLE('',#7533,0.762);
#152=CIRCLE('',#7534,0.762);
#153=CIRCLE('',#7535,0.762);
#154=CIRCLE('',#7536,0.762);
#155=CIRCLE('',#7537,0.762);
#156=CIRCLE('',#7538,0.762);
#157=CIRCLE('',#7539,0.762);
#158=CIRCLE('',#7540,0.762);
#159=CIRCLE('',#7541,0.762);
#160=CIRCLE('',#7542,0.762);
#161=CIRCLE('',#7543,0.762);
#162=CIRCLE('',#7544,0.762);
#163=CIRCLE('',#7545,0.762);
#164=CIRCLE('',#7546,0.762);
#165=CIRCLE('',#7547,0.762);
#166=CIRCLE('',#7548,0.762);
#167=CIRCLE('',#7549,0.762);
#168=CIRCLE('',#7550,0.762);
#169=CIRCLE('',#7551,0.762);
#170=CIRCLE('',#7552,0.762);
#171=CIRCLE('',#7553,0.762);
#172=CIRCLE('',#7554,0.762);
#173=CIRCLE('',#7555,0.762);
#174=CIRCLE('',#7556,0.762);
#175=CIRCLE('',#7557,0.762);
#176=CIRCLE('',#7558,0.762);
#177=CIRCLE('',#7559,0.762);
#178=CIRCLE('',#7561,0.381);
#179=CIRCLE('',#7562,0.762);
#180=CIRCLE('',#7563,0.762);
#181=CIRCLE('',#7564,0.381);
#182=CIRCLE('',#7565,0.381);
#183=CIRCLE('',#7568,0.254);
#184=CIRCLE('',#7570,0.254);
#185=CIRCLE('',#7576,0.381);
#186=CIRCLE('',#7577,0.381);
#187=CIRCLE('',#7598,0.254);
#188=CIRCLE('',#7600,0.254);
#189=CIRCLE('',#7606,0.381);
#190=CIRCLE('',#7607,0.381);
#191=CIRCLE('',#7609,0.381);
#192=CIRCLE('',#7612,0.381);
#193=CIRCLE('',#7613,0.762);
#194=CIRCLE('',#7614,0.762);
#195=CIRCLE('',#7615,0.381);
#196=CIRCLE('',#7620,0.762);
#197=CIRCLE('',#7623,0.381);
#198=CIRCLE('',#7627,0.762);
#199=CIRCLE('',#7661,0.381);
#200=CIRCLE('',#7664,0.381);
#201=CIRCLE('',#7667,0.381);
#202=CIRCLE('',#7680,0.254);
#203=CIRCLE('',#7681,0.2032);
#204=CIRCLE('',#7682,0.2032);
#205=CIRCLE('',#7683,0.2032);
#206=CIRCLE('',#7687,0.254);
#207=CIRCLE('',#7691,0.2032);
#208=CIRCLE('',#7694,0.2032);
#209=CIRCLE('',#7695,0.2032);
#210=CIRCLE('',#7704,0.2032);
#211=CIRCLE('',#7705,0.2032);
#212=CIRCLE('',#7706,0.2032);
#213=CIRCLE('',#7707,0.254);
#214=CIRCLE('',#7710,0.254);
#215=CIRCLE('',#7712,0.2032);
#216=CIRCLE('',#7713,0.2032);
#217=CIRCLE('',#7714,0.2032);
#218=CIRCLE('',#7737,0.2032);
#219=CIRCLE('',#7738,0.2032);
#220=CIRCLE('',#7739,0.2032);
#221=CIRCLE('',#7740,0.254);
#222=CIRCLE('',#7746,0.254);
#223=CIRCLE('',#7747,0.2032);
#224=CIRCLE('',#7748,0.2032);
#225=CIRCLE('',#7749,0.2032);
#226=CIRCLE('',#7751,0.254);
#227=CIRCLE('',#7754,0.2032);
#228=CIRCLE('',#7755,0.2032);
#229=CIRCLE('',#7756,0.2032);
#230=CIRCLE('',#7772,0.254);
#231=CIRCLE('',#7773,0.2032);
#232=CIRCLE('',#7774,0.2032);
#233=CIRCLE('',#7775,0.2032);
#234=CIRCLE('',#7790,0.381);
#235=CIRCLE('',#7829,0.762);
#236=CIRCLE('',#7830,0.762);
#237=CIRCLE('',#7833,0.762);
#238=CIRCLE('',#7834,0.762);
#239=CIRCLE('',#7839,0.762);
#240=CIRCLE('',#7840,0.762);
#241=CIRCLE('',#7843,0.762);
#242=CIRCLE('',#7844,0.762);
#243=CIRCLE('',#7884,0.762);
#244=CIRCLE('',#7891,0.381);
#245=CIRCLE('',#7894,0.762);
#246=CIRCLE('',#7897,0.381);
#247=CIRCLE('',#7898,0.381);
#248=CIRCLE('',#7899,0.381);
#249=CIRCLE('',#7901,0.381);
#250=CIRCLE('',#7903,0.381);
#251=CIRCLE('',#7904,0.381);
#252=CIRCLE('',#7906,0.381);
#253=CIRCLE('',#7908,0.381);
#254=CIRCLE('',#7909,0.381);
#255=CIRCLE('',#7911,0.381);
#256=CIRCLE('',#7913,0.381);
#257=CIRCLE('',#7914,0.381);
#258=CIRCLE('',#7918,0.381);
#259=CIRCLE('',#7919,0.381);
#260=CIRCLE('',#7920,0.381);
#261=CIRCLE('',#7922,0.381);
#262=CIRCLE('',#7924,0.381);
#263=CIRCLE('',#7925,0.381);
#264=CIRCLE('',#7927,0.381);
#265=CIRCLE('',#7929,0.381);
#266=CIRCLE('',#7930,0.381);
#267=CIRCLE('',#7932,0.381);
#268=CIRCLE('',#7934,0.381);
#269=CIRCLE('',#7935,0.381);
#270=CIRCLE('',#7939,0.381);
#271=CIRCLE('',#7940,0.381);
#272=CIRCLE('',#7941,0.381);
#273=CIRCLE('',#7943,0.381);
#274=CIRCLE('',#7945,0.381);
#275=CIRCLE('',#7946,0.381);
#276=CIRCLE('',#7948,0.381);
#277=CIRCLE('',#7950,0.381);
#278=CIRCLE('',#7951,0.381);
#279=CIRCLE('',#7953,0.381);
#280=CIRCLE('',#7955,0.381);
#281=CIRCLE('',#7956,0.381);
#282=CIRCLE('',#7960,0.127);
#283=CIRCLE('',#7961,0.762);
#284=CIRCLE('',#7962,0.381);
#285=CIRCLE('',#7963,0.381);
#286=CIRCLE('',#7964,0.508);
#287=CIRCLE('',#7965,0.508);
#288=CIRCLE('',#7970,0.508);
#289=CIRCLE('',#7971,0.508);
#290=CIRCLE('',#7972,0.381);
#291=CIRCLE('',#7973,0.381);
#292=CIRCLE('',#7974,0.762);
#293=CIRCLE('',#7975,0.127);
#294=CIRCLE('',#7984,0.508);
#295=CIRCLE('',#7985,0.508);
#296=CIRCLE('',#7986,0.381);
#297=CIRCLE('',#7987,0.381);
#298=CIRCLE('',#7988,0.762);
#299=CIRCLE('',#7989,0.127);
#300=CIRCLE('',#7992,0.127);
#301=CIRCLE('',#7993,0.762);
#302=CIRCLE('',#7994,0.381);
#303=CIRCLE('',#7995,0.381);
#304=CIRCLE('',#7996,0.508);
#305=CIRCLE('',#7997,0.508);
#306=CIRCLE('',#8026,0.381);
#307=CIRCLE('',#8027,0.381);
#308=CIRCLE('',#8029,0.381);
#309=CIRCLE('',#8030,0.381);
#310=CIRCLE('',#8032,0.381);
#311=CIRCLE('',#8034,0.381);
#312=CIRCLE('',#8035,0.381);
#313=CIRCLE('',#8037,0.381);
#314=CIRCLE('',#8039,0.381);
#315=CIRCLE('',#8040,0.381);
#316=CIRCLE('',#8042,0.381);
#317=CIRCLE('',#8044,0.381);
#318=CIRCLE('',#8047,0.381);
#319=CIRCLE('',#8048,0.381);
#320=CIRCLE('',#8049,0.381);
#321=CIRCLE('',#8051,0.381);
#322=CIRCLE('',#8053,0.381);
#323=CIRCLE('',#8054,0.381);
#324=CIRCLE('',#8056,0.381);
#325=CIRCLE('',#8058,0.381);
#326=CIRCLE('',#8059,0.381);
#327=CIRCLE('',#8061,0.381);
#328=CIRCLE('',#8063,0.381);
#329=CIRCLE('',#8064,0.381);
#330=CIRCLE('',#8068,0.381);
#331=CIRCLE('',#8069,0.381);
#332=CIRCLE('',#8070,0.381);
#333=CIRCLE('',#8072,0.381);
#334=CIRCLE('',#8074,0.381);
#335=CIRCLE('',#8075,0.381);
#336=CIRCLE('',#8077,0.381);
#337=CIRCLE('',#8079,0.381);
#338=CIRCLE('',#8080,0.381);
#339=CIRCLE('',#8082,0.381);
#340=CIRCLE('',#8084,0.381);
#341=CIRCLE('',#8085,0.381);
#342=CIRCLE('',#8089,0.381);
#343=CIRCLE('',#8090,0.381);
#344=CIRCLE('',#8092,0.381);
#345=CIRCLE('',#8093,0.381);
#346=CIRCLE('',#8095,0.381);
#347=CIRCLE('',#8097,0.381);
#348=CIRCLE('',#8098,0.381);
#349=CIRCLE('',#8100,0.381);
#350=CIRCLE('',#8102,0.381);
#351=CIRCLE('',#8103,0.381);
#352=CIRCLE('',#8105,0.381);
#353=CIRCLE('',#8107,0.381);
#354=CIRCLE('',#8110,0.381);
#355=CIRCLE('',#8111,0.381);
#356=CIRCLE('',#8112,0.381);
#357=CIRCLE('',#8114,0.381);
#358=CIRCLE('',#8115,0.381);
#359=CIRCLE('',#8116,0.381);
#360=CIRCLE('',#8118,0.381);
#361=CIRCLE('',#8119,0.381);
#362=CIRCLE('',#8121,0.381);
#363=CIRCLE('',#8123,0.381);
#364=CIRCLE('',#8126,0.381);
#365=CIRCLE('',#8128,0.381);
#366=FACE_OUTER_BOUND('',#751,.T.);
#367=FACE_OUTER_BOUND('',#752,.T.);
#368=FACE_OUTER_BOUND('',#753,.T.);
#369=FACE_OUTER_BOUND('',#764,.T.);
#370=FACE_OUTER_BOUND('',#765,.T.);
#371=FACE_OUTER_BOUND('',#766,.T.);
#372=FACE_OUTER_BOUND('',#767,.T.);
#373=FACE_OUTER_BOUND('',#768,.T.);
#374=FACE_OUTER_BOUND('',#769,.T.);
#375=FACE_OUTER_BOUND('',#770,.T.);
#376=FACE_OUTER_BOUND('',#771,.T.);
#377=FACE_OUTER_BOUND('',#772,.T.);
#378=FACE_OUTER_BOUND('',#778,.T.);
#379=FACE_OUTER_BOUND('',#779,.T.);
#380=FACE_OUTER_BOUND('',#780,.T.);
#381=FACE_OUTER_BOUND('',#781,.T.);
#382=FACE_OUTER_BOUND('',#782,.T.);
#383=FACE_OUTER_BOUND('',#783,.T.);
#384=FACE_OUTER_BOUND('',#784,.T.);
#385=FACE_OUTER_BOUND('',#785,.T.);
#386=FACE_OUTER_BOUND('',#786,.T.);
#387=FACE_OUTER_BOUND('',#787,.T.);
#388=FACE_OUTER_BOUND('',#788,.T.);
#389=FACE_OUTER_BOUND('',#789,.T.);
#390=FACE_OUTER_BOUND('',#790,.T.);
#391=FACE_OUTER_BOUND('',#791,.T.);
#392=FACE_OUTER_BOUND('',#792,.T.);
#393=FACE_OUTER_BOUND('',#793,.T.);
#394=FACE_OUTER_BOUND('',#794,.T.);
#395=FACE_OUTER_BOUND('',#795,.T.);
#396=FACE_OUTER_BOUND('',#796,.T.);
#397=FACE_OUTER_BOUND('',#797,.T.);
#398=FACE_OUTER_BOUND('',#798,.T.);
#399=FACE_OUTER_BOUND('',#799,.T.);
#400=FACE_OUTER_BOUND('',#800,.T.);
#401=FACE_OUTER_BOUND('',#801,.T.);
#402=FACE_OUTER_BOUND('',#802,.T.);
#403=FACE_OUTER_BOUND('',#803,.T.);
#404=FACE_OUTER_BOUND('',#804,.T.);
#405=FACE_OUTER_BOUND('',#805,.T.);
#406=FACE_OUTER_BOUND('',#806,.T.);
#407=FACE_OUTER_BOUND('',#807,.T.);
#408=FACE_OUTER_BOUND('',#808,.T.);
#409=FACE_OUTER_BOUND('',#809,.T.);
#410=FACE_OUTER_BOUND('',#810,.T.);
#411=FACE_OUTER_BOUND('',#811,.T.);
#412=FACE_OUTER_BOUND('',#812,.T.);
#413=FACE_OUTER_BOUND('',#813,.T.);
#414=FACE_OUTER_BOUND('',#814,.T.);
#415=FACE_OUTER_BOUND('',#815,.T.);
#416=FACE_OUTER_BOUND('',#816,.T.);
#417=FACE_OUTER_BOUND('',#817,.T.);
#418=FACE_OUTER_BOUND('',#818,.T.);
#419=FACE_OUTER_BOUND('',#819,.T.);
#420=FACE_OUTER_BOUND('',#820,.T.);
#421=FACE_OUTER_BOUND('',#821,.T.);
#422=FACE_OUTER_BOUND('',#822,.T.);
#423=FACE_OUTER_BOUND('',#823,.T.);
#424=FACE_OUTER_BOUND('',#824,.T.);
#425=FACE_OUTER_BOUND('',#825,.T.);
#426=FACE_OUTER_BOUND('',#826,.T.);
#427=FACE_OUTER_BOUND('',#827,.T.);
#428=FACE_OUTER_BOUND('',#828,.T.);
#429=FACE_OUTER_BOUND('',#829,.T.);
#430=FACE_OUTER_BOUND('',#830,.T.);
#431=FACE_OUTER_BOUND('',#831,.T.);
#432=FACE_OUTER_BOUND('',#832,.T.);
#433=FACE_OUTER_BOUND('',#833,.T.);
#434=FACE_OUTER_BOUND('',#834,.T.);
#435=FACE_OUTER_BOUND('',#835,.T.);
#436=FACE_OUTER_BOUND('',#836,.T.);
#437=FACE_OUTER_BOUND('',#837,.T.);
#438=FACE_OUTER_BOUND('',#838,.T.);
#439=FACE_OUTER_BOUND('',#839,.T.);
#440=FACE_OUTER_BOUND('',#840,.T.);
#441=FACE_OUTER_BOUND('',#841,.T.);
#442=FACE_OUTER_BOUND('',#842,.T.);
#443=FACE_OUTER_BOUND('',#843,.T.);
#444=FACE_OUTER_BOUND('',#844,.T.);
#445=FACE_OUTER_BOUND('',#845,.T.);
#446=FACE_OUTER_BOUND('',#846,.T.);
#447=FACE_OUTER_BOUND('',#847,.T.);
#448=FACE_OUTER_BOUND('',#848,.T.);
#449=FACE_OUTER_BOUND('',#849,.T.);
#450=FACE_OUTER_BOUND('',#850,.T.);
#451=FACE_OUTER_BOUND('',#851,.T.);
#452=FACE_OUTER_BOUND('',#852,.T.);
#453=FACE_OUTER_BOUND('',#853,.T.);
#454=FACE_OUTER_BOUND('',#854,.T.);
#455=FACE_OUTER_BOUND('',#855,.T.);
#456=FACE_OUTER_BOUND('',#856,.T.);
#457=FACE_OUTER_BOUND('',#857,.T.);
#458=FACE_OUTER_BOUND('',#858,.T.);
#459=FACE_OUTER_BOUND('',#859,.T.);
#460=FACE_OUTER_BOUND('',#860,.T.);
#461=FACE_OUTER_BOUND('',#861,.T.);
#462=FACE_OUTER_BOUND('',#864,.T.);
#463=FACE_OUTER_BOUND('',#865,.T.);
#464=FACE_OUTER_BOUND('',#866,.T.);
#465=FACE_OUTER_BOUND('',#867,.T.);
#466=FACE_OUTER_BOUND('',#868,.T.);
#467=FACE_OUTER_BOUND('',#869,.T.);
#468=FACE_OUTER_BOUND('',#870,.T.);
#469=FACE_OUTER_BOUND('',#871,.T.);
#470=FACE_OUTER_BOUND('',#872,.T.);
#471=FACE_OUTER_BOUND('',#873,.T.);
#472=FACE_OUTER_BOUND('',#874,.T.);
#473=FACE_OUTER_BOUND('',#875,.T.);
#474=FACE_OUTER_BOUND('',#876,.T.);
#475=FACE_OUTER_BOUND('',#877,.T.);
#476=FACE_OUTER_BOUND('',#878,.T.);
#477=FACE_OUTER_BOUND('',#879,.T.);
#478=FACE_OUTER_BOUND('',#880,.T.);
#479=FACE_OUTER_BOUND('',#881,.T.);
#480=FACE_OUTER_BOUND('',#882,.T.);
#481=FACE_OUTER_BOUND('',#883,.T.);
#482=FACE_OUTER_BOUND('',#884,.T.);
#483=FACE_OUTER_BOUND('',#885,.T.);
#484=FACE_OUTER_BOUND('',#886,.T.);
#485=FACE_OUTER_BOUND('',#887,.T.);
#486=FACE_OUTER_BOUND('',#888,.T.);
#487=FACE_OUTER_BOUND('',#889,.T.);
#488=FACE_OUTER_BOUND('',#890,.T.);
#489=FACE_OUTER_BOUND('',#891,.T.);
#490=FACE_OUTER_BOUND('',#892,.T.);
#491=FACE_OUTER_BOUND('',#893,.T.);
#492=FACE_OUTER_BOUND('',#894,.T.);
#493=FACE_OUTER_BOUND('',#895,.T.);
#494=FACE_OUTER_BOUND('',#896,.T.);
#495=FACE_OUTER_BOUND('',#897,.T.);
#496=FACE_OUTER_BOUND('',#898,.T.);
#497=FACE_OUTER_BOUND('',#899,.T.);
#498=FACE_OUTER_BOUND('',#900,.T.);
#499=FACE_OUTER_BOUND('',#901,.T.);
#500=FACE_OUTER_BOUND('',#902,.T.);
#501=FACE_OUTER_BOUND('',#903,.T.);
#502=FACE_OUTER_BOUND('',#904,.T.);
#503=FACE_OUTER_BOUND('',#905,.T.);
#504=FACE_OUTER_BOUND('',#908,.T.);
#505=FACE_OUTER_BOUND('',#909,.T.);
#506=FACE_OUTER_BOUND('',#910,.T.);
#507=FACE_OUTER_BOUND('',#911,.T.);
#508=FACE_OUTER_BOUND('',#912,.T.);
#509=FACE_OUTER_BOUND('',#913,.T.);
#510=FACE_OUTER_BOUND('',#914,.T.);
#511=FACE_OUTER_BOUND('',#915,.T.);
#512=FACE_OUTER_BOUND('',#916,.T.);
#513=FACE_OUTER_BOUND('',#917,.T.);
#514=FACE_OUTER_BOUND('',#918,.T.);
#515=FACE_OUTER_BOUND('',#919,.T.);
#516=FACE_OUTER_BOUND('',#920,.T.);
#517=FACE_OUTER_BOUND('',#921,.T.);
#518=FACE_OUTER_BOUND('',#922,.T.);
#519=FACE_OUTER_BOUND('',#923,.T.);
#520=FACE_OUTER_BOUND('',#924,.T.);
#521=FACE_OUTER_BOUND('',#925,.T.);
#522=FACE_OUTER_BOUND('',#926,.T.);
#523=FACE_OUTER_BOUND('',#927,.T.);
#524=FACE_OUTER_BOUND('',#928,.T.);
#525=FACE_OUTER_BOUND('',#929,.T.);
#526=FACE_OUTER_BOUND('',#930,.T.);
#527=FACE_OUTER_BOUND('',#931,.T.);
#528=FACE_OUTER_BOUND('',#932,.T.);
#529=FACE_OUTER_BOUND('',#933,.T.);
#530=FACE_OUTER_BOUND('',#934,.T.);
#531=FACE_OUTER_BOUND('',#935,.T.);
#532=FACE_OUTER_BOUND('',#936,.T.);
#533=FACE_OUTER_BOUND('',#937,.T.);
#534=FACE_OUTER_BOUND('',#938,.T.);
#535=FACE_OUTER_BOUND('',#939,.T.);
#536=FACE_OUTER_BOUND('',#940,.T.);
#537=FACE_OUTER_BOUND('',#941,.T.);
#538=FACE_OUTER_BOUND('',#942,.T.);
#539=FACE_OUTER_BOUND('',#943,.T.);
#540=FACE_OUTER_BOUND('',#944,.T.);
#541=FACE_OUTER_BOUND('',#945,.T.);
#542=FACE_OUTER_BOUND('',#946,.T.);
#543=FACE_OUTER_BOUND('',#947,.T.);
#544=FACE_OUTER_BOUND('',#948,.T.);
#545=FACE_OUTER_BOUND('',#949,.T.);
#546=FACE_OUTER_BOUND('',#950,.T.);
#547=FACE_OUTER_BOUND('',#951,.T.);
#548=FACE_OUTER_BOUND('',#952,.T.);
#549=FACE_OUTER_BOUND('',#953,.T.);
#550=FACE_OUTER_BOUND('',#954,.T.);
#551=FACE_OUTER_BOUND('',#955,.T.);
#552=FACE_OUTER_BOUND('',#956,.T.);
#553=FACE_OUTER_BOUND('',#957,.T.);
#554=FACE_OUTER_BOUND('',#958,.T.);
#555=FACE_OUTER_BOUND('',#959,.T.);
#556=FACE_OUTER_BOUND('',#960,.T.);
#557=FACE_OUTER_BOUND('',#961,.T.);
#558=FACE_OUTER_BOUND('',#962,.T.);
#559=FACE_OUTER_BOUND('',#963,.T.);
#560=FACE_OUTER_BOUND('',#964,.T.);
#561=FACE_OUTER_BOUND('',#965,.T.);
#562=FACE_OUTER_BOUND('',#966,.T.);
#563=FACE_OUTER_BOUND('',#967,.T.);
#564=FACE_OUTER_BOUND('',#968,.T.);
#565=FACE_OUTER_BOUND('',#969,.T.);
#566=FACE_OUTER_BOUND('',#970,.T.);
#567=FACE_OUTER_BOUND('',#971,.T.);
#568=FACE_OUTER_BOUND('',#972,.T.);
#569=FACE_OUTER_BOUND('',#973,.T.);
#570=FACE_OUTER_BOUND('',#974,.T.);
#571=FACE_OUTER_BOUND('',#975,.T.);
#572=FACE_OUTER_BOUND('',#976,.T.);
#573=FACE_OUTER_BOUND('',#977,.T.);
#574=FACE_OUTER_BOUND('',#978,.T.);
#575=FACE_OUTER_BOUND('',#980,.T.);
#576=FACE_OUTER_BOUND('',#981,.T.);
#577=FACE_OUTER_BOUND('',#982,.T.);
#578=FACE_OUTER_BOUND('',#983,.T.);
#579=FACE_OUTER_BOUND('',#984,.T.);
#580=FACE_OUTER_BOUND('',#985,.T.);
#581=FACE_OUTER_BOUND('',#986,.T.);
#582=FACE_OUTER_BOUND('',#987,.T.);
#583=FACE_OUTER_BOUND('',#988,.T.);
#584=FACE_OUTER_BOUND('',#989,.T.);
#585=FACE_OUTER_BOUND('',#990,.T.);
#586=FACE_OUTER_BOUND('',#991,.T.);
#587=FACE_OUTER_BOUND('',#992,.T.);
#588=FACE_OUTER_BOUND('',#993,.T.);
#589=FACE_OUTER_BOUND('',#994,.T.);
#590=FACE_OUTER_BOUND('',#995,.T.);
#591=FACE_OUTER_BOUND('',#996,.T.);
#592=FACE_OUTER_BOUND('',#997,.T.);
#593=FACE_OUTER_BOUND('',#999,.T.);
#594=FACE_OUTER_BOUND('',#1000,.T.);
#595=FACE_OUTER_BOUND('',#1001,.T.);
#596=FACE_OUTER_BOUND('',#1002,.T.);
#597=FACE_OUTER_BOUND('',#1003,.T.);
#598=FACE_OUTER_BOUND('',#1004,.T.);
#599=FACE_OUTER_BOUND('',#1005,.T.);
#600=FACE_OUTER_BOUND('',#1006,.T.);
#601=FACE_OUTER_BOUND('',#1007,.T.);
#602=FACE_OUTER_BOUND('',#1008,.T.);
#603=FACE_OUTER_BOUND('',#1009,.T.);
#604=FACE_OUTER_BOUND('',#1010,.T.);
#605=FACE_OUTER_BOUND('',#1011,.T.);
#606=FACE_OUTER_BOUND('',#1012,.T.);
#607=FACE_OUTER_BOUND('',#1013,.T.);
#608=FACE_OUTER_BOUND('',#1014,.T.);
#609=FACE_OUTER_BOUND('',#1015,.T.);
#610=FACE_OUTER_BOUND('',#1016,.T.);
#611=FACE_OUTER_BOUND('',#1017,.T.);
#612=FACE_OUTER_BOUND('',#1018,.T.);
#613=FACE_OUTER_BOUND('',#1019,.T.);
#614=FACE_OUTER_BOUND('',#1020,.T.);
#615=FACE_OUTER_BOUND('',#1021,.T.);
#616=FACE_OUTER_BOUND('',#1022,.T.);
#617=FACE_OUTER_BOUND('',#1023,.T.);
#618=FACE_OUTER_BOUND('',#1024,.T.);
#619=FACE_OUTER_BOUND('',#1025,.T.);
#620=FACE_OUTER_BOUND('',#1026,.T.);
#621=FACE_OUTER_BOUND('',#1027,.T.);
#622=FACE_OUTER_BOUND('',#1028,.T.);
#623=FACE_OUTER_BOUND('',#1029,.T.);
#624=FACE_OUTER_BOUND('',#1030,.T.);
#625=FACE_OUTER_BOUND('',#1031,.T.);
#626=FACE_OUTER_BOUND('',#1032,.T.);
#627=FACE_OUTER_BOUND('',#1033,.T.);
#628=FACE_OUTER_BOUND('',#1034,.T.);
#629=FACE_OUTER_BOUND('',#1035,.T.);
#630=FACE_OUTER_BOUND('',#1036,.T.);
#631=FACE_OUTER_BOUND('',#1037,.T.);
#632=FACE_OUTER_BOUND('',#1038,.T.);
#633=FACE_OUTER_BOUND('',#1039,.T.);
#634=FACE_OUTER_BOUND('',#1040,.T.);
#635=FACE_OUTER_BOUND('',#1041,.T.);
#636=FACE_OUTER_BOUND('',#1042,.T.);
#637=FACE_OUTER_BOUND('',#1043,.T.);
#638=FACE_OUTER_BOUND('',#1044,.T.);
#639=FACE_OUTER_BOUND('',#1045,.T.);
#640=FACE_OUTER_BOUND('',#1046,.T.);
#641=FACE_OUTER_BOUND('',#1047,.T.);
#642=FACE_OUTER_BOUND('',#1048,.T.);
#643=FACE_OUTER_BOUND('',#1049,.T.);
#644=FACE_OUTER_BOUND('',#1050,.T.);
#645=FACE_OUTER_BOUND('',#1051,.T.);
#646=FACE_OUTER_BOUND('',#1052,.T.);
#647=FACE_OUTER_BOUND('',#1053,.T.);
#648=FACE_OUTER_BOUND('',#1054,.T.);
#649=FACE_OUTER_BOUND('',#1055,.T.);
#650=FACE_OUTER_BOUND('',#1056,.T.);
#651=FACE_OUTER_BOUND('',#1057,.T.);
#652=FACE_OUTER_BOUND('',#1058,.T.);
#653=FACE_OUTER_BOUND('',#1059,.T.);
#654=FACE_OUTER_BOUND('',#1060,.T.);
#655=FACE_OUTER_BOUND('',#1061,.T.);
#656=FACE_OUTER_BOUND('',#1062,.T.);
#657=FACE_OUTER_BOUND('',#1063,.T.);
#658=FACE_OUTER_BOUND('',#1064,.T.);
#659=FACE_OUTER_BOUND('',#1065,.T.);
#660=FACE_OUTER_BOUND('',#1066,.T.);
#661=FACE_OUTER_BOUND('',#1067,.T.);
#662=FACE_OUTER_BOUND('',#1068,.T.);
#663=FACE_OUTER_BOUND('',#1069,.T.);
#664=FACE_OUTER_BOUND('',#1070,.T.);
#665=FACE_OUTER_BOUND('',#1071,.T.);
#666=FACE_OUTER_BOUND('',#1072,.T.);
#667=FACE_OUTER_BOUND('',#1073,.T.);
#668=FACE_OUTER_BOUND('',#1074,.T.);
#669=FACE_OUTER_BOUND('',#1075,.T.);
#670=FACE_OUTER_BOUND('',#1076,.T.);
#671=FACE_OUTER_BOUND('',#1077,.T.);
#672=FACE_OUTER_BOUND('',#1078,.T.);
#673=FACE_OUTER_BOUND('',#1079,.T.);
#674=FACE_OUTER_BOUND('',#1080,.T.);
#675=FACE_OUTER_BOUND('',#1081,.T.);
#676=FACE_OUTER_BOUND('',#1082,.T.);
#677=FACE_OUTER_BOUND('',#1083,.T.);
#678=FACE_OUTER_BOUND('',#1084,.T.);
#679=FACE_OUTER_BOUND('',#1085,.T.);
#680=FACE_OUTER_BOUND('',#1086,.T.);
#681=FACE_OUTER_BOUND('',#1087,.T.);
#682=FACE_OUTER_BOUND('',#1088,.T.);
#683=FACE_OUTER_BOUND('',#1089,.T.);
#684=FACE_OUTER_BOUND('',#1090,.T.);
#685=FACE_OUTER_BOUND('',#1091,.T.);
#686=FACE_OUTER_BOUND('',#1092,.T.);
#687=FACE_OUTER_BOUND('',#1093,.T.);
#688=FACE_OUTER_BOUND('',#1094,.T.);
#689=FACE_OUTER_BOUND('',#1095,.T.);
#690=FACE_OUTER_BOUND('',#1096,.T.);
#691=FACE_OUTER_BOUND('',#1097,.T.);
#692=FACE_OUTER_BOUND('',#1098,.T.);
#693=FACE_OUTER_BOUND('',#1099,.T.);
#694=FACE_OUTER_BOUND('',#1100,.T.);
#695=FACE_OUTER_BOUND('',#1101,.T.);
#696=FACE_OUTER_BOUND('',#1102,.T.);
#697=FACE_OUTER_BOUND('',#1103,.T.);
#698=FACE_OUTER_BOUND('',#1104,.T.);
#699=FACE_OUTER_BOUND('',#1105,.T.);
#700=FACE_OUTER_BOUND('',#1106,.T.);
#701=FACE_OUTER_BOUND('',#1107,.T.);
#702=FACE_OUTER_BOUND('',#1108,.T.);
#703=FACE_OUTER_BOUND('',#1109,.T.);
#704=FACE_OUTER_BOUND('',#1110,.T.);
#705=FACE_OUTER_BOUND('',#1111,.T.);
#706=FACE_OUTER_BOUND('',#1112,.T.);
#707=FACE_OUTER_BOUND('',#1113,.T.);
#708=FACE_OUTER_BOUND('',#1114,.T.);
#709=FACE_OUTER_BOUND('',#1115,.T.);
#710=FACE_OUTER_BOUND('',#1116,.T.);
#711=FACE_OUTER_BOUND('',#1117,.T.);
#712=FACE_OUTER_BOUND('',#1118,.T.);
#713=FACE_OUTER_BOUND('',#1119,.T.);
#714=FACE_OUTER_BOUND('',#1120,.T.);
#715=FACE_OUTER_BOUND('',#1121,.T.);
#716=FACE_OUTER_BOUND('',#1122,.T.);
#717=FACE_OUTER_BOUND('',#1123,.T.);
#718=FACE_OUTER_BOUND('',#1124,.T.);
#719=FACE_OUTER_BOUND('',#1125,.T.);
#720=FACE_OUTER_BOUND('',#1126,.T.);
#721=FACE_OUTER_BOUND('',#1127,.T.);
#722=FACE_OUTER_BOUND('',#1128,.T.);
#723=FACE_OUTER_BOUND('',#1129,.T.);
#724=FACE_OUTER_BOUND('',#1130,.T.);
#725=FACE_OUTER_BOUND('',#1131,.T.);
#726=FACE_OUTER_BOUND('',#1132,.T.);
#727=FACE_OUTER_BOUND('',#1133,.T.);
#728=FACE_OUTER_BOUND('',#1134,.T.);
#729=FACE_OUTER_BOUND('',#1135,.T.);
#730=FACE_OUTER_BOUND('',#1136,.T.);
#731=FACE_OUTER_BOUND('',#1137,.T.);
#732=FACE_OUTER_BOUND('',#1138,.T.);
#733=FACE_OUTER_BOUND('',#1139,.T.);
#734=FACE_OUTER_BOUND('',#1140,.T.);
#735=FACE_OUTER_BOUND('',#1141,.T.);
#736=FACE_OUTER_BOUND('',#1142,.T.);
#737=FACE_OUTER_BOUND('',#1143,.T.);
#738=FACE_OUTER_BOUND('',#1144,.T.);
#739=FACE_OUTER_BOUND('',#1145,.T.);
#740=FACE_OUTER_BOUND('',#1146,.T.);
#741=FACE_OUTER_BOUND('',#1147,.T.);
#742=FACE_OUTER_BOUND('',#1148,.T.);
#743=FACE_OUTER_BOUND('',#1149,.T.);
#744=FACE_OUTER_BOUND('',#1150,.T.);
#745=FACE_OUTER_BOUND('',#1151,.T.);
#746=FACE_OUTER_BOUND('',#1152,.T.);
#747=FACE_OUTER_BOUND('',#1153,.T.);
#748=FACE_OUTER_BOUND('',#1154,.T.);
#749=FACE_OUTER_BOUND('',#1155,.T.);
#750=FACE_OUTER_BOUND('',#1156,.T.);
#751=EDGE_LOOP('',(#4683,#4684,#4685,#4686,#4687));
#752=EDGE_LOOP('',(#4688,#4689,#4690,#4691,#4692,#4693));
#753=EDGE_LOOP('',(#4694,#4695,#4696,#4697,#4698,#4699,#4700,#4701,#4702,
#4703,#4704,#4705,#4706,#4707,#4708,#4709,#4710,#4711,#4712,#4713,#4714,
#4715,#4716,#4717,#4718,#4719,#4720,#4721,#4722,#4723,#4724,#4725,#4726,
#4727,#4728,#4729,#4730,#4731,#4732,#4733,#4734,#4735,#4736,#4737,#4738,
#4739,#4740,#4741));
#754=EDGE_LOOP('',(#4742,#4743,#4744,#4745,#4746,#4747,#4748,#4749));
#755=EDGE_LOOP('',(#4750,#4751,#4752,#4753,#4754,#4755,#4756,#4757));
#756=EDGE_LOOP('',(#4758,#4759,#4760,#4761,#4762,#4763,#4764,#4765));
#757=EDGE_LOOP('',(#4766,#4767,#4768,#4769));
#758=EDGE_LOOP('',(#4770,#4771,#4772,#4773,#4774,#4775,#4776,#4777));
#759=EDGE_LOOP('',(#4778,#4779,#4780,#4781,#4782,#4783,#4784,#4785));
#760=EDGE_LOOP('',(#4786,#4787,#4788,#4789,#4790,#4791,#4792,#4793));
#761=EDGE_LOOP('',(#4794,#4795,#4796,#4797,#4798,#4799,#4800,#4801));
#762=EDGE_LOOP('',(#4802,#4803,#4804,#4805,#4806,#4807,#4808,#4809));
#763=EDGE_LOOP('',(#4810,#4811,#4812,#4813));
#764=EDGE_LOOP('',(#4814,#4815,#4816,#4817,#4818,#4819,#4820,#4821,#4822,
#4823,#4824,#4825,#4826,#4827,#4828,#4829));
#765=EDGE_LOOP('',(#4830,#4831,#4832,#4833,#4834,#4835));
#766=EDGE_LOOP('',(#4836,#4837,#4838,#4839,#4840,#4841,#4842));
#767=EDGE_LOOP('',(#4843,#4844,#4845,#4846));
#768=EDGE_LOOP('',(#4847,#4848,#4849,#4850));
#769=EDGE_LOOP('',(#4851,#4852,#4853,#4854,#4855));
#770=EDGE_LOOP('',(#4856,#4857,#4858,#4859));
#771=EDGE_LOOP('',(#4860,#4861,#4862,#4863,#4864,#4865,#4866,#4867,#4868,
#4869,#4870,#4871,#4872,#4873,#4874,#4875,#4876,#4877,#4878,#4879,#4880,
#4881));
#772=EDGE_LOOP('',(#4882,#4883,#4884,#4885,#4886,#4887,#4888,#4889,#4890,
#4891,#4892,#4893,#4894,#4895,#4896,#4897,#4898,#4899,#4900,#4901,#4902,
#4903,#4904,#4905,#4906,#4907,#4908,#4909,#4910,#4911,#4912,#4913,#4914,
#4915));
#773=EDGE_LOOP('',(#4916,#4917,#4918,#4919,#4920,#4921));
#774=EDGE_LOOP('',(#4922,#4923,#4924,#4925,#4926,#4927));
#775=EDGE_LOOP('',(#4928,#4929,#4930,#4931,#4932,#4933,#4934,#4935,#4936,
#4937,#4938,#4939,#4940));
#776=EDGE_LOOP('',(#4941,#4942,#4943,#4944,#4945,#4946));
#777=EDGE_LOOP('',(#4947,#4948,#4949,#4950,#4951,#4952));
#778=EDGE_LOOP('',(#4953,#4954,#4955,#4956));
#779=EDGE_LOOP('',(#4957,#4958,#4959,#4960,#4961,#4962));
#780=EDGE_LOOP('',(#4963,#4964,#4965,#4966));
#781=EDGE_LOOP('',(#4967,#4968,#4969,#4970));
#782=EDGE_LOOP('',(#4971,#4972,#4973,#4974,#4975,#4976,#4977,#4978,#4979,
#4980,#4981,#4982));
#783=EDGE_LOOP('',(#4983,#4984,#4985,#4986,#4987));
#784=EDGE_LOOP('',(#4988,#4989,#4990,#4991));
#785=EDGE_LOOP('',(#4992,#4993,#4994,#4995));
#786=EDGE_LOOP('',(#4996,#4997,#4998,#4999,#5000,#5001,#5002,#5003,#5004,
#5005,#5006,#5007,#5008,#5009,#5010,#5011,#5012,#5013,#5014,#5015,#5016,
#5017));
#787=EDGE_LOOP('',(#5018,#5019,#5020,#5021,#5022,#5023));
#788=EDGE_LOOP('',(#5024,#5025,#5026,#5027));
#789=EDGE_LOOP('',(#5028,#5029,#5030,#5031));
#790=EDGE_LOOP('',(#5032,#5033,#5034,#5035));
#791=EDGE_LOOP('',(#5036,#5037,#5038,#5039));
#792=EDGE_LOOP('',(#5040,#5041,#5042,#5043));
#793=EDGE_LOOP('',(#5044,#5045,#5046,#5047));
#794=EDGE_LOOP('',(#5048,#5049,#5050,#5051));
#795=EDGE_LOOP('',(#5052,#5053,#5054,#5055));
#796=EDGE_LOOP('',(#5056,#5057,#5058,#5059));
#797=EDGE_LOOP('',(#5060,#5061,#5062,#5063,#5064));
#798=EDGE_LOOP('',(#5065,#5066,#5067,#5068));
#799=EDGE_LOOP('',(#5069,#5070,#5071,#5072));
#800=EDGE_LOOP('',(#5073,#5074,#5075,#5076,#5077,#5078,#5079));
#801=EDGE_LOOP('',(#5080,#5081,#5082,#5083));
#802=EDGE_LOOP('',(#5084,#5085,#5086,#5087,#5088,#5089));
#803=EDGE_LOOP('',(#5090,#5091,#5092,#5093,#5094,#5095,#5096,#5097,#5098,
#5099));
#804=EDGE_LOOP('',(#5100,#5101,#5102,#5103));
#805=EDGE_LOOP('',(#5104,#5105,#5106,#5107));
#806=EDGE_LOOP('',(#5108,#5109,#5110,#5111,#5112,#5113,#5114,#5115,#5116,
#5117,#5118,#5119,#5120,#5121,#5122,#5123));
#807=EDGE_LOOP('',(#5124,#5125,#5126,#5127,#5128));
#808=EDGE_LOOP('',(#5129,#5130,#5131,#5132));
#809=EDGE_LOOP('',(#5133,#5134,#5135,#5136,#5137));
#810=EDGE_LOOP('',(#5138,#5139,#5140,#5141));
#811=EDGE_LOOP('',(#5142,#5143,#5144,#5145));
#812=EDGE_LOOP('',(#5146,#5147,#5148,#5149));
#813=EDGE_LOOP('',(#5150,#5151,#5152,#5153,#5154,#5155));
#814=EDGE_LOOP('',(#5156,#5157,#5158,#5159));
#815=EDGE_LOOP('',(#5160,#5161,#5162,#5163));
#816=EDGE_LOOP('',(#5164,#5165,#5166,#5167));
#817=EDGE_LOOP('',(#5168,#5169,#5170,#5171));
#818=EDGE_LOOP('',(#5172,#5173,#5174,#5175,#5176,#5177));
#819=EDGE_LOOP('',(#5178,#5179,#5180,#5181));
#820=EDGE_LOOP('',(#5182,#5183,#5184,#5185));
#821=EDGE_LOOP('',(#5186,#5187,#5188,#5189,#5190,#5191,#5192,#5193,#5194,
#5195,#5196,#5197,#5198,#5199,#5200,#5201,#5202,#5203,#5204,#5205,#5206,
#5207,#5208,#5209,#5210,#5211,#5212,#5213,#5214,#5215,#5216,#5217,#5218,
#5219,#5220,#5221));
#822=EDGE_LOOP('',(#5222,#5223,#5224,#5225));
#823=EDGE_LOOP('',(#5226,#5227,#5228,#5229));
#824=EDGE_LOOP('',(#5230,#5231,#5232,#5233));
#825=EDGE_LOOP('',(#5234,#5235,#5236,#5237,#5238));
#826=EDGE_LOOP('',(#5239,#5240,#5241,#5242));
#827=EDGE_LOOP('',(#5243,#5244,#5245,#5246));
#828=EDGE_LOOP('',(#5247,#5248,#5249,#5250,#5251));
#829=EDGE_LOOP('',(#5252,#5253,#5254,#5255));
#830=EDGE_LOOP('',(#5256,#5257,#5258,#5259));
#831=EDGE_LOOP('',(#5260,#5261,#5262,#5263));
#832=EDGE_LOOP('',(#5264,#5265,#5266,#5267));
#833=EDGE_LOOP('',(#5268,#5269,#5270,#5271,#5272,#5273));
#834=EDGE_LOOP('',(#5274,#5275,#5276,#5277,#5278,#5279,#5280,#5281));
#835=EDGE_LOOP('',(#5282,#5283,#5284,#5285,#5286));
#836=EDGE_LOOP('',(#5287,#5288,#5289,#5290));
#837=EDGE_LOOP('',(#5291,#5292,#5293,#5294,#5295));
#838=EDGE_LOOP('',(#5296,#5297,#5298,#5299));
#839=EDGE_LOOP('',(#5300,#5301,#5302,#5303,#5304,#5305));
#840=EDGE_LOOP('',(#5306,#5307,#5308,#5309));
#841=EDGE_LOOP('',(#5310,#5311,#5312,#5313));
#842=EDGE_LOOP('',(#5314,#5315,#5316,#5317));
#843=EDGE_LOOP('',(#5318,#5319,#5320,#5321));
#844=EDGE_LOOP('',(#5322,#5323,#5324,#5325));
#845=EDGE_LOOP('',(#5326,#5327,#5328,#5329));
#846=EDGE_LOOP('',(#5330,#5331,#5332,#5333));
#847=EDGE_LOOP('',(#5334,#5335,#5336,#5337,#5338,#5339));
#848=EDGE_LOOP('',(#5340,#5341,#5342,#5343));
#849=EDGE_LOOP('',(#5344,#5345,#5346,#5347));
#850=EDGE_LOOP('',(#5348,#5349,#5350,#5351));
#851=EDGE_LOOP('',(#5352,#5353,#5354,#5355,#5356,#5357,#5358,#5359,#5360,
#5361));
#852=EDGE_LOOP('',(#5362,#5363,#5364,#5365,#5366));
#853=EDGE_LOOP('',(#5367,#5368,#5369,#5370));
#854=EDGE_LOOP('',(#5371,#5372,#5373,#5374));
#855=EDGE_LOOP('',(#5375,#5376,#5377,#5378,#5379));
#856=EDGE_LOOP('',(#5380,#5381,#5382,#5383,#5384,#5385,#5386,#5387));
#857=EDGE_LOOP('',(#5388,#5389,#5390,#5391));
#858=EDGE_LOOP('',(#5392,#5393,#5394,#5395,#5396,#5397,#5398,#5399));
#859=EDGE_LOOP('',(#5400,#5401,#5402,#5403,#5404,#5405,#5406,#5407));
#860=EDGE_LOOP('',(#5408,#5409,#5410,#5411));
#861=EDGE_LOOP('',(#5412,#5413,#5414,#5415));
#862=EDGE_LOOP('',(#5416,#5417,#5418,#5419));
#863=EDGE_LOOP('',(#5420,#5421,#5422,#5423));
#864=EDGE_LOOP('',(#5424,#5425,#5426,#5427));
#865=EDGE_LOOP('',(#5428,#5429,#5430,#5431,#5432,#5433));
#866=EDGE_LOOP('',(#5434,#5435,#5436,#5437,#5438,#5439,#5440,#5441,#5442,
#5443,#5444,#5445,#5446,#5447));
#867=EDGE_LOOP('',(#5448,#5449,#5450,#5451,#5452,#5453));
#868=EDGE_LOOP('',(#5454,#5455,#5456,#5457));
#869=EDGE_LOOP('',(#5458,#5459,#5460,#5461));
#870=EDGE_LOOP('',(#5462,#5463,#5464,#5465));
#871=EDGE_LOOP('',(#5466,#5467,#5468,#5469));
#872=EDGE_LOOP('',(#5470,#5471,#5472,#5473));
#873=EDGE_LOOP('',(#5474,#5475,#5476,#5477));
#874=EDGE_LOOP('',(#5478,#5479,#5480,#5481,#5482,#5483,#5484,#5485,#5486,
#5487,#5488,#5489,#5490,#5491));
#875=EDGE_LOOP('',(#5492,#5493,#5494,#5495));
#876=EDGE_LOOP('',(#5496,#5497,#5498,#5499));
#877=EDGE_LOOP('',(#5500,#5501,#5502,#5503));
#878=EDGE_LOOP('',(#5504,#5505,#5506,#5507));
#879=EDGE_LOOP('',(#5508,#5509,#5510,#5511));
#880=EDGE_LOOP('',(#5512,#5513,#5514,#5515));
#881=EDGE_LOOP('',(#5516,#5517,#5518,#5519,#5520,#5521));
#882=EDGE_LOOP('',(#5522,#5523,#5524,#5525,#5526,#5527,#5528,#5529,#5530,
#5531,#5532,#5533,#5534,#5535));
#883=EDGE_LOOP('',(#5536,#5537,#5538,#5539));
#884=EDGE_LOOP('',(#5540,#5541,#5542,#5543));
#885=EDGE_LOOP('',(#5544,#5545,#5546,#5547,#5548,#5549,#5550,#5551,#5552,
#5553,#5554,#5555,#5556,#5557));
#886=EDGE_LOOP('',(#5558,#5559,#5560,#5561,#5562,#5563));
#887=EDGE_LOOP('',(#5564,#5565,#5566,#5567));
#888=EDGE_LOOP('',(#5568,#5569,#5570,#5571));
#889=EDGE_LOOP('',(#5572,#5573,#5574,#5575));
#890=EDGE_LOOP('',(#5576,#5577,#5578,#5579));
#891=EDGE_LOOP('',(#5580,#5581,#5582,#5583));
#892=EDGE_LOOP('',(#5584,#5585,#5586,#5587));
#893=EDGE_LOOP('',(#5588,#5589,#5590,#5591));
#894=EDGE_LOOP('',(#5592,#5593,#5594,#5595));
#895=EDGE_LOOP('',(#5596,#5597,#5598,#5599));
#896=EDGE_LOOP('',(#5600,#5601,#5602,#5603));
#897=EDGE_LOOP('',(#5604,#5605,#5606,#5607));
#898=EDGE_LOOP('',(#5608,#5609,#5610,#5611));
#899=EDGE_LOOP('',(#5612,#5613,#5614,#5615));
#900=EDGE_LOOP('',(#5616,#5617,#5618,#5619));
#901=EDGE_LOOP('',(#5620,#5621,#5622,#5623));
#902=EDGE_LOOP('',(#5624,#5625,#5626,#5627,#5628,#5629,#5630,#5631));
#903=EDGE_LOOP('',(#5632,#5633,#5634,#5635,#5636,#5637,#5638,#5639));
#904=EDGE_LOOP('',(#5640,#5641,#5642,#5643));
#905=EDGE_LOOP('',(#5644,#5645,#5646,#5647));
#906=EDGE_LOOP('',(#5648,#5649,#5650,#5651));
#907=EDGE_LOOP('',(#5652,#5653,#5654,#5655));
#908=EDGE_LOOP('',(#5656,#5657,#5658,#5659,#5660,#5661));
#909=EDGE_LOOP('',(#5662,#5663,#5664,#5665,#5666,#5667,#5668,#5669,#5670,
#5671,#5672,#5673,#5674,#5675));
#910=EDGE_LOOP('',(#5676,#5677,#5678,#5679,#5680,#5681));
#911=EDGE_LOOP('',(#5682,#5683,#5684,#5685));
#912=EDGE_LOOP('',(#5686,#5687,#5688,#5689));
#913=EDGE_LOOP('',(#5690,#5691,#5692,#5693,#5694,#5695));
#914=EDGE_LOOP('',(#5696,#5697,#5698,#5699,#5700,#5701,#5702,#5703,#5704,
#5705,#5706,#5707,#5708,#5709));
#915=EDGE_LOOP('',(#5710,#5711,#5712,#5713));
#916=EDGE_LOOP('',(#5714,#5715,#5716,#5717));
#917=EDGE_LOOP('',(#5718,#5719,#5720,#5721,#5722,#5723,#5724,#5725,#5726,
#5727,#5728,#5729,#5730,#5731));
#918=EDGE_LOOP('',(#5732,#5733,#5734,#5735));
#919=EDGE_LOOP('',(#5736,#5737,#5738,#5739));
#920=EDGE_LOOP('',(#5740,#5741,#5742,#5743));
#921=EDGE_LOOP('',(#5744,#5745,#5746,#5747));
#922=EDGE_LOOP('',(#5748,#5749,#5750,#5751));
#923=EDGE_LOOP('',(#5752,#5753,#5754,#5755));
#924=EDGE_LOOP('',(#5756,#5757,#5758,#5759));
#925=EDGE_LOOP('',(#5760,#5761,#5762,#5763));
#926=EDGE_LOOP('',(#5764,#5765,#5766,#5767));
#927=EDGE_LOOP('',(#5768,#5769,#5770,#5771,#5772,#5773));
#928=EDGE_LOOP('',(#5774,#5775,#5776,#5777));
#929=EDGE_LOOP('',(#5778,#5779,#5780,#5781));
#930=EDGE_LOOP('',(#5782,#5783,#5784,#5785,#5786,#5787,#5788,#5789));
#931=EDGE_LOOP('',(#5790,#5791,#5792,#5793));
#932=EDGE_LOOP('',(#5794,#5795,#5796,#5797,#5798,#5799,#5800,#5801,#5802,
#5803,#5804,#5805,#5806,#5807));
#933=EDGE_LOOP('',(#5808,#5809,#5810,#5811));
#934=EDGE_LOOP('',(#5812,#5813,#5814,#5815));
#935=EDGE_LOOP('',(#5816,#5817,#5818,#5819));
#936=EDGE_LOOP('',(#5820,#5821,#5822,#5823));
#937=EDGE_LOOP('',(#5824,#5825,#5826,#5827));
#938=EDGE_LOOP('',(#5828,#5829,#5830,#5831));
#939=EDGE_LOOP('',(#5832,#5833,#5834,#5835));
#940=EDGE_LOOP('',(#5836,#5837,#5838,#5839));
#941=EDGE_LOOP('',(#5840,#5841,#5842,#5843));
#942=EDGE_LOOP('',(#5844,#5845,#5846,#5847));
#943=EDGE_LOOP('',(#5848,#5849,#5850,#5851));
#944=EDGE_LOOP('',(#5852,#5853,#5854,#5855));
#945=EDGE_LOOP('',(#5856,#5857,#5858,#5859,#5860));
#946=EDGE_LOOP('',(#5861,#5862,#5863,#5864));
#947=EDGE_LOOP('',(#5865,#5866,#5867,#5868,#5869));
#948=EDGE_LOOP('',(#5870,#5871,#5872,#5873,#5874,#5875));
#949=EDGE_LOOP('',(#5876,#5877,#5878,#5879));
#950=EDGE_LOOP('',(#5880,#5881,#5882,#5883,#5884,#5885));
#951=EDGE_LOOP('',(#5886,#5887,#5888,#5889));
#952=EDGE_LOOP('',(#5890,#5891,#5892,#5893));
#953=EDGE_LOOP('',(#5894,#5895,#5896,#5897));
#954=EDGE_LOOP('',(#5898,#5899,#5900,#5901));
#955=EDGE_LOOP('',(#5902,#5903,#5904,#5905,#5906));
#956=EDGE_LOOP('',(#5907,#5908,#5909,#5910));
#957=EDGE_LOOP('',(#5911,#5912,#5913,#5914,#5915));
#958=EDGE_LOOP('',(#5916,#5917,#5918,#5919));
#959=EDGE_LOOP('',(#5920,#5921,#5922,#5923));
#960=EDGE_LOOP('',(#5924,#5925,#5926,#5927,#5928,#5929));
#961=EDGE_LOOP('',(#5930,#5931,#5932,#5933));
#962=EDGE_LOOP('',(#5934,#5935,#5936,#5937));
#963=EDGE_LOOP('',(#5938,#5939,#5940,#5941));
#964=EDGE_LOOP('',(#5942,#5943,#5944,#5945,#5946,#5947));
#965=EDGE_LOOP('',(#5948,#5949,#5950,#5951));
#966=EDGE_LOOP('',(#5952,#5953,#5954,#5955,#5956,#5957));
#967=EDGE_LOOP('',(#5958,#5959,#5960,#5961));
#968=EDGE_LOOP('',(#5962,#5963,#5964,#5965));
#969=EDGE_LOOP('',(#5966,#5967,#5968,#5969));
#970=EDGE_LOOP('',(#5970,#5971,#5972,#5973));
#971=EDGE_LOOP('',(#5974,#5975,#5976,#5977));
#972=EDGE_LOOP('',(#5978,#5979,#5980,#5981));
#973=EDGE_LOOP('',(#5982,#5983,#5984,#5985,#5986,#5987));
#974=EDGE_LOOP('',(#5988,#5989,#5990,#5991));
#975=EDGE_LOOP('',(#5992,#5993,#5994,#5995));
#976=EDGE_LOOP('',(#5996,#5997,#5998,#5999));
#977=EDGE_LOOP('',(#6000,#6001,#6002,#6003));
#978=EDGE_LOOP('',(#6004,#6005,#6006,#6007,#6008,#6009));
#979=EDGE_LOOP('',(#6010,#6011,#6012,#6013));
#980=EDGE_LOOP('',(#6014,#6015,#6016,#6017));
#981=EDGE_LOOP('',(#6018,#6019,#6020,#6021));
#982=EDGE_LOOP('',(#6022,#6023,#6024,#6025));
#983=EDGE_LOOP('',(#6026,#6027,#6028,#6029));
#984=EDGE_LOOP('',(#6030,#6031,#6032,#6033));
#985=EDGE_LOOP('',(#6034,#6035,#6036,#6037,#6038,#6039,#6040,#6041));
#986=EDGE_LOOP('',(#6042,#6043,#6044,#6045));
#987=EDGE_LOOP('',(#6046,#6047,#6048,#6049,#6050,#6051,#6052,#6053));
#988=EDGE_LOOP('',(#6054,#6055,#6056,#6057));
#989=EDGE_LOOP('',(#6058,#6059,#6060,#6061));
#990=EDGE_LOOP('',(#6062,#6063,#6064,#6065));
#991=EDGE_LOOP('',(#6066,#6067,#6068,#6069,#6070,#6071,#6072,#6073));
#992=EDGE_LOOP('',(#6074,#6075,#6076,#6077));
#993=EDGE_LOOP('',(#6078,#6079,#6080,#6081,#6082,#6083,#6084,#6085));
#994=EDGE_LOOP('',(#6086,#6087,#6088,#6089));
#995=EDGE_LOOP('',(#6090,#6091,#6092,#6093));
#996=EDGE_LOOP('',(#6094,#6095,#6096,#6097));
#997=EDGE_LOOP('',(#6098,#6099,#6100,#6101,#6102,#6103));
#998=EDGE_LOOP('',(#6104,#6105,#6106,#6107));
#999=EDGE_LOOP('',(#6108,#6109,#6110,#6111));
#1000=EDGE_LOOP('',(#6112,#6113,#6114,#6115));
#1001=EDGE_LOOP('',(#6116,#6117,#6118,#6119));
#1002=EDGE_LOOP('',(#6120,#6121,#6122,#6123));
#1003=EDGE_LOOP('',(#6124,#6125,#6126,#6127));
#1004=EDGE_LOOP('',(#6128,#6129,#6130,#6131));
#1005=EDGE_LOOP('',(#6132,#6133,#6134,#6135));
#1006=EDGE_LOOP('',(#6136,#6137,#6138,#6139));
#1007=EDGE_LOOP('',(#6140,#6141,#6142,#6143));
#1008=EDGE_LOOP('',(#6144,#6145,#6146,#6147));
#1009=EDGE_LOOP('',(#6148,#6149,#6150,#6151));
#1010=EDGE_LOOP('',(#6152,#6153,#6154,#6155));
#1011=EDGE_LOOP('',(#6156,#6157,#6158,#6159));
#1012=EDGE_LOOP('',(#6160,#6161,#6162,#6163));
#1013=EDGE_LOOP('',(#6164,#6165,#6166,#6167));
#1014=EDGE_LOOP('',(#6168,#6169,#6170,#6171));
#1015=EDGE_LOOP('',(#6172,#6173,#6174,#6175));
#1016=EDGE_LOOP('',(#6176,#6177,#6178,#6179));
#1017=EDGE_LOOP('',(#6180,#6181,#6182,#6183));
#1018=EDGE_LOOP('',(#6184,#6185,#6186,#6187));
#1019=EDGE_LOOP('',(#6188,#6189,#6190,#6191));
#1020=EDGE_LOOP('',(#6192,#6193,#6194,#6195));
#1021=EDGE_LOOP('',(#6196,#6197,#6198,#6199));
#1022=EDGE_LOOP('',(#6200,#6201,#6202,#6203));
#1023=EDGE_LOOP('',(#6204,#6205,#6206,#6207));
#1024=EDGE_LOOP('',(#6208,#6209,#6210,#6211,#6212,#6213,#6214,#6215,#6216,
#6217,#6218,#6219,#6220));
#1025=EDGE_LOOP('',(#6221,#6222,#6223,#6224));
#1026=EDGE_LOOP('',(#6225,#6226,#6227,#6228,#6229,#6230));
#1027=EDGE_LOOP('',(#6231,#6232,#6233,#6234));
#1028=EDGE_LOOP('',(#6235,#6236,#6237,#6238));
#1029=EDGE_LOOP('',(#6239,#6240,#6241,#6242));
#1030=EDGE_LOOP('',(#6243,#6244,#6245,#6246));
#1031=EDGE_LOOP('',(#6247,#6248,#6249,#6250));
#1032=EDGE_LOOP('',(#6251,#6252,#6253,#6254));
#1033=EDGE_LOOP('',(#6255,#6256,#6257,#6258));
#1034=EDGE_LOOP('',(#6259,#6260,#6261,#6262));
#1035=EDGE_LOOP('',(#6263,#6264,#6265,#6266));
#1036=EDGE_LOOP('',(#6267,#6268,#6269,#6270,#6271));
#1037=EDGE_LOOP('',(#6272,#6273,#6274,#6275));
#1038=EDGE_LOOP('',(#6276,#6277,#6278,#6279,#6280));
#1039=EDGE_LOOP('',(#6281,#6282,#6283,#6284));
#1040=EDGE_LOOP('',(#6285,#6286,#6287,#6288));
#1041=EDGE_LOOP('',(#6289,#6290,#6291,#6292));
#1042=EDGE_LOOP('',(#6293,#6294,#6295,#6296,#6297,#6298));
#1043=EDGE_LOOP('',(#6299,#6300,#6301,#6302));
#1044=EDGE_LOOP('',(#6303,#6304,#6305,#6306));
#1045=EDGE_LOOP('',(#6307,#6308,#6309,#6310));
#1046=EDGE_LOOP('',(#6311,#6312,#6313,#6314));
#1047=EDGE_LOOP('',(#6315,#6316,#6317,#6318));
#1048=EDGE_LOOP('',(#6319,#6320,#6321,#6322));
#1049=EDGE_LOOP('',(#6323,#6324,#6325,#6326));
#1050=EDGE_LOOP('',(#6327,#6328,#6329,#6330,#6331,#6332,#6333,#6334));
#1051=EDGE_LOOP('',(#6335,#6336,#6337,#6338));
#1052=EDGE_LOOP('',(#6339,#6340,#6341,#6342));
#1053=EDGE_LOOP('',(#6343,#6344,#6345,#6346));
#1054=EDGE_LOOP('',(#6347,#6348,#6349,#6350));
#1055=EDGE_LOOP('',(#6351,#6352,#6353,#6354));
#1056=EDGE_LOOP('',(#6355,#6356,#6357,#6358));
#1057=EDGE_LOOP('',(#6359,#6360,#6361,#6362));
#1058=EDGE_LOOP('',(#6363,#6364,#6365,#6366));
#1059=EDGE_LOOP('',(#6367,#6368,#6369,#6370));
#1060=EDGE_LOOP('',(#6371,#6372,#6373,#6374,#6375,#6376,#6377,#6378));
#1061=EDGE_LOOP('',(#6379,#6380,#6381,#6382));
#1062=EDGE_LOOP('',(#6383,#6384,#6385,#6386));
#1063=EDGE_LOOP('',(#6387,#6388,#6389,#6390));
#1064=EDGE_LOOP('',(#6391,#6392,#6393,#6394));
#1065=EDGE_LOOP('',(#6395,#6396,#6397,#6398));
#1066=EDGE_LOOP('',(#6399,#6400,#6401,#6402));
#1067=EDGE_LOOP('',(#6403,#6404,#6405,#6406));
#1068=EDGE_LOOP('',(#6407,#6408,#6409,#6410));
#1069=EDGE_LOOP('',(#6411,#6412,#6413,#6414,#6415,#6416,#6417,#6418));
#1070=EDGE_LOOP('',(#6419,#6420,#6421,#6422,#6423,#6424,#6425,#6426,#6427,
#6428,#6429,#6430,#6431,#6432,#6433,#6434,#6435,#6436,#6437,#6438));
#1071=EDGE_LOOP('',(#6439,#6440,#6441,#6442));
#1072=EDGE_LOOP('',(#6443,#6444,#6445,#6446));
#1073=EDGE_LOOP('',(#6447,#6448,#6449,#6450));
#1074=EDGE_LOOP('',(#6451,#6452,#6453,#6454,#6455,#6456,#6457,#6458,#6459,
#6460,#6461,#6462,#6463,#6464,#6465,#6466,#6467,#6468,#6469,#6470));
#1075=EDGE_LOOP('',(#6471,#6472,#6473,#6474));
#1076=EDGE_LOOP('',(#6475,#6476,#6477,#6478));
#1077=EDGE_LOOP('',(#6479,#6480,#6481,#6482));
#1078=EDGE_LOOP('',(#6483,#6484,#6485,#6486));
#1079=EDGE_LOOP('',(#6487,#6488,#6489,#6490));
#1080=EDGE_LOOP('',(#6491,#6492,#6493,#6494));
#1081=EDGE_LOOP('',(#6495,#6496,#6497,#6498));
#1082=EDGE_LOOP('',(#6499,#6500,#6501,#6502,#6503,#6504,#6505,#6506,#6507,
#6508,#6509,#6510,#6511,#6512,#6513,#6514,#6515,#6516,#6517,#6518));
#1083=EDGE_LOOP('',(#6519,#6520,#6521,#6522));
#1084=EDGE_LOOP('',(#6523,#6524,#6525,#6526,#6527,#6528,#6529,#6530,#6531,
#6532,#6533,#6534,#6535,#6536,#6537,#6538,#6539,#6540,#6541,#6542));
#1085=EDGE_LOOP('',(#6543,#6544,#6545,#6546));
#1086=EDGE_LOOP('',(#6547,#6548,#6549,#6550));
#1087=EDGE_LOOP('',(#6551,#6552,#6553,#6554));
#1088=EDGE_LOOP('',(#6555,#6556,#6557,#6558));
#1089=EDGE_LOOP('',(#6559,#6560,#6561,#6562));
#1090=EDGE_LOOP('',(#6563,#6564,#6565,#6566));
#1091=EDGE_LOOP('',(#6567,#6568,#6569,#6570));
#1092=EDGE_LOOP('',(#6571,#6572,#6573,#6574));
#1093=EDGE_LOOP('',(#6575,#6576,#6577,#6578));
#1094=EDGE_LOOP('',(#6579,#6580,#6581,#6582));
#1095=EDGE_LOOP('',(#6583,#6584,#6585,#6586));
#1096=EDGE_LOOP('',(#6587,#6588,#6589,#6590));
#1097=EDGE_LOOP('',(#6591,#6592,#6593,#6594));
#1098=EDGE_LOOP('',(#6595,#6596,#6597,#6598));
#1099=EDGE_LOOP('',(#6599,#6600,#6601,#6602));
#1100=EDGE_LOOP('',(#6603,#6604,#6605,#6606));
#1101=EDGE_LOOP('',(#6607,#6608,#6609,#6610));
#1102=EDGE_LOOP('',(#6611,#6612,#6613,#6614));
#1103=EDGE_LOOP('',(#6615,#6616,#6617,#6618));
#1104=EDGE_LOOP('',(#6619,#6620,#6621,#6622));
#1105=EDGE_LOOP('',(#6623,#6624,#6625,#6626));
#1106=EDGE_LOOP('',(#6627,#6628,#6629,#6630));
#1107=EDGE_LOOP('',(#6631,#6632,#6633,#6634));
#1108=EDGE_LOOP('',(#6635,#6636,#6637,#6638));
#1109=EDGE_LOOP('',(#6639,#6640,#6641,#6642));
#1110=EDGE_LOOP('',(#6643,#6644,#6645,#6646));
#1111=EDGE_LOOP('',(#6647,#6648,#6649,#6650));
#1112=EDGE_LOOP('',(#6651,#6652,#6653,#6654));
#1113=EDGE_LOOP('',(#6655,#6656,#6657,#6658));
#1114=EDGE_LOOP('',(#6659,#6660,#6661,#6662));
#1115=EDGE_LOOP('',(#6663,#6664,#6665,#6666));
#1116=EDGE_LOOP('',(#6667,#6668,#6669,#6670));
#1117=EDGE_LOOP('',(#6671,#6672,#6673,#6674));
#1118=EDGE_LOOP('',(#6675,#6676,#6677,#6678));
#1119=EDGE_LOOP('',(#6679,#6680,#6681,#6682));
#1120=EDGE_LOOP('',(#6683,#6684,#6685,#6686,#6687,#6688,#6689,#6690));
#1121=EDGE_LOOP('',(#6691,#6692,#6693,#6694));
#1122=EDGE_LOOP('',(#6695,#6696,#6697,#6698));
#1123=EDGE_LOOP('',(#6699,#6700,#6701,#6702));
#1124=EDGE_LOOP('',(#6703,#6704,#6705,#6706));
#1125=EDGE_LOOP('',(#6707,#6708,#6709,#6710));
#1126=EDGE_LOOP('',(#6711,#6712,#6713,#6714));
#1127=EDGE_LOOP('',(#6715,#6716,#6717,#6718));
#1128=EDGE_LOOP('',(#6719,#6720,#6721,#6722));
#1129=EDGE_LOOP('',(#6723,#6724,#6725,#6726,#6727,#6728,#6729,#6730));
#1130=EDGE_LOOP('',(#6731,#6732,#6733,#6734));
#1131=EDGE_LOOP('',(#6735,#6736,#6737,#6738));
#1132=EDGE_LOOP('',(#6739,#6740,#6741,#6742));
#1133=EDGE_LOOP('',(#6743,#6744,#6745,#6746));
#1134=EDGE_LOOP('',(#6747,#6748,#6749,#6750));
#1135=EDGE_LOOP('',(#6751,#6752,#6753,#6754));
#1136=EDGE_LOOP('',(#6755,#6756,#6757,#6758));
#1137=EDGE_LOOP('',(#6759,#6760,#6761,#6762));
#1138=EDGE_LOOP('',(#6763,#6764,#6765,#6766,#6767,#6768,#6769,#6770));
#1139=EDGE_LOOP('',(#6771,#6772,#6773,#6774));
#1140=EDGE_LOOP('',(#6775,#6776,#6777,#6778));
#1141=EDGE_LOOP('',(#6779,#6780,#6781,#6782));
#1142=EDGE_LOOP('',(#6783,#6784,#6785,#6786));
#1143=EDGE_LOOP('',(#6787,#6788,#6789,#6790));
#1144=EDGE_LOOP('',(#6791,#6792,#6793,#6794));
#1145=EDGE_LOOP('',(#6795,#6796,#6797,#6798));
#1146=EDGE_LOOP('',(#6799,#6800,#6801,#6802));
#1147=EDGE_LOOP('',(#6803,#6804,#6805,#6806,#6807,#6808,#6809,#6810));
#1148=EDGE_LOOP('',(#6811,#6812,#6813,#6814));
#1149=EDGE_LOOP('',(#6815,#6816,#6817,#6818,#6819,#6820,#6821,#6822));
#1150=EDGE_LOOP('',(#6823,#6824,#6825,#6826));
#1151=EDGE_LOOP('',(#6827,#6828,#6829,#6830));
#1152=EDGE_LOOP('',(#6831,#6832,#6833,#6834));
#1153=EDGE_LOOP('',(#6835,#6836,#6837,#6838));
#1154=EDGE_LOOP('',(#6839,#6840,#6841,#6842));
#1155=EDGE_LOOP('',(#6843,#6844,#6845,#6846));
#1156=EDGE_LOOP('',(#6847,#6848,#6849,#6850));
#1157=LINE('',#10210,#2021);
#1158=LINE('',#10212,#2022);
#1159=LINE('',#10214,#2023);
#1160=LINE('',#10216,#2024);
#1161=LINE('',#10217,#2025);
#1162=LINE('',#10220,#2026);
#1163=LINE('',#10222,#2027);
#1164=LINE('',#10224,#2028);
#1165=LINE('',#10226,#2029);
#1166=LINE('',#10227,#2030);
#1167=LINE('',#10231,#2031);
#1168=LINE('',#10233,#2032);
#1169=LINE('',#10235,#2033);
#1170=LINE('',#10237,#2034);
#1171=LINE('',#10239,#2035);
#1172=LINE('',#10241,#2036);
#1173=LINE('',#10243,#2037);
#1174=LINE('',#10245,#2038);
#1175=LINE('',#10247,#2039);
#1176=LINE('',#10249,#2040);
#1177=LINE('',#10251,#2041);
#1178=LINE('',#10253,#2042);
#1179=LINE('',#10255,#2043);
#1180=LINE('',#10257,#2044);
#1181=LINE('',#10259,#2045);
#1182=LINE('',#10261,#2046);
#1183=LINE('',#10263,#2047);
#1184=LINE('',#10265,#2048);
#1185=LINE('',#10266,#2049);
#1186=LINE('',#10268,#2050);
#1187=LINE('',#10270,#2051);
#1188=LINE('',#10272,#2052);
#1189=LINE('',#10274,#2053);
#1190=LINE('',#10276,#2054);
#1191=LINE('',#10278,#2055);
#1192=LINE('',#10280,#2056);
#1193=LINE('',#10282,#2057);
#1194=LINE('',#10284,#2058);
#1195=LINE('',#10286,#2059);
#1196=LINE('',#10288,#2060);
#1197=LINE('',#10290,#2061);
#1198=LINE('',#10292,#2062);
#1199=LINE('',#10294,#2063);
#1200=LINE('',#10296,#2064);
#1201=LINE('',#10298,#2065);
#1202=LINE('',#10300,#2066);
#1203=LINE('',#10302,#2067);
#1204=LINE('',#10304,#2068);
#1205=LINE('',#10306,#2069);
#1206=LINE('',#10308,#2070);
#1207=LINE('',#10310,#2071);
#1208=LINE('',#10312,#2072);
#1209=LINE('',#10314,#2073);
#1210=LINE('',#10316,#2074);
#1211=LINE('',#10318,#2075);
#1212=LINE('',#10320,#2076);
#1213=LINE('',#10321,#2077);
#1214=LINE('',#10326,#2078);
#1215=LINE('',#10330,#2079);
#1216=LINE('',#10334,#2080);
#1217=LINE('',#10337,#2081);
#1218=LINE('',#10342,#2082);
#1219=LINE('',#10346,#2083);
#1220=LINE('',#10350,#2084);
#1221=LINE('',#10353,#2085);
#1222=LINE('',#10358,#2086);
#1223=LINE('',#10362,#2087);
#1224=LINE('',#10366,#2088);
#1225=LINE('',#10369,#2089);
#1226=LINE('',#10372,#2090);
#1227=LINE('',#10374,#2091);
#1228=LINE('',#10376,#2092);
#1229=LINE('',#10377,#2093);
#1230=LINE('',#10380,#2094);
#1231=LINE('',#10384,#2095);
#1232=LINE('',#10388,#2096);
#1233=LINE('',#10392,#2097);
#1234=LINE('',#10398,#2098);
#1235=LINE('',#10402,#2099);
#1236=LINE('',#10406,#2100);
#1237=LINE('',#10409,#2101);
#1238=LINE('',#10414,#2102);
#1239=LINE('',#10418,#2103);
#1240=LINE('',#10422,#2104);
#1241=LINE('',#10425,#2105);
#1242=LINE('',#10428,#2106);
#1243=LINE('',#10432,#2107);
#1244=LINE('',#10436,#2108);
#1245=LINE('',#10440,#2109);
#1246=LINE('',#10446,#2110);
#1247=LINE('',#10450,#2111);
#1248=LINE('',#10454,#2112);
#1249=LINE('',#10457,#2113);
#1250=LINE('',#10460,#2114);
#1251=LINE('',#10462,#2115);
#1252=LINE('',#10464,#2116);
#1253=LINE('',#10465,#2117);
#1254=LINE('',#10468,#2118);
#1255=LINE('',#10470,#2119);
#1256=LINE('',#10474,#2120);
#1257=LINE('',#10477,#2121);
#1258=LINE('',#10479,#2122);
#1259=LINE('',#10482,#2123);
#1260=LINE('',#10484,#2124);
#1261=LINE('',#10488,#2125);
#1262=LINE('',#10492,#2126);
#1263=LINE('',#10494,#2127);
#1264=LINE('',#10496,#2128);
#1265=LINE('',#10497,#2129);
#1266=LINE('',#10502,#2130);
#1267=LINE('',#10504,#2131);
#1268=LINE('',#10506,#2132);
#1269=LINE('',#10507,#2133);
#1270=LINE('',#10510,#2134);
#1271=LINE('',#10512,#2135);
#1272=LINE('',#10515,#2136);
#1273=LINE('',#10518,#2137);
#1274=LINE('',#10519,#2138);
#1275=LINE('',#10521,#2139);
#1276=LINE('',#10525,#2140);
#1277=LINE('',#10527,#2141);
#1278=LINE('',#10529,#2142);
#1279=LINE('',#10531,#2143);
#1280=LINE('',#10533,#2144);
#1281=LINE('',#10535,#2145);
#1282=LINE('',#10537,#2146);
#1283=LINE('',#10539,#2147);
#1284=LINE('',#10541,#2148);
#1285=LINE('',#10543,#2149);
#1286=LINE('',#10545,#2150);
#1287=LINE('',#10546,#2151);
#1288=LINE('',#10548,#2152);
#1289=LINE('',#10550,#2153);
#1290=LINE('',#10552,#2154);
#1291=LINE('',#10554,#2155);
#1292=LINE('',#10556,#2156);
#1293=LINE('',#10557,#2157);
#1294=LINE('',#10560,#2158);
#1295=LINE('',#10562,#2159);
#1296=LINE('',#10564,#2160);
#1297=LINE('',#10565,#2161);
#1298=LINE('',#10569,#2162);
#1299=LINE('',#10571,#2163);
#1300=LINE('',#10573,#2164);
#1301=LINE('',#10575,#2165);
#1302=LINE('',#10577,#2166);
#1303=LINE('',#10579,#2167);
#1304=LINE('',#10581,#2168);
#1305=LINE('',#10583,#2169);
#1306=LINE('',#10585,#2170);
#1307=LINE('',#10587,#2171);
#1308=LINE('',#10589,#2172);
#1309=LINE('',#10591,#2173);
#1310=LINE('',#10593,#2174);
#1311=LINE('',#10595,#2175);
#1312=LINE('',#10597,#2176);
#1313=LINE('',#10599,#2177);
#1314=LINE('',#10601,#2178);
#1315=LINE('',#10603,#2179);
#1316=LINE('',#10605,#2180);
#1317=LINE('',#10607,#2181);
#1318=LINE('',#10609,#2182);
#1319=LINE('',#10613,#2183);
#1320=LINE('',#10615,#2184);
#1321=LINE('',#10617,#2185);
#1322=LINE('',#10619,#2186);
#1323=LINE('',#10620,#2187);
#1324=LINE('',#10623,#2188);
#1325=LINE('',#10625,#2189);
#1326=LINE('',#10627,#2190);
#1327=LINE('',#10629,#2191);
#1328=LINE('',#10631,#2192);
#1329=LINE('',#10632,#2193);
#1330=LINE('',#10635,#2194);
#1331=LINE('',#10637,#2195);
#1332=LINE('',#10639,#2196);
#1333=LINE('',#10641,#2197);
#1334=LINE('',#10643,#2198);
#1335=LINE('',#10644,#2199);
#1336=LINE('',#10647,#2200);
#1337=LINE('',#10649,#2201);
#1338=LINE('',#10651,#2202);
#1339=LINE('',#10653,#2203);
#1340=LINE('',#10655,#2204);
#1341=LINE('',#10657,#2205);
#1342=LINE('',#10659,#2206);
#1343=LINE('',#10661,#2207);
#1344=LINE('',#10663,#2208);
#1345=LINE('',#10665,#2209);
#1346=LINE('',#10667,#2210);
#1347=LINE('',#10669,#2211);
#1348=LINE('',#10670,#2212);
#1349=LINE('',#10673,#2213);
#1350=LINE('',#10675,#2214);
#1351=LINE('',#10677,#2215);
#1352=LINE('',#10679,#2216);
#1353=LINE('',#10681,#2217);
#1354=LINE('',#10682,#2218);
#1355=LINE('',#10685,#2219);
#1356=LINE('',#10687,#2220);
#1357=LINE('',#10689,#2221);
#1358=LINE('',#10691,#2222);
#1359=LINE('',#10693,#2223);
#1360=LINE('',#10694,#2224);
#1361=LINE('',#10697,#2225);
#1362=LINE('',#10699,#2226);
#1363=LINE('',#10700,#2227);
#1364=LINE('',#10703,#2228);
#1365=LINE('',#10705,#2229);
#1366=LINE('',#10707,#2230);
#1367=LINE('',#10708,#2231);
#1368=LINE('',#10711,#2232);
#1369=LINE('',#10712,#2233);
#1370=LINE('',#10715,#2234);
#1371=LINE('',#10716,#2235);
#1372=LINE('',#10719,#2236);
#1373=LINE('',#10720,#2237);
#1374=LINE('',#10722,#2238);
#1375=LINE('',#10724,#2239);
#1376=LINE('',#10726,#2240);
#1377=LINE('',#10728,#2241);
#1378=LINE('',#10730,#2242);
#1379=LINE('',#10731,#2243);
#1380=LINE('',#10734,#2244);
#1381=LINE('',#10736,#2245);
#1382=LINE('',#10738,#2246);
#1383=LINE('',#10739,#2247);
#1384=LINE('',#10741,#2248);
#1385=LINE('',#10743,#2249);
#1386=LINE('',#10746,#2250);
#1387=LINE('',#10748,#2251);
#1388=LINE('',#10749,#2252);
#1389=LINE('',#10751,#2253);
#1390=LINE('',#10753,#2254);
#1391=LINE('',#10755,#2255);
#1392=LINE('',#10757,#2256);
#1393=LINE('',#10758,#2257);
#1394=LINE('',#10760,#2258);
#1395=LINE('',#10762,#2259);
#1396=LINE('',#10764,#2260);
#1397=LINE('',#10765,#2261);
#1398=LINE('',#10767,#2262);
#1399=LINE('',#10769,#2263);
#1400=LINE('',#10771,#2264);
#1401=LINE('',#10772,#2265);
#1402=LINE('',#10774,#2266);
#1403=LINE('',#10776,#2267);
#1404=LINE('',#10777,#2268);
#1405=LINE('',#10779,#2269);
#1406=LINE('',#10782,#2270);
#1407=LINE('',#10784,#2271);
#1408=LINE('',#10787,#2272);
#1409=LINE('',#10789,#2273);
#1410=LINE('',#10791,#2274);
#1411=LINE('',#10797,#2275);
#1412=LINE('',#10798,#2276);
#1413=LINE('',#10801,#2277);
#1414=LINE('',#10804,#2278);
#1415=LINE('',#10806,#2279);
#1416=LINE('',#10808,#2280);
#1417=LINE('',#10810,#2281);
#1418=LINE('',#10811,#2282);
#1419=LINE('',#10816,#2283);
#1420=LINE('',#10818,#2284);
#1421=LINE('',#10819,#2285);
#1422=LINE('',#10820,#2286);
#1423=LINE('',#10825,#2287);
#1424=LINE('',#10826,#2288);
#1425=LINE('',#10828,#2289);
#1426=LINE('',#10830,#2290);
#1427=LINE('',#10832,#2291);
#1428=LINE('',#10835,#2292);
#1429=LINE('',#10838,#2293);
#1430=LINE('',#10842,#2294);
#1431=LINE('',#10843,#2295);
#1432=LINE('',#10847,#2296);
#1433=LINE('',#10849,#2297);
#1434=LINE('',#10852,#2298);
#1435=LINE('',#10854,#2299);
#1436=LINE('',#10858,#2300);
#1437=LINE('',#10861,#2301);
#1438=LINE('',#10864,#2302);
#1439=LINE('',#10866,#2303);
#1440=LINE('',#10867,#2304);
#1441=LINE('',#10870,#2305);
#1442=LINE('',#10871,#2306);
#1443=LINE('',#10874,#2307);
#1444=LINE('',#10875,#2308);
#1445=LINE('',#10879,#2309);
#1446=LINE('',#10882,#2310);
#1447=LINE('',#10883,#2311);
#1448=LINE('',#10889,#2312);
#1449=LINE('',#10890,#2313);
#1450=LINE('',#10894,#2314);
#1451=LINE('',#10896,#2315);
#1452=LINE('',#10899,#2316);
#1453=LINE('',#10901,#2317);
#1454=LINE('',#10902,#2318);
#1455=LINE('',#10906,#2319);
#1456=LINE('',#10907,#2320);
#1457=LINE('',#10911,#2321);
#1458=LINE('',#10913,#2322);
#1459=LINE('',#10915,#2323);
#1460=LINE('',#10917,#2324);
#1461=LINE('',#10919,#2325);
#1462=LINE('',#10921,#2326);
#1463=LINE('',#10923,#2327);
#1464=LINE('',#10925,#2328);
#1465=LINE('',#10927,#2329);
#1466=LINE('',#10928,#2330);
#1467=LINE('',#10930,#2331);
#1468=LINE('',#10931,#2332);
#1469=LINE('',#10933,#2333);
#1470=LINE('',#10935,#2334);
#1471=LINE('',#10936,#2335);
#1472=LINE('',#10938,#2336);
#1473=LINE('',#10940,#2337);
#1474=LINE('',#10941,#2338);
#1475=LINE('',#10943,#2339);
#1476=LINE('',#10945,#2340);
#1477=LINE('',#10946,#2341);
#1478=LINE('',#10948,#2342);
#1479=LINE('',#10950,#2343);
#1480=LINE('',#10952,#2344);
#1481=LINE('',#10954,#2345);
#1482=LINE('',#10956,#2346);
#1483=LINE('',#10958,#2347);
#1484=LINE('',#10960,#2348);
#1485=LINE('',#10962,#2349);
#1486=LINE('',#10963,#2350);
#1487=LINE('',#10966,#2351);
#1488=LINE('',#10968,#2352);
#1489=LINE('',#10969,#2353);
#1490=LINE('',#10972,#2354);
#1491=LINE('',#10973,#2355);
#1492=LINE('',#10976,#2356);
#1493=LINE('',#10977,#2357);
#1494=LINE('',#10979,#2358);
#1495=LINE('',#10981,#2359);
#1496=LINE('',#10982,#2360);
#1497=LINE('',#10985,#2361);
#1498=LINE('',#10986,#2362);
#1499=LINE('',#10988,#2363);
#1500=LINE('',#10991,#2364);
#1501=LINE('',#10992,#2365);
#1502=LINE('',#10995,#2366);
#1503=LINE('',#10996,#2367);
#1504=LINE('',#10999,#2368);
#1505=LINE('',#11000,#2369);
#1506=LINE('',#11003,#2370);
#1507=LINE('',#11004,#2371);
#1508=LINE('',#11006,#2372);
#1509=LINE('',#11010,#2373);
#1510=LINE('',#11012,#2374);
#1511=LINE('',#11013,#2375);
#1512=LINE('',#11016,#2376);
#1513=LINE('',#11017,#2377);
#1514=LINE('',#11018,#2378);
#1515=LINE('',#11021,#2379);
#1516=LINE('',#11022,#2380);
#1517=LINE('',#11025,#2381);
#1518=LINE('',#11026,#2382);
#1519=LINE('',#11027,#2383);
#1520=LINE('',#11031,#2384);
#1521=LINE('',#11033,#2385);
#1522=LINE('',#11035,#2386);
#1523=LINE('',#11036,#2387);
#1524=LINE('',#11038,#2388);
#1525=LINE('',#11040,#2389);
#1526=LINE('',#11042,#2390);
#1527=LINE('',#11045,#2391);
#1528=LINE('',#11049,#2392);
#1529=LINE('',#11050,#2393);
#1530=LINE('',#11053,#2394);
#1531=LINE('',#11055,#2395);
#1532=LINE('',#11056,#2396);
#1533=LINE('',#11060,#2397);
#1534=LINE('',#11063,#2398);
#1535=LINE('',#11064,#2399);
#1536=LINE('',#11069,#2400);
#1537=LINE('',#11071,#2401);
#1538=LINE('',#11072,#2402);
#1539=LINE('',#11073,#2403);
#1540=LINE('',#11078,#2404);
#1541=LINE('',#11082,#2405);
#1542=LINE('',#11084,#2406);
#1543=LINE('',#11086,#2407);
#1544=LINE('',#11088,#2408);
#1545=LINE('',#11090,#2409);
#1546=LINE('',#11091,#2410);
#1547=LINE('',#11094,#2411);
#1548=LINE('',#11095,#2412);
#1549=LINE('',#11099,#2413);
#1550=LINE('',#11100,#2414);
#1551=LINE('',#11102,#2415);
#1552=LINE('',#11104,#2416);
#1553=LINE('',#11106,#2417);
#1554=LINE('',#11107,#2418);
#1555=LINE('',#11111,#2419);
#1556=LINE('',#11113,#2420);
#1557=LINE('',#11114,#2421);
#1558=LINE('',#11115,#2422);
#1559=LINE('',#11116,#2423);
#1560=LINE('',#11118,#2424);
#1561=LINE('',#11119,#2425);
#1562=LINE('',#11121,#2426);
#1563=LINE('',#11124,#2427);
#1564=LINE('',#11126,#2428);
#1565=LINE('',#11128,#2429);
#1566=LINE('',#11129,#2430);
#1567=LINE('',#11132,#2431);
#1568=LINE('',#11134,#2432);
#1569=LINE('',#11136,#2433);
#1570=LINE('',#11137,#2434);
#1571=LINE('',#11141,#2435);
#1572=LINE('',#11143,#2436);
#1573=LINE('',#11144,#2437);
#1574=LINE('',#11145,#2438);
#1575=LINE('',#11146,#2439);
#1576=LINE('',#11149,#2440);
#1577=LINE('',#11151,#2441);
#1578=LINE('',#11155,#2442);
#1579=LINE('',#11157,#2443);
#1580=LINE('',#11161,#2444);
#1581=LINE('',#11163,#2445);
#1582=LINE('',#11167,#2446);
#1583=LINE('',#11169,#2447);
#1584=LINE('',#11172,#2448);
#1585=LINE('',#11173,#2449);
#1586=LINE('',#11175,#2450);
#1587=LINE('',#11176,#2451);
#1588=LINE('',#11179,#2452);
#1589=LINE('',#11180,#2453);
#1590=LINE('',#11184,#2454);
#1591=LINE('',#11187,#2455);
#1592=LINE('',#11188,#2456);
#1593=LINE('',#11191,#2457);
#1594=LINE('',#11192,#2458);
#1595=LINE('',#11196,#2459);
#1596=LINE('',#11199,#2460);
#1597=LINE('',#11200,#2461);
#1598=LINE('',#11205,#2462);
#1599=LINE('',#11207,#2463);
#1600=LINE('',#11210,#2464);
#1601=LINE('',#11212,#2465);
#1602=LINE('',#11214,#2466);
#1603=LINE('',#11216,#2467);
#1604=LINE('',#11218,#2468);
#1605=LINE('',#11221,#2469);
#1606=LINE('',#11224,#2470);
#1607=LINE('',#11226,#2471);
#1608=LINE('',#11227,#2472);
#1609=LINE('',#11228,#2473);
#1610=LINE('',#11231,#2474);
#1611=LINE('',#11233,#2475);
#1612=LINE('',#11237,#2476);
#1613=LINE('',#11239,#2477);
#1614=LINE('',#11243,#2478);
#1615=LINE('',#11245,#2479);
#1616=LINE('',#11249,#2480);
#1617=LINE('',#11251,#2481);
#1618=LINE('',#11255,#2482);
#1619=LINE('',#11256,#2483);
#1620=LINE('',#11259,#2484);
#1621=LINE('',#11263,#2485);
#1622=LINE('',#11265,#2486);
#1623=LINE('',#11267,#2487);
#1624=LINE('',#11271,#2488);
#1625=LINE('',#11273,#2489);
#1626=LINE('',#11277,#2490);
#1627=LINE('',#11279,#2491);
#1628=LINE('',#11282,#2492);
#1629=LINE('',#11283,#2493);
#1630=LINE('',#11286,#2494);
#1631=LINE('',#11288,#2495);
#1632=LINE('',#11290,#2496);
#1633=LINE('',#11292,#2497);
#1634=LINE('',#11294,#2498);
#1635=LINE('',#11296,#2499);
#1636=LINE('',#11298,#2500);
#1637=LINE('',#11300,#2501);
#1638=LINE('',#11307,#2502);
#1639=LINE('',#11308,#2503);
#1640=LINE('',#11311,#2504);
#1641=LINE('',#11312,#2505);
#1642=LINE('',#11316,#2506);
#1643=LINE('',#11318,#2507);
#1644=LINE('',#11319,#2508);
#1645=LINE('',#11321,#2509);
#1646=LINE('',#11322,#2510);
#1647=LINE('',#11325,#2511);
#1648=LINE('',#11327,#2512);
#1649=LINE('',#11329,#2513);
#1650=LINE('',#11331,#2514);
#1651=LINE('',#11332,#2515);
#1652=LINE('',#11333,#2516);
#1653=LINE('',#11335,#2517);
#1654=LINE('',#11339,#2518);
#1655=LINE('',#11341,#2519);
#1656=LINE('',#11343,#2520);
#1657=LINE('',#11344,#2521);
#1658=LINE('',#11347,#2522);
#1659=LINE('',#11349,#2523);
#1660=LINE('',#11351,#2524);
#1661=LINE('',#11352,#2525);
#1662=LINE('',#11354,#2526);
#1663=LINE('',#11356,#2527);
#1664=LINE('',#11358,#2528);
#1665=LINE('',#11360,#2529);
#1666=LINE('',#11361,#2530);
#1667=LINE('',#11366,#2531);
#1668=LINE('',#11368,#2532);
#1669=LINE('',#11372,#2533);
#1670=LINE('',#11374,#2534);
#1671=LINE('',#11378,#2535);
#1672=LINE('',#11380,#2536);
#1673=LINE('',#11384,#2537);
#1674=LINE('',#11385,#2538);
#1675=LINE('',#11388,#2539);
#1676=LINE('',#11390,#2540);
#1677=LINE('',#11391,#2541);
#1678=LINE('',#11392,#2542);
#1679=LINE('',#11396,#2543);
#1680=LINE('',#11397,#2544);
#1681=LINE('',#11399,#2545);
#1682=LINE('',#11401,#2546);
#1683=LINE('',#11403,#2547);
#1684=LINE('',#11404,#2548);
#1685=LINE('',#11410,#2549);
#1686=LINE('',#11412,#2550);
#1687=LINE('',#11416,#2551);
#1688=LINE('',#11418,#2552);
#1689=LINE('',#11422,#2553);
#1690=LINE('',#11424,#2554);
#1691=LINE('',#11427,#2555);
#1692=LINE('',#11428,#2556);
#1693=LINE('',#11431,#2557);
#1694=LINE('',#11434,#2558);
#1695=LINE('',#11436,#2559);
#1696=LINE('',#11439,#2560);
#1697=LINE('',#11441,#2561);
#1698=LINE('',#11445,#2562);
#1699=LINE('',#11447,#2563);
#1700=LINE('',#11451,#2564);
#1701=LINE('',#11453,#2565);
#1702=LINE('',#11457,#2566);
#1703=LINE('',#11458,#2567);
#1704=LINE('',#11460,#2568);
#1705=LINE('',#11462,#2569);
#1706=LINE('',#11464,#2570);
#1707=LINE('',#11466,#2571);
#1708=LINE('',#11468,#2572);
#1709=LINE('',#11470,#2573);
#1710=LINE('',#11472,#2574);
#1711=LINE('',#11474,#2575);
#1712=LINE('',#11476,#2576);
#1713=LINE('',#11478,#2577);
#1714=LINE('',#11479,#2578);
#1715=LINE('',#11482,#2579);
#1716=LINE('',#11484,#2580);
#1717=LINE('',#11485,#2581);
#1718=LINE('',#11489,#2582);
#1719=LINE('',#11493,#2583);
#1720=LINE('',#11495,#2584);
#1721=LINE('',#11499,#2585);
#1722=LINE('',#11501,#2586);
#1723=LINE('',#11505,#2587);
#1724=LINE('',#11507,#2588);
#1725=LINE('',#11510,#2589);
#1726=LINE('',#11512,#2590);
#1727=LINE('',#11514,#2591);
#1728=LINE('',#11516,#2592);
#1729=LINE('',#11518,#2593);
#1730=LINE('',#11520,#2594);
#1731=LINE('',#11522,#2595);
#1732=LINE('',#11524,#2596);
#1733=LINE('',#11526,#2597);
#1734=LINE('',#11528,#2598);
#1735=LINE('',#11531,#2599);
#1736=LINE('',#11538,#2600);
#1737=LINE('',#11540,#2601);
#1738=LINE('',#11542,#2602);
#1739=LINE('',#11543,#2603);
#1740=LINE('',#11546,#2604);
#1741=LINE('',#11547,#2605);
#1742=LINE('',#11550,#2606);
#1743=LINE('',#11552,#2607);
#1744=LINE('',#11553,#2608);
#1745=LINE('',#11555,#2609);
#1746=LINE('',#11557,#2610);
#1747=LINE('',#11560,#2611);
#1748=LINE('',#11563,#2612);
#1749=LINE('',#11564,#2613);
#1750=LINE('',#11567,#2614);
#1751=LINE('',#11568,#2615);
#1752=LINE('',#11570,#2616);
#1753=LINE('',#11572,#2617);
#1754=LINE('',#11573,#2618);
#1755=LINE('',#11577,#2619);
#1756=LINE('',#11578,#2620);
#1757=LINE('',#11581,#2621);
#1758=LINE('',#11583,#2622);
#1759=LINE('',#11584,#2623);
#1760=LINE('',#11586,#2624);
#1761=LINE('',#11588,#2625);
#1762=LINE('',#11593,#2626);
#1763=LINE('',#11595,#2627);
#1764=LINE('',#11596,#2628);
#1765=LINE('',#11597,#2629);
#1766=LINE('',#11601,#2630);
#1767=LINE('',#11602,#2631);
#1768=LINE('',#11603,#2632);
#1769=LINE('',#11606,#2633);
#1770=LINE('',#11607,#2634);
#1771=LINE('',#11608,#2635);
#1772=LINE('',#11610,#2636);
#1773=LINE('',#11615,#2637);
#1774=LINE('',#11617,#2638);
#1775=LINE('',#11618,#2639);
#1776=LINE('',#11621,#2640);
#1777=LINE('',#11622,#2641);
#1778=LINE('',#11625,#2642);
#1779=LINE('',#11626,#2643);
#1780=LINE('',#11629,#2644);
#1781=LINE('',#11631,#2645);
#1782=LINE('',#11632,#2646);
#1783=LINE('',#11634,#2647);
#1784=LINE('',#11636,#2648);
#1785=LINE('',#11641,#2649);
#1786=LINE('',#11642,#2650);
#1787=LINE('',#11643,#2651);
#1788=LINE('',#11647,#2652);
#1789=LINE('',#11649,#2653);
#1790=LINE('',#11650,#2654);
#1791=LINE('',#11652,#2655);
#1792=LINE('',#11653,#2656);
#1793=LINE('',#11656,#2657);
#1794=LINE('',#11658,#2658);
#1795=LINE('',#11660,#2659);
#1796=LINE('',#11661,#2660);
#1797=LINE('',#11663,#2661);
#1798=LINE('',#11664,#2662);
#1799=LINE('',#11666,#2663);
#1800=LINE('',#11669,#2664);
#1801=LINE('',#11674,#2665);
#1802=LINE('',#11677,#2666);
#1803=LINE('',#11679,#2667);
#1804=LINE('',#11683,#2668);
#1805=LINE('',#11684,#2669);
#1806=LINE('',#11688,#2670);
#1807=LINE('',#11689,#2671);
#1808=LINE('',#11690,#2672);
#1809=LINE('',#11694,#2673);
#1810=LINE('',#11697,#2674);
#1811=LINE('',#11699,#2675);
#1812=LINE('',#11701,#2676);
#1813=LINE('',#11703,#2677);
#1814=LINE('',#11704,#2678);
#1815=LINE('',#11708,#2679);
#1816=LINE('',#11710,#2680);
#1817=LINE('',#11712,#2681);
#1818=LINE('',#11713,#2682);
#1819=LINE('',#11717,#2683);
#1820=LINE('',#11721,#2684);
#1821=LINE('',#11723,#2685);
#1822=LINE('',#11725,#2686);
#1823=LINE('',#11728,#2687);
#1824=LINE('',#11731,#2688);
#1825=LINE('',#11732,#2689);
#1826=LINE('',#11735,#2690);
#1827=LINE('',#11739,#2691);
#1828=LINE('',#11741,#2692);
#1829=LINE('',#11743,#2693);
#1830=LINE('',#11746,#2694);
#1831=LINE('',#11748,#2695);
#1832=LINE('',#11750,#2696);
#1833=LINE('',#11754,#2697);
#1834=LINE('',#11756,#2698);
#1835=LINE('',#11758,#2699);
#1836=LINE('',#11760,#2700);
#1837=LINE('',#11762,#2701);
#1838=LINE('',#11763,#2702);
#1839=LINE('',#11764,#2703);
#1840=LINE('',#11766,#2704);
#1841=LINE('',#11767,#2705);
#1842=LINE('',#11769,#2706);
#1843=LINE('',#11771,#2707);
#1844=LINE('',#11773,#2708);
#1845=LINE('',#11775,#2709);
#1846=LINE('',#11778,#2710);
#1847=LINE('',#11781,#2711);
#1848=LINE('',#11784,#2712);
#1849=LINE('',#11788,#2713);
#1850=LINE('',#11790,#2714);
#1851=LINE('',#11791,#2715);
#1852=LINE('',#11794,#2716);
#1853=LINE('',#11795,#2717);
#1854=LINE('',#11798,#2718);
#1855=LINE('',#11799,#2719);
#1856=LINE('',#11802,#2720);
#1857=LINE('',#11803,#2721);
#1858=LINE('',#11806,#2722);
#1859=LINE('',#11807,#2723);
#1860=LINE('',#11810,#2724);
#1861=LINE('',#11811,#2725);
#1862=LINE('',#11814,#2726);
#1863=LINE('',#11815,#2727);
#1864=LINE('',#11818,#2728);
#1865=LINE('',#11819,#2729);
#1866=LINE('',#11822,#2730);
#1867=LINE('',#11823,#2731);
#1868=LINE('',#11826,#2732);
#1869=LINE('',#11827,#2733);
#1870=LINE('',#11830,#2734);
#1871=LINE('',#11831,#2735);
#1872=LINE('',#11834,#2736);
#1873=LINE('',#11835,#2737);
#1874=LINE('',#11837,#2738);
#1875=LINE('',#11842,#2739);
#1876=LINE('',#11843,#2740);
#1877=LINE('',#11844,#2741);
#1878=LINE('',#11847,#2742);
#1879=LINE('',#11849,#2743);
#1880=LINE('',#11851,#2744);
#1881=LINE('',#11853,#2745);
#1882=LINE('',#11854,#2746);
#1883=LINE('',#11856,#2747);
#1884=LINE('',#11858,#2748);
#1885=LINE('',#11860,#2749);
#1886=LINE('',#11862,#2750);
#1887=LINE('',#11866,#2751);
#1888=LINE('',#11867,#2752);
#1889=LINE('',#11871,#2753);
#1890=LINE('',#11873,#2754);
#1891=LINE('',#11877,#2755);
#1892=LINE('',#11879,#2756);
#1893=LINE('',#11880,#2757);
#1894=LINE('',#11883,#2758);
#1895=LINE('',#11884,#2759);
#1896=LINE('',#11887,#2760);
#1897=LINE('',#11888,#2761);
#1898=LINE('',#11892,#2762);
#1899=LINE('',#11895,#2763);
#1900=LINE('',#11896,#2764);
#1901=LINE('',#11908,#2765);
#1902=LINE('',#11916,#2766);
#1903=LINE('',#11924,#2767);
#1904=LINE('',#11931,#2768);
#1905=LINE('',#11941,#2769);
#1906=LINE('',#11949,#2770);
#1907=LINE('',#11957,#2771);
#1908=LINE('',#11964,#2772);
#1909=LINE('',#11974,#2773);
#1910=LINE('',#11982,#2774);
#1911=LINE('',#11990,#2775);
#1912=LINE('',#11997,#2776);
#1913=LINE('',#12002,#2777);
#1914=LINE('',#12004,#2778);
#1915=LINE('',#12006,#2779);
#1916=LINE('',#12008,#2780);
#1917=LINE('',#12011,#2781);
#1918=LINE('',#12013,#2782);
#1919=LINE('',#12017,#2783);
#1920=LINE('',#12019,#2784);
#1921=LINE('',#12023,#2785);
#1922=LINE('',#12027,#2786);
#1923=LINE('',#12029,#2787);
#1924=LINE('',#12033,#2788);
#1925=LINE('',#12036,#2789);
#1926=LINE('',#12039,#2790);
#1927=LINE('',#12041,#2791);
#1928=LINE('',#12042,#2792);
#1929=LINE('',#12046,#2793);
#1930=LINE('',#12048,#2794);
#1931=LINE('',#12050,#2795);
#1932=LINE('',#12051,#2796);
#1933=LINE('',#12054,#2797);
#1934=LINE('',#12055,#2798);
#1935=LINE('',#12060,#2799);
#1936=LINE('',#12064,#2800);
#1937=LINE('',#12066,#2801);
#1938=LINE('',#12070,#2802);
#1939=LINE('',#12074,#2803);
#1940=LINE('',#12076,#2804);
#1941=LINE('',#12079,#2805);
#1942=LINE('',#12081,#2806);
#1943=LINE('',#12085,#2807);
#1944=LINE('',#12087,#2808);
#1945=LINE('',#12088,#2809);
#1946=LINE('',#12090,#2810);
#1947=LINE('',#12093,#2811);
#1948=LINE('',#12095,#2812);
#1949=LINE('',#12096,#2813);
#1950=LINE('',#12098,#2814);
#1951=LINE('',#12101,#2815);
#1952=LINE('',#12103,#2816);
#1953=LINE('',#12104,#2817);
#1954=LINE('',#12106,#2818);
#1955=LINE('',#12108,#2819);
#1956=LINE('',#12112,#2820);
#1957=LINE('',#12116,#2821);
#1958=LINE('',#12120,#2822);
#1959=LINE('',#12122,#2823);
#1960=LINE('',#12126,#2824);
#1961=LINE('',#12130,#2825);
#1962=LINE('',#12132,#2826);
#1963=LINE('',#12135,#2827);
#1964=LINE('',#12137,#2828);
#1965=LINE('',#12140,#2829);
#1966=LINE('',#12143,#2830);
#1967=LINE('',#12144,#2831);
#1968=LINE('',#12148,#2832);
#1969=LINE('',#12150,#2833);
#1970=LINE('',#12154,#2834);
#1971=LINE('',#12156,#2835);
#1972=LINE('',#12160,#2836);
#1973=LINE('',#12164,#2837);
#1974=LINE('',#12166,#2838);
#1975=LINE('',#12170,#2839);
#1976=LINE('',#12173,#2840);
#1977=LINE('',#12175,#2841);
#1978=LINE('',#12177,#2842);
#1979=LINE('',#12179,#2843);
#1980=LINE('',#12181,#2844);
#1981=LINE('',#12183,#2845);
#1982=LINE('',#12185,#2846);
#1983=LINE('',#12187,#2847);
#1984=LINE('',#12189,#2848);
#1985=LINE('',#12191,#2849);
#1986=LINE('',#12193,#2850);
#1987=LINE('',#12195,#2851);
#1988=LINE('',#12197,#2852);
#1989=LINE('',#12200,#2853);
#1990=LINE('',#12203,#2854);
#1991=LINE('',#12205,#2855);
#1992=LINE('',#12207,#2856);
#1993=LINE('',#12209,#2857);
#1994=LINE('',#12211,#2858);
#1995=LINE('',#12213,#2859);
#1996=LINE('',#12215,#2860);
#1997=LINE('',#12217,#2861);
#1998=LINE('',#12219,#2862);
#1999=LINE('',#12221,#2863);
#2000=LINE('',#12223,#2864);
#2001=LINE('',#12229,#2865);
#2002=LINE('',#12237,#2866);
#2003=LINE('',#12245,#2867);
#2004=LINE('',#12253,#2868);
#2005=LINE('',#12266,#2869);
#2006=LINE('',#12274,#2870);
#2007=LINE('',#12282,#2871);
#2008=LINE('',#12289,#2872);
#2009=LINE('',#12299,#2873);
#2010=LINE('',#12307,#2874);
#2011=LINE('',#12315,#2875);
#2012=LINE('',#12322,#2876);
#2013=LINE('',#12328,#2877);
#2014=LINE('',#12336,#2878);
#2015=LINE('',#12344,#2879);
#2016=LINE('',#12352,#2880);
#2017=LINE('',#12368,#2881);
#2018=LINE('',#12371,#2882);
#2019=LINE('',#12373,#2883);
#2020=LINE('',#12376,#2884);
#2021=VECTOR('',#8134,4.80206242065606);
#2022=VECTOR('',#8135,0.660601179561108);
#2023=VECTOR('',#8136,1.563272675121);
#2024=VECTOR('',#8137,5.46183186344805);
#2025=VECTOR('',#8138,1.491005215306);
#2026=VECTOR('',#8141,3.96300358464203);
#2027=VECTOR('',#8142,4.21768445412205);
#2028=VECTOR('',#8143,2.760546194507);
#2029=VECTOR('',#8144,12.9833539521502);
#2030=VECTOR('',#8145,3.144494784694);
#2031=VECTOR('',#8148,0.381);
#2032=VECTOR('',#8149,1.6256);
#2033=VECTOR('',#8150,1.524);
#2034=VECTOR('',#8151,1.6256);
#2035=VECTOR('',#8152,3.2512);
#2036=VECTOR('',#8153,1.874899846236);
#2037=VECTOR('',#8154,1.524);
#2038=VECTOR('',#8155,1.874899846236);
#2039=VECTOR('',#8156,2.1844);
#2040=VECTOR('',#8157,1.016);
#2041=VECTOR('',#8158,0.254);
#2042=VECTOR('',#8159,0.6096);
#2043=VECTOR('',#8160,1.27);
#2044=VECTOR('',#8161,0.9144);
#2045=VECTOR('',#8162,1.5748);
#2046=VECTOR('',#8163,3.144494784694);
#2047=VECTOR('',#8164,0.7722104306112);
#2048=VECTOR('',#8165,6.720789569389);
#2049=VECTOR('',#8166,0.7722104306112);
#2050=VECTOR('',#8167,1.5748);
#2051=VECTOR('',#8168,0.9144);
#2052=VECTOR('',#8169,1.27);
#2053=VECTOR('',#8170,0.6096);
#2054=VECTOR('',#8171,0.254);
#2055=VECTOR('',#8172,1.016);
#2056=VECTOR('',#8173,2.1844);
#2057=VECTOR('',#8174,1.874899846236);
#2058=VECTOR('',#8175,1.524);
#2059=VECTOR('',#8176,1.874899846236);
#2060=VECTOR('',#8177,3.2512);
#2061=VECTOR('',#8178,1.6256);
#2062=VECTOR('',#8179,1.524);
#2063=VECTOR('',#8180,1.6256);
#2064=VECTOR('',#8181,0.381);
#2065=VECTOR('',#8182,0.889);
#2066=VECTOR('',#8183,1.651);
#2067=VECTOR('',#8184,1.651);
#2068=VECTOR('',#8185,1.5748);
#2069=VECTOR('',#8186,3.144494784694);
#2070=VECTOR('',#8187,0.7722104306112);
#2071=VECTOR('',#8188,6.720789569389);
#2072=VECTOR('',#8189,0.7722104306112);
#2073=VECTOR('',#8190,3.144494784694);
#2074=VECTOR('',#8191,1.5748);
#2075=VECTOR('',#8192,1.651);
#2076=VECTOR('',#8193,1.651);
#2077=VECTOR('',#8194,0.889);
#2078=VECTOR('',#8197,1.397);
#2079=VECTOR('',#8200,0.762);
#2080=VECTOR('',#8203,1.397);
#2081=VECTOR('',#8206,0.762);
#2082=VECTOR('',#8209,1.397);
#2083=VECTOR('',#8212,0.762);
#2084=VECTOR('',#8215,1.397);
#2085=VECTOR('',#8218,0.762);
#2086=VECTOR('',#8221,0.762);
#2087=VECTOR('',#8224,1.397);
#2088=VECTOR('',#8227,0.762);
#2089=VECTOR('',#8230,1.397);
#2090=VECTOR('',#8231,4.572);
#2091=VECTOR('',#8232,0.508);
#2092=VECTOR('',#8233,4.572);
#2093=VECTOR('',#8234,0.508);
#2094=VECTOR('',#8235,0.762);
#2095=VECTOR('',#8238,1.397);
#2096=VECTOR('',#8241,0.762);
#2097=VECTOR('',#8244,1.397);
#2098=VECTOR('',#8249,1.397);
#2099=VECTOR('',#8252,0.762);
#2100=VECTOR('',#8255,1.397);
#2101=VECTOR('',#8258,0.762);
#2102=VECTOR('',#8261,1.397);
#2103=VECTOR('',#8264,0.762);
#2104=VECTOR('',#8267,1.397);
#2105=VECTOR('',#8270,0.762);
#2106=VECTOR('',#8271,0.762);
#2107=VECTOR('',#8274,1.397);
#2108=VECTOR('',#8277,0.762);
#2109=VECTOR('',#8280,1.397);
#2110=VECTOR('',#8285,0.762);
#2111=VECTOR('',#8288,1.397);
#2112=VECTOR('',#8291,0.762);
#2113=VECTOR('',#8294,1.397);
#2114=VECTOR('',#8295,4.572);
#2115=VECTOR('',#8296,0.508);
#2116=VECTOR('',#8297,4.572);
#2117=VECTOR('',#8298,0.508);
#2118=VECTOR('',#8301,12.5984);
#2119=VECTOR('',#8302,10.287);
#2120=VECTOR('',#8305,1.651);
#2121=VECTOR('',#8308,7.874);
#2122=VECTOR('',#8309,9.906);
#2123=VECTOR('',#8312,9.906);
#2124=VECTOR('',#8313,12.5984);
#2125=VECTOR('',#8316,8.1026);
#2126=VECTOR('',#8321,0.7239);
#2127=VECTOR('',#8322,13.3604);
#2128=VECTOR('',#8323,1.7399);
#2129=VECTOR('',#8324,0.762);
#2130=VECTOR('',#8329,9.20063421239008);
#2131=VECTOR('',#8330,1.016);
#2132=VECTOR('',#8331,10.2108);
#2133=VECTOR('',#8332,0.8554654776749);
#2134=VECTOR('',#8335,0.6096);
#2135=VECTOR('',#8336,0.6096);
#2136=VECTOR('',#8341,9.20063421239008);
#2137=VECTOR('',#8344,0.8554654776749);
#2138=VECTOR('',#8345,9.4488);
#2139=VECTOR('',#8348,0.6096);
#2140=VECTOR('',#8351,6.534338855782);
#2141=VECTOR('',#8352,1.016619297008);
#2142=VECTOR('',#8353,1.581320821822);
#2143=VECTOR('',#8354,4.21704227596404);
#2144=VECTOR('',#8355,3.9624);
#2145=VECTOR('',#8356,5.46183186344805);
#2146=VECTOR('',#8357,0.749155780854);
#2147=VECTOR('',#8358,5.46183186344805);
#2148=VECTOR('',#8359,3.962400000001);
#2149=VECTOR('',#8360,4.21704227596404);
#2150=VECTOR('',#8361,2.760546194507);
#2151=VECTOR('',#8362,12.9813771266101);
#2152=VECTOR('',#8363,1.3589);
#2153=VECTOR('',#8364,14.7574);
#2154=VECTOR('',#8365,1.3589);
#2155=VECTOR('',#8366,3.5306);
#2156=VECTOR('',#8367,0.6096);
#2157=VECTOR('',#8368,3.5306);
#2158=VECTOR('',#8371,3.314322288437);
#2159=VECTOR('',#8372,2.4638);
#2160=VECTOR('',#8373,0.6096);
#2161=VECTOR('',#8374,2.4638);
#2162=VECTOR('',#8377,9.8806);
#2163=VECTOR('',#8378,1.79605122421388);
#2164=VECTOR('',#8379,0.2206001537639);
#2165=VECTOR('',#8380,0.498599692472183);
#2166=VECTOR('',#8381,0.4982906156964);
#2167=VECTOR('',#8382,0.127);
#2168=VECTOR('',#8383,0.3399093843036);
#2169=VECTOR('',#8384,0.7366);
#2170=VECTOR('',#8385,0.8382);
#2171=VECTOR('',#8386,0.498599692472183);
#2172=VECTOR('',#8387,15.88440030753);
#2173=VECTOR('',#8388,0.498599692472183);
#2174=VECTOR('',#8389,0.8382);
#2175=VECTOR('',#8390,0.7366);
#2176=VECTOR('',#8391,0.3399093843036);
#2177=VECTOR('',#8392,0.127);
#2178=VECTOR('',#8393,0.4982906156964);
#2179=VECTOR('',#8394,0.498599692472183);
#2180=VECTOR('',#8395,0.2206001537639);
#2181=VECTOR('',#8396,1.79605122421388);
#2182=VECTOR('',#8397,9.8806);
#2183=VECTOR('',#8400,1.3589);
#2184=VECTOR('',#8401,2.4638);
#2185=VECTOR('',#8402,0.6096);
#2186=VECTOR('',#8403,2.4638);
#2187=VECTOR('',#8404,6.534338855782);
#2188=VECTOR('',#8405,1.425200922584);
#2189=VECTOR('',#8406,0.863599999999971);
#2190=VECTOR('',#8407,0.6096);
#2191=VECTOR('',#8408,2.921);
#2192=VECTOR('',#8409,0.6096);
#2193=VECTOR('',#8410,0.863599999999971);
#2194=VECTOR('',#8411,6.688022644675);
#2195=VECTOR('',#8412,5.051415543033);
#2196=VECTOR('',#8413,2.67372220425982);
#2197=VECTOR('',#8414,2.906808441392);
#2198=VECTOR('',#8415,2.67372220425982);
#2199=VECTOR('',#8416,5.051415543033);
#2200=VECTOR('',#8417,0.09524999999988);
#2201=VECTOR('',#8418,0.0602413894262123);
#2202=VECTOR('',#8419,0.1524);
#2203=VECTOR('',#8420,1.524);
#2204=VECTOR('',#8421,0.1905);
#2205=VECTOR('',#8422,1.1049);
#2206=VECTOR('',#8423,0.36195);
#2207=VECTOR('',#8424,0.1524);
#2208=VECTOR('',#8425,0.03809999999996);
#2209=VECTOR('',#8426,0.0971363217340384);
#2210=VECTOR('',#8427,0.0602413894260704);
#2211=VECTOR('',#8428,0.0851941899427266);
#2212=VECTOR('',#8429,0.0808223050897903);
#2213=VECTOR('',#8430,5.051415543033);
#2214=VECTOR('',#8431,2.67372220425982);
#2215=VECTOR('',#8432,2.906808441392);
#2216=VECTOR('',#8433,2.67372220425982);
#2217=VECTOR('',#8434,5.051415543033);
#2218=VECTOR('',#8435,6.688022644675);
#2219=VECTOR('',#8436,0.863599999999971);
#2220=VECTOR('',#8437,0.6096);
#2221=VECTOR('',#8438,2.921);
#2222=VECTOR('',#8439,0.6096);
#2223=VECTOR('',#8440,0.863599999999971);
#2224=VECTOR('',#8441,1.425200922584);
#2225=VECTOR('',#8444,3.59101155128207);
#2226=VECTOR('',#8445,3.099671302525);
#2227=VECTOR('',#8446,3.59101155128207);
#2228=VECTOR('',#8449,0.711633507905304);
#2229=VECTOR('',#8450,3.27472238448211);
#2230=VECTOR('',#8451,2.31461399677011);
#2231=VECTOR('',#8452,1.348243730271);
#2232=VECTOR('',#8455,1.581320821822);
#2233=VECTOR('',#8456,1.348243730271);
#2234=VECTOR('',#8459,4.21768445412205);
#2235=VECTOR('',#8460,1.421841266034);
#2236=VECTOR('',#8463,4.80206242065606);
#2237=VECTOR('',#8464,3.96300358464203);
#2238=VECTOR('',#8465,3.081830133796);
#2239=VECTOR('',#8466,2.31461399677011);
#2240=VECTOR('',#8467,1.581320821822);
#2241=VECTOR('',#8468,4.21768445412205);
#2242=VECTOR('',#8469,3.96300358464203);
#2243=VECTOR('',#8470,4.80206242065606);
#2244=VECTOR('',#8473,1.491005215306);
#2245=VECTOR('',#8474,5.46183186344805);
#2246=VECTOR('',#8475,1.563272675121);
#2247=VECTOR('',#8476,0.660601179561109);
#2248=VECTOR('',#8479,0.749155780854);
#2249=VECTOR('',#8482,0.749155780854);
#2250=VECTOR('',#8485,3.5306);
#2251=VECTOR('',#8486,0.6096);
#2252=VECTOR('',#8487,3.5306);
#2253=VECTOR('',#8488,14.7574);
#2254=VECTOR('',#8489,1.3589);
#2255=VECTOR('',#8490,10.2108);
#2256=VECTOR('',#8491,0.6096);
#2257=VECTOR('',#8492,9.4488);
#2258=VECTOR('',#8493,12.9813771266101);
#2259=VECTOR('',#8494,2.760546194507);
#2260=VECTOR('',#8495,4.21704227596404);
#2261=VECTOR('',#8496,3.962400000001);
#2262=VECTOR('',#8497,3.9624);
#2263=VECTOR('',#8498,4.21704227596404);
#2264=VECTOR('',#8499,1.581320821822);
#2265=VECTOR('',#8500,1.01661929700801);
#2266=VECTOR('',#8503,1.348243730271);
#2267=VECTOR('',#8504,3.27472238448211);
#2268=VECTOR('',#8505,0.711633507905304);
#2269=VECTOR('',#8508,3.05);
#2270=VECTOR('',#8513,1.348243730271);
#2271=VECTOR('',#8516,1.421841266034);
#2272=VECTOR('',#8521,1.421841266034);
#2273=VECTOR('',#8524,1.348243730271);
#2274=VECTOR('',#8527,1.348243730271);
#2275=VECTOR('',#8534,9.20063421239008);
#2276=VECTOR('',#8535,0.8554654776749);
#2277=VECTOR('',#8538,0.6096);
#2278=VECTOR('',#8541,0.6096);
#2279=VECTOR('',#8544,9.20063421239008);
#2280=VECTOR('',#8547,0.8554654776749);
#2281=VECTOR('',#8548,1.016);
#2282=VECTOR('',#8549,0.762);
#2283=VECTOR('',#8554,13.3604);
#2284=VECTOR('',#8555,0.7239);
#2285=VECTOR('',#8556,12.5984);
#2286=VECTOR('',#8557,1.7399);
#2287=VECTOR('',#8562,0.635);
#2288=VECTOR('',#8563,14.7574);
#2289=VECTOR('',#8564,14.7574);
#2290=VECTOR('',#8565,0.381);
#2291=VECTOR('',#8566,13.3604);
#2292=VECTOR('',#8569,8.1026);
#2293=VECTOR('',#8572,0.7239);
#2294=VECTOR('',#8577,0.7239);
#2295=VECTOR('',#8578,8.1026);
#2296=VECTOR('',#8583,12.5984);
#2297=VECTOR('',#8584,9.906);
#2298=VECTOR('',#8587,9.906);
#2299=VECTOR('',#8588,7.874);
#2300=VECTOR('',#8591,1.651);
#2301=VECTOR('',#8594,10.287);
#2302=VECTOR('',#8597,0.498599692472183);
#2303=VECTOR('',#8598,1.6256);
#2304=VECTOR('',#8599,9.8552);
#2305=VECTOR('',#8602,1.524);
#2306=VECTOR('',#8603,0.498599692472183);
#2307=VECTOR('',#8606,7.4422);
#2308=VECTOR('',#8607,1.6256);
#2309=VECTOR('',#8612,1.6256);
#2310=VECTOR('',#8615,1.651);
#2311=VECTOR('',#8616,1.6256);
#2312=VECTOR('',#8625,1.6256);
#2313=VECTOR('',#8626,9.906);
#2314=VECTOR('',#8631,9.906);
#2315=VECTOR('',#8634,1.6256);
#2316=VECTOR('',#8639,0.7239);
#2317=VECTOR('',#8640,1.6129);
#2318=VECTOR('',#8641,0.762);
#2319=VECTOR('',#8646,1.651);
#2320=VECTOR('',#8647,0.762);
#2321=VECTOR('',#8650,6.406004928473);
#2322=VECTOR('',#8651,4.21704227596404);
#2323=VECTOR('',#8652,3.9624);
#2324=VECTOR('',#8653,5.46183186344805);
#2325=VECTOR('',#8654,0.749155780854);
#2326=VECTOR('',#8655,5.46183186344805);
#2327=VECTOR('',#8656,3.962400000001);
#2328=VECTOR('',#8657,4.21704227596404);
#2329=VECTOR('',#8658,2.760546194507);
#2330=VECTOR('',#8659,12.9813771266101);
#2331=VECTOR('',#8660,0.3429);
#2332=VECTOR('',#8661,14.7574);
#2333=VECTOR('',#8662,5.4356);
#2334=VECTOR('',#8663,1.108199692472);
#2335=VECTOR('',#8664,5.4356);
#2336=VECTOR('',#8665,5.4356);
#2337=VECTOR('',#8666,1.108199692472);
#2338=VECTOR('',#8667,5.4356);
#2339=VECTOR('',#8668,14.7574);
#2340=VECTOR('',#8669,0.3428999999999);
#2341=VECTOR('',#8670,0.762);
#2342=VECTOR('',#8671,12.9813771266101);
#2343=VECTOR('',#8672,2.760546194507);
#2344=VECTOR('',#8673,4.21704227596404);
#2345=VECTOR('',#8674,3.962400000001);
#2346=VECTOR('',#8675,5.46183186344805);
#2347=VECTOR('',#8676,0.749155780854);
#2348=VECTOR('',#8677,5.46183186344805);
#2349=VECTOR('',#8678,3.9624);
#2350=VECTOR('',#8679,4.21704227596404);
#2351=VECTOR('',#8682,1.348243730271);
#2352=VECTOR('',#8683,6.406004928473);
#2353=VECTOR('',#8684,1.348243730271);
#2354=VECTOR('',#8687,4.21768445412205);
#2355=VECTOR('',#8688,1.421841266034);
#2356=VECTOR('',#8691,3.96300358464203);
#2357=VECTOR('',#8692,1.491005215306);
#2358=VECTOR('',#8695,4.80206242065606);
#2359=VECTOR('',#8696,0.660601179561108);
#2360=VECTOR('',#8697,1.563272675121);
#2361=VECTOR('',#8700,0.749155780854);
#2362=VECTOR('',#8701,1.563272675121);
#2363=VECTOR('',#8704,0.660601179561108);
#2364=VECTOR('',#8707,4.80206242065606);
#2365=VECTOR('',#8708,1.491005215306);
#2366=VECTOR('',#8711,3.96300358464203);
#2367=VECTOR('',#8712,1.421841266034);
#2368=VECTOR('',#8715,4.21768445412205);
#2369=VECTOR('',#8716,1.348243730271);
#2370=VECTOR('',#8719,1.348243730271);
#2371=VECTOR('',#8720,2.760546194507);
#2372=VECTOR('',#8723,12.9833539521502);
#2373=VECTOR('',#8728,4.21768445412205);
#2374=VECTOR('',#8729,3.96300358464203);
#2375=VECTOR('',#8730,4.80206242065606);
#2376=VECTOR('',#8733,1.563272675121);
#2377=VECTOR('',#8734,0.660601179561108);
#2378=VECTOR('',#8735,1.491005215306);
#2379=VECTOR('',#8738,1.563272675121);
#2380=VECTOR('',#8739,0.749155780854);
#2381=VECTOR('',#8742,1.491005215306);
#2382=VECTOR('',#8743,4.80206242065606);
#2383=VECTOR('',#8744,0.660601179561108);
#2384=VECTOR('',#8749,3.96300358464203);
#2385=VECTOR('',#8750,4.21768445412205);
#2386=VECTOR('',#8751,2.760546194507);
#2387=VECTOR('',#8752,12.9833539521502);
#2388=VECTOR('',#8755,1.348243730271);
#2389=VECTOR('',#8758,1.348243730271);
#2390=VECTOR('',#8761,1.421841266034);
#2391=VECTOR('',#8766,1.421841266034);
#2392=VECTOR('',#8771,1.651);
#2393=VECTOR('',#8772,0.762);
#2394=VECTOR('',#8775,0.7239);
#2395=VECTOR('',#8776,1.6129);
#2396=VECTOR('',#8777,13.3604);
#2397=VECTOR('',#8782,0.7239);
#2398=VECTOR('',#8785,0.7239);
#2399=VECTOR('',#8786,8.1026);
#2400=VECTOR('',#8793,0.635);
#2401=VECTOR('',#8794,0.3809999999999);
#2402=VECTOR('',#8795,14.7574);
#2403=VECTOR('',#8796,14.7574);
#2404=VECTOR('',#8805,1.79605122421388);
#2405=VECTOR('',#8810,0.498599692472183);
#2406=VECTOR('',#8811,1.467);
#2407=VECTOR('',#8812,0.515);
#2408=VECTOR('',#8813,1.37);
#2409=VECTOR('',#8814,0.515);
#2410=VECTOR('',#8815,1.5686);
#2411=VECTOR('',#8818,1.56883894177001);
#2412=VECTOR('',#8819,0.47091060085);
#2413=VECTOR('',#8822,0.127);
#2414=VECTOR('',#8823,5.43642799431505);
#2415=VECTOR('',#8824,0.515078448942605);
#2416=VECTOR('',#8825,1.37020868942001);
#2417=VECTOR('',#8826,0.515078448942604);
#2418=VECTOR('',#8827,1.46722346524001);
#2419=VECTOR('',#8830,0.8382);
#2420=VECTOR('',#8831,0.7366);
#2421=VECTOR('',#8832,0.4347881352274);
#2422=VECTOR('',#8833,0.4034118647726);
#2423=VECTOR('',#8834,0.498599692472183);
#2424=VECTOR('',#8837,5.4356);
#2425=VECTOR('',#8838,5.4356);
#2426=VECTOR('',#8841,5.4356);
#2427=VECTOR('',#8842,0.508);
#2428=VECTOR('',#8843,0.515);
#2429=VECTOR('',#8844,0.508);
#2430=VECTOR('',#8845,0.515);
#2431=VECTOR('',#8846,0.515);
#2432=VECTOR('',#8847,0.508);
#2433=VECTOR('',#8848,0.515);
#2434=VECTOR('',#8849,0.508);
#2435=VECTOR('',#8854,1.6509999993);
#2436=VECTOR('',#8855,0.508);
#2437=VECTOR('',#8856,0.8127999993);
#2438=VECTOR('',#8857,0.4290184450223);
#2439=VECTOR('',#8858,0.4091815549777);
#2440=VECTOR('',#8861,4.234739663327);
#2441=VECTOR('',#8862,0.3313766491732);
#2442=VECTOR('',#8865,1.086358253145);
#2443=VECTOR('',#8866,0.3422938358782);
#2444=VECTOR('',#8869,0.622983563138358);
#2445=VECTOR('',#8870,0.2885608016087);
#2446=VECTOR('',#8873,0.551141514169863);
#2447=VECTOR('',#8874,0.3508);
#2448=VECTOR('',#8879,0.4001921965397);
#2449=VECTOR('',#8880,0.4380078034603);
#2450=VECTOR('',#8881,3.396539663327);
#2451=VECTOR('',#8882,0.508);
#2452=VECTOR('',#8885,0.508);
#2453=VECTOR('',#8886,0.3313766491732);
#2454=VECTOR('',#8891,0.508);
#2455=VECTOR('',#8894,0.508);
#2456=VECTOR('',#8895,1.086358253145);
#2457=VECTOR('',#8898,0.508);
#2458=VECTOR('',#8899,0.3422938358782);
#2459=VECTOR('',#8904,0.508);
#2460=VECTOR('',#8907,0.622983563138358);
#2461=VECTOR('',#8908,0.508);
#2462=VECTOR('',#8913,0.3508);
#2463=VECTOR('',#8914,0.551141514169863);
#2464=VECTOR('',#8917,0.2885608016087);
#2465=VECTOR('',#8920,0.508);
#2466=VECTOR('',#8923,0.508);
#2467=VECTOR('',#8926,0.508);
#2468=VECTOR('',#8929,0.508);
#2469=VECTOR('',#8934,0.4619212424119);
#2470=VECTOR('',#8937,4.234739663327);
#2471=VECTOR('',#8938,0.508);
#2472=VECTOR('',#8939,3.396539663327);
#2473=VECTOR('',#8940,0.3762787575881);
#2474=VECTOR('',#8943,0.3313766492036);
#2475=VECTOR('',#8944,1.6509999993);
#2476=VECTOR('',#8947,0.3508);
#2477=VECTOR('',#8948,0.551141514169863);
#2478=VECTOR('',#8951,0.2885608016086);
#2479=VECTOR('',#8952,0.622983563138258);
#2480=VECTOR('',#8955,0.3422938359119);
#2481=VECTOR('',#8956,1.086358253148);
#2482=VECTOR('',#8961,0.508);
#2483=VECTOR('',#8962,0.3313766492036);
#2484=VECTOR('',#8965,0.508);
#2485=VECTOR('',#8970,0.8127999993);
#2486=VECTOR('',#8971,1.086358253148);
#2487=VECTOR('',#8972,0.3422938359119);
#2488=VECTOR('',#8975,0.622983563138302);
#2489=VECTOR('',#8976,0.2885608016086);
#2490=VECTOR('',#8979,0.551141514169863);
#2491=VECTOR('',#8980,0.3508);
#2492=VECTOR('',#8985,0.508);
#2493=VECTOR('',#8986,0.36728939915);
#2494=VECTOR('',#8991,0.508);
#2495=VECTOR('',#8994,0.508);
#2496=VECTOR('',#8997,0.508);
#2497=VECTOR('',#9000,0.508);
#2498=VECTOR('',#9003,0.508);
#2499=VECTOR('',#9006,0.508);
#2500=VECTOR('',#9009,0.508);
#2501=VECTOR('',#9012,0.508);
#2502=VECTOR('',#9023,5.4356);
#2503=VECTOR('',#9024,0.498599692472183);
#2504=VECTOR('',#9027,0.8382);
#2505=VECTOR('',#9028,5.4356);
#2506=VECTOR('',#9031,0.127);
#2507=VECTOR('',#9032,0.4347881352274);
#2508=VECTOR('',#9033,0.7366);
#2509=VECTOR('',#9034,0.498599692472183);
#2510=VECTOR('',#9035,0.4034118647726);
#2511=VECTOR('',#9038,1.46722346524001);
#2512=VECTOR('',#9039,0.515078448942604);
#2513=VECTOR('',#9040,1.37020868942001);
#2514=VECTOR('',#9041,0.515078448942605);
#2515=VECTOR('',#9042,1.56883894177001);
#2516=VECTOR('',#9043,5.43642799431505);
#2517=VECTOR('',#9046,5.4356);
#2518=VECTOR('',#9049,0.508);
#2519=VECTOR('',#9050,0.515);
#2520=VECTOR('',#9051,0.508);
#2521=VECTOR('',#9052,0.515);
#2522=VECTOR('',#9053,0.515);
#2523=VECTOR('',#9054,0.508);
#2524=VECTOR('',#9055,0.515);
#2525=VECTOR('',#9056,0.508);
#2526=VECTOR('',#9059,0.4091815549777);
#2527=VECTOR('',#9060,0.4290184450223);
#2528=VECTOR('',#9061,0.8127999993);
#2529=VECTOR('',#9062,0.508);
#2530=VECTOR('',#9063,1.6509999993);
#2531=VECTOR('',#9068,0.3508);
#2532=VECTOR('',#9069,0.551141514169863);
#2533=VECTOR('',#9072,0.2885608016087);
#2534=VECTOR('',#9073,0.622983563138358);
#2535=VECTOR('',#9076,0.3422938358782);
#2536=VECTOR('',#9077,1.086358253145);
#2537=VECTOR('',#9080,0.3313766491732);
#2538=VECTOR('',#9081,4.234739663327);
#2539=VECTOR('',#9084,0.508);
#2540=VECTOR('',#9085,3.396539663327);
#2541=VECTOR('',#9086,0.4380078034603);
#2542=VECTOR('',#9087,0.4001921965397);
#2543=VECTOR('',#9092,1.37);
#2544=VECTOR('',#9093,0.461921242412);
#2545=VECTOR('',#9096,0.3762787575881);
#2546=VECTOR('',#9097,3.396539663327);
#2547=VECTOR('',#9098,0.508);
#2548=VECTOR('',#9099,4.234739663327);
#2549=VECTOR('',#9104,1.086358253148);
#2550=VECTOR('',#9105,0.3422938359119);
#2551=VECTOR('',#9108,0.622983563138302);
#2552=VECTOR('',#9109,0.2885608016086);
#2553=VECTOR('',#9112,0.551141514169863);
#2554=VECTOR('',#9113,0.3508);
#2555=VECTOR('',#9116,1.6509999993);
#2556=VECTOR('',#9117,0.3313766492036);
#2557=VECTOR('',#9120,0.508);
#2558=VECTOR('',#9123,0.508);
#2559=VECTOR('',#9126,0.3313766492036);
#2560=VECTOR('',#9129,0.515);
#2561=VECTOR('',#9130,0.8127999993);
#2562=VECTOR('',#9133,0.3508);
#2563=VECTOR('',#9134,0.551141514169863);
#2564=VECTOR('',#9137,0.2885608016086);
#2565=VECTOR('',#9138,0.622983563138258);
#2566=VECTOR('',#9141,0.3422938359119);
#2567=VECTOR('',#9142,1.086358253148);
#2568=VECTOR('',#9145,0.508);
#2569=VECTOR('',#9148,0.508);
#2570=VECTOR('',#9151,0.508);
#2571=VECTOR('',#9154,0.508);
#2572=VECTOR('',#9157,0.508);
#2573=VECTOR('',#9160,0.508);
#2574=VECTOR('',#9163,0.508);
#2575=VECTOR('',#9166,0.508);
#2576=VECTOR('',#9169,0.508);
#2577=VECTOR('',#9172,0.47091060085);
#2578=VECTOR('',#9173,0.36728939915);
#2579=VECTOR('',#9178,1.5686);
#2580=VECTOR('',#9181,1.467);
#2581=VECTOR('',#9182,0.515);
#2582=VECTOR('',#9187,0.3313766491732);
#2583=VECTOR('',#9190,1.086358253145);
#2584=VECTOR('',#9191,0.3422938358782);
#2585=VECTOR('',#9194,0.622983563138358);
#2586=VECTOR('',#9195,0.2885608016087);
#2587=VECTOR('',#9198,0.551141514169863);
#2588=VECTOR('',#9199,0.3508);
#2589=VECTOR('',#9204,0.508);
#2590=VECTOR('',#9207,0.508);
#2591=VECTOR('',#9210,0.508);
#2592=VECTOR('',#9213,0.508);
#2593=VECTOR('',#9216,0.508);
#2594=VECTOR('',#9219,0.508);
#2595=VECTOR('',#9222,0.508);
#2596=VECTOR('',#9225,0.508);
#2597=VECTOR('',#9228,0.508);
#2598=VECTOR('',#9231,0.508);
#2599=VECTOR('',#9236,1.79605122421388);
#2600=VECTOR('',#9247,0.7098);
#2601=VECTOR('',#9248,2.916299846236);
#2602=VECTOR('',#9249,1.754);
#2603=VECTOR('',#9250,0.6143001537639);
#2604=VECTOR('',#9253,0.6143001537639);
#2605=VECTOR('',#9254,0.6096);
#2606=VECTOR('',#9257,1.754);
#2607=VECTOR('',#9258,2.916299846236);
#2608=VECTOR('',#9259,0.7098);
#2609=VECTOR('',#9262,0.6096);
#2610=VECTOR('',#9265,0.6096);
#2611=VECTOR('',#9270,1.491005215306);
#2612=VECTOR('',#9273,0.660601179561109);
#2613=VECTOR('',#9274,1.563272675121);
#2614=VECTOR('',#9277,0.749155780854);
#2615=VECTOR('',#9278,1.563272675121);
#2616=VECTOR('',#9281,0.660601179561108);
#2617=VECTOR('',#9282,4.80206242065606);
#2618=VECTOR('',#9283,1.491005215306);
#2619=VECTOR('',#9288,3.96300358464203);
#2620=VECTOR('',#9289,1.421841266034);
#2621=VECTOR('',#9292,12.9833539521502);
#2622=VECTOR('',#9293,2.760546194507);
#2623=VECTOR('',#9294,4.21768445412205);
#2624=VECTOR('',#9297,1.348243730271);
#2625=VECTOR('',#9300,1.348243730271);
#2626=VECTOR('',#9305,1.754);
#2627=VECTOR('',#9306,2.916299846236);
#2628=VECTOR('',#9307,0.7098);
#2629=VECTOR('',#9308,0.6143001537639);
#2630=VECTOR('',#9311,1.754);
#2631=VECTOR('',#9312,0.6096);
#2632=VECTOR('',#9313,0.6096);
#2633=VECTOR('',#9316,2.916299846236);
#2634=VECTOR('',#9317,0.6143001537639);
#2635=VECTOR('',#9318,0.7098);
#2636=VECTOR('',#9321,0.6096);
#2637=VECTOR('',#9328,0.6143001537639);
#2638=VECTOR('',#9329,1.425200922584);
#2639=VECTOR('',#9330,0.6143001537639);
#2640=VECTOR('',#9333,0.6143001537639);
#2641=VECTOR('',#9334,0.863599999999971);
#2642=VECTOR('',#9337,0.6096);
#2643=VECTOR('',#9338,0.6143001537639);
#2644=VECTOR('',#9341,0.863599999999971);
#2645=VECTOR('',#9342,0.6096);
#2646=VECTOR('',#9343,2.921);
#2647=VECTOR('',#9346,0.6143001537639);
#2648=VECTOR('',#9349,0.6143001537639);
#2649=VECTOR('',#9354,6.494732995351);
#2650=VECTOR('',#9355,11.0752433744903);
#2651=VECTOR('',#9356,11.0752433744903);
#2652=VECTOR('',#9359,2.826745247176);
#2653=VECTOR('',#9360,2.59365901004383);
#2654=VECTOR('',#9361,4.914739121263);
#2655=VECTOR('',#9362,4.914739121263);
#2656=VECTOR('',#9363,2.59365901004383);
#2657=VECTOR('',#9364,3.708119518056);
#2658=VECTOR('',#9365,0.508);
#2659=VECTOR('',#9366,3.708119518056);
#2660=VECTOR('',#9367,0.508);
#2661=VECTOR('',#9370,11.0748940451305);
#2662=VECTOR('',#9371,11.0748940451305);
#2663=VECTOR('',#9374,11.0748940451305);
#2664=VECTOR('',#9379,11.0748940451305);
#2665=VECTOR('',#9384,6.723068615148);
#2666=VECTOR('',#9387,0.925106060912727);
#2667=VECTOR('',#9388,0.925106060912727);
#2668=VECTOR('',#9391,6.723068615148);
#2669=VECTOR('',#9392,3.175);
#2670=VECTOR('',#9395,6.723068615148);
#2671=VECTOR('',#9396,0.508);
#2672=VECTOR('',#9397,0.508);
#2673=VECTOR('',#9400,6.723068615148);
#2674=VECTOR('',#9403,0.925106060912727);
#2675=VECTOR('',#9404,0.925106060912727);
#2676=VECTOR('',#9407,3.175);
#2677=VECTOR('',#9410,0.508);
#2678=VECTOR('',#9411,0.508);
#2679=VECTOR('',#9414,3.175);
#2680=VECTOR('',#9415,0.508);
#2681=VECTOR('',#9416,3.175);
#2682=VECTOR('',#9417,0.508);
#2683=VECTOR('',#9422,6.723068615148);
#2684=VECTOR('',#9425,0.925106060912727);
#2685=VECTOR('',#9426,3.708119518056);
#2686=VECTOR('',#9427,0.925106060912727);
#2687=VECTOR('',#9430,6.723068615148);
#2688=VECTOR('',#9433,6.723068615148);
#2689=VECTOR('',#9434,0.508);
#2690=VECTOR('',#9437,6.723068615148);
#2691=VECTOR('',#9440,0.925106060912727);
#2692=VECTOR('',#9441,3.708119518056);
#2693=VECTOR('',#9442,0.925106060912727);
#2694=VECTOR('',#9447,0.508);
#2695=VECTOR('',#9450,0.508);
#2696=VECTOR('',#9453,0.508);
#2697=VECTOR('',#9456,2.826745247176);
#2698=VECTOR('',#9457,2.59365901004383);
#2699=VECTOR('',#9458,4.914739121263);
#2700=VECTOR('',#9459,6.494732995351);
#2701=VECTOR('',#9460,4.914739121263);
#2702=VECTOR('',#9461,2.59365901004383);
#2703=VECTOR('',#9462,0.508);
#2704=VECTOR('',#9465,11.0748940451305);
#2705=VECTOR('',#9466,11.0748940451305);
#2706=VECTOR('',#9469,11.0748940451305);
#2707=VECTOR('',#9472,11.0752433744903);
#2708=VECTOR('',#9475,11.0752433744903);
#2709=VECTOR('',#9478,11.0748940451305);
#2710=VECTOR('',#9483,0.508);
#2711=VECTOR('',#9488,0.508);
#2712=VECTOR('',#9493,0.508);
#2713=VECTOR('',#9498,0.1016);
#2714=VECTOR('',#9499,0.09525);
#2715=VECTOR('',#9500,0.1016);
#2716=VECTOR('',#9503,0.0602413894261966);
#2717=VECTOR('',#9504,0.1016);
#2718=VECTOR('',#9507,0.1524);
#2719=VECTOR('',#9508,0.1016);
#2720=VECTOR('',#9511,1.524);
#2721=VECTOR('',#9512,0.1016);
#2722=VECTOR('',#9515,0.1905);
#2723=VECTOR('',#9516,0.1016);
#2724=VECTOR('',#9519,1.1049);
#2725=VECTOR('',#9520,0.1016);
#2726=VECTOR('',#9523,0.36195);
#2727=VECTOR('',#9524,0.1016);
#2728=VECTOR('',#9527,0.1524);
#2729=VECTOR('',#9528,0.1016);
#2730=VECTOR('',#9531,0.0381);
#2731=VECTOR('',#9532,0.1016);
#2732=VECTOR('',#9535,0.0971363217339284);
#2733=VECTOR('',#9536,0.1016);
#2734=VECTOR('',#9539,0.0602413894262223);
#2735=VECTOR('',#9540,0.1016);
#2736=VECTOR('',#9543,0.0851941899427404);
#2737=VECTOR('',#9544,0.1016);
#2738=VECTOR('',#9547,0.0808223050896203);
#2739=VECTOR('',#9552,0.863599999999971);
#2740=VECTOR('',#9553,0.6143001537639);
#2741=VECTOR('',#9554,0.6143001537639);
#2742=VECTOR('',#9557,0.6096);
#2743=VECTOR('',#9558,1.425200922584);
#2744=VECTOR('',#9559,0.863599999999971);
#2745=VECTOR('',#9560,0.6096);
#2746=VECTOR('',#9561,2.921);
#2747=VECTOR('',#9564,0.6143001537639);
#2748=VECTOR('',#9567,0.6143001537639);
#2749=VECTOR('',#9570,0.6143001537639);
#2750=VECTOR('',#9573,0.6143001537639);
#2751=VECTOR('',#9578,1.6256);
#2752=VECTOR('',#9579,9.906);
#2753=VECTOR('',#9584,9.906);
#2754=VECTOR('',#9587,1.6256);
#2755=VECTOR('',#9592,0.498599692472183);
#2756=VECTOR('',#9593,1.6256);
#2757=VECTOR('',#9594,7.4422);
#2758=VECTOR('',#9597,1.524);
#2759=VECTOR('',#9598,0.498599692472183);
#2760=VECTOR('',#9601,9.8552);
#2761=VECTOR('',#9602,1.6256);
#2762=VECTOR('',#9607,1.6256);
#2763=VECTOR('',#9610,1.651);
#2764=VECTOR('',#9611,1.6256);
#2765=VECTOR('',#9628,1.397);
#2766=VECTOR('',#9639,0.762);
#2767=VECTOR('',#9650,1.397);
#2768=VECTOR('',#9661,0.762);
#2769=VECTOR('',#9674,1.397);
#2770=VECTOR('',#9685,0.762);
#2771=VECTOR('',#9696,1.397);
#2772=VECTOR('',#9707,0.762);
#2773=VECTOR('',#9720,0.762);
#2774=VECTOR('',#9731,1.397);
#2775=VECTOR('',#9742,0.762);
#2776=VECTOR('',#9753,1.397);
#2777=VECTOR('',#9758,0.635085296108579);
#2778=VECTOR('',#9759,3.936914703891);
#2779=VECTOR('',#9760,0.635085296108579);
#2780=VECTOR('',#9761,6.6168);
#2781=VECTOR('',#9764,1.0795);
#2782=VECTOR('',#9765,5.0165);
#2783=VECTOR('',#9768,0.635);
#2784=VECTOR('',#9769,1.143);
#2785=VECTOR('',#9772,1.016);
#2786=VECTOR('',#9775,1.143);
#2787=VECTOR('',#9776,0.889);
#2788=VECTOR('',#9779,1.660118189755);
#2789=VECTOR('',#9782,3.6958);
#2790=VECTOR('',#9785,0.508);
#2791=VECTOR('',#9786,0.635085296108579);
#2792=VECTOR('',#9787,0.508);
#2793=VECTOR('',#9790,0.635085296108579);
#2794=VECTOR('',#9791,0.508);
#2795=VECTOR('',#9792,0.635085296108579);
#2796=VECTOR('',#9793,0.508);
#2797=VECTOR('',#9796,0.508);
#2798=VECTOR('',#9797,3.6958);
#2799=VECTOR('',#9802,1.660118189755);
#2800=VECTOR('',#9805,0.889);
#2801=VECTOR('',#9806,1.143);
#2802=VECTOR('',#9809,1.016);
#2803=VECTOR('',#9812,1.143);
#2804=VECTOR('',#9813,0.635);
#2805=VECTOR('',#9816,5.0165);
#2806=VECTOR('',#9817,1.0795);
#2807=VECTOR('',#9820,6.6168);
#2808=VECTOR('',#9821,0.635085296108579);
#2809=VECTOR('',#9822,3.936914703891);
#2810=VECTOR('',#9825,0.508);
#2811=VECTOR('',#9828,3.936914703891);
#2812=VECTOR('',#9829,0.508);
#2813=VECTOR('',#9830,3.936914703891);
#2814=VECTOR('',#9833,0.508);
#2815=VECTOR('',#9836,0.635085296108579);
#2816=VECTOR('',#9837,0.508);
#2817=VECTOR('',#9838,0.635085296108579);
#2818=VECTOR('',#9841,0.508);
#2819=VECTOR('',#9844,0.508);
#2820=VECTOR('',#9849,3.6958);
#2821=VECTOR('',#9852,1.660118189755);
#2822=VECTOR('',#9855,0.889);
#2823=VECTOR('',#9856,1.143);
#2824=VECTOR('',#9859,1.016);
#2825=VECTOR('',#9862,1.143);
#2826=VECTOR('',#9863,0.635);
#2827=VECTOR('',#9866,5.0165);
#2828=VECTOR('',#9867,1.0795);
#2829=VECTOR('',#9870,6.6168);
#2830=VECTOR('',#9873,0.508);
#2831=VECTOR('',#9874,6.6168);
#2832=VECTOR('',#9879,1.0795);
#2833=VECTOR('',#9880,5.0165);
#2834=VECTOR('',#9883,0.635);
#2835=VECTOR('',#9884,1.143);
#2836=VECTOR('',#9887,1.016);
#2837=VECTOR('',#9890,1.143);
#2838=VECTOR('',#9891,0.889);
#2839=VECTOR('',#9894,1.660118189755);
#2840=VECTOR('',#9897,3.6958);
#2841=VECTOR('',#9900,0.508);
#2842=VECTOR('',#9903,0.508);
#2843=VECTOR('',#9906,0.508);
#2844=VECTOR('',#9909,0.508);
#2845=VECTOR('',#9912,0.508);
#2846=VECTOR('',#9915,0.508);
#2847=VECTOR('',#9918,0.508);
#2848=VECTOR('',#9921,0.508);
#2849=VECTOR('',#9924,0.508);
#2850=VECTOR('',#9927,0.508);
#2851=VECTOR('',#9930,0.508);
#2852=VECTOR('',#9933,0.508);
#2853=VECTOR('',#9938,0.508);
#2854=VECTOR('',#9943,0.508);
#2855=VECTOR('',#9946,0.508);
#2856=VECTOR('',#9949,0.508);
#2857=VECTOR('',#9952,0.508);
#2858=VECTOR('',#9955,0.508);
#2859=VECTOR('',#9958,0.508);
#2860=VECTOR('',#9961,0.508);
#2861=VECTOR('',#9964,0.508);
#2862=VECTOR('',#9967,0.508);
#2863=VECTOR('',#9970,0.508);
#2864=VECTOR('',#9973,0.508);
#2865=VECTOR('',#9980,0.762);
#2866=VECTOR('',#9991,1.397);
#2867=VECTOR('',#10002,0.762);
#2868=VECTOR('',#10013,1.397);
#2869=VECTOR('',#10032,1.397);
#2870=VECTOR('',#10043,0.762);
#2871=VECTOR('',#10054,1.397);
#2872=VECTOR('',#10065,0.762);
#2873=VECTOR('',#10078,1.397);
#2874=VECTOR('',#10089,0.762);
#2875=VECTOR('',#10100,1.397);
#2876=VECTOR('',#10111,0.762);
#2877=VECTOR('',#10118,0.762);
#2878=VECTOR('',#10129,1.397);
#2879=VECTOR('',#10140,0.762);
#2880=VECTOR('',#10151,1.397);
#2881=VECTOR('',#10172,1.397);
#2882=VECTOR('',#10175,0.762);
#2883=VECTOR('',#10176,1.397);
#2884=VECTOR('',#10179,0.762);
#2885=VERTEX_POINT('',#10208);
#2886=VERTEX_POINT('',#10209);
#2887=VERTEX_POINT('',#10211);
#2888=VERTEX_POINT('',#10213);
#2889=VERTEX_POINT('',#10215);
#2890=VERTEX_POINT('',#10219);
#2891=VERTEX_POINT('',#10221);
#2892=VERTEX_POINT('',#10223);
#2893=VERTEX_POINT('',#10225);
#2894=VERTEX_POINT('',#10229);
#2895=VERTEX_POINT('',#10230);
#2896=VERTEX_POINT('',#10232);
#2897=VERTEX_POINT('',#10234);
#2898=VERTEX_POINT('',#10236);
#2899=VERTEX_POINT('',#10238);
#2900=VERTEX_POINT('',#10240);
#2901=VERTEX_POINT('',#10242);
#2902=VERTEX_POINT('',#10244);
#2903=VERTEX_POINT('',#10246);
#2904=VERTEX_POINT('',#10248);
#2905=VERTEX_POINT('',#10250);
#2906=VERTEX_POINT('',#10252);
#2907=VERTEX_POINT('',#10254);
#2908=VERTEX_POINT('',#10256);
#2909=VERTEX_POINT('',#10258);
#2910=VERTEX_POINT('',#10260);
#2911=VERTEX_POINT('',#10262);
#2912=VERTEX_POINT('',#10264);
#2913=VERTEX_POINT('',#10267);
#2914=VERTEX_POINT('',#10269);
#2915=VERTEX_POINT('',#10271);
#2916=VERTEX_POINT('',#10273);
#2917=VERTEX_POINT('',#10275);
#2918=VERTEX_POINT('',#10277);
#2919=VERTEX_POINT('',#10279);
#2920=VERTEX_POINT('',#10281);
#2921=VERTEX_POINT('',#10283);
#2922=VERTEX_POINT('',#10285);
#2923=VERTEX_POINT('',#10287);
#2924=VERTEX_POINT('',#10289);
#2925=VERTEX_POINT('',#10291);
#2926=VERTEX_POINT('',#10293);
#2927=VERTEX_POINT('',#10295);
#2928=VERTEX_POINT('',#10297);
#2929=VERTEX_POINT('',#10299);
#2930=VERTEX_POINT('',#10301);
#2931=VERTEX_POINT('',#10303);
#2932=VERTEX_POINT('',#10305);
#2933=VERTEX_POINT('',#10307);
#2934=VERTEX_POINT('',#10309);
#2935=VERTEX_POINT('',#10311);
#2936=VERTEX_POINT('',#10313);
#2937=VERTEX_POINT('',#10315);
#2938=VERTEX_POINT('',#10317);
#2939=VERTEX_POINT('',#10319);
#2940=VERTEX_POINT('',#10322);
#2941=VERTEX_POINT('',#10323);
#2942=VERTEX_POINT('',#10325);
#2943=VERTEX_POINT('',#10327);
#2944=VERTEX_POINT('',#10329);
#2945=VERTEX_POINT('',#10331);
#2946=VERTEX_POINT('',#10333);
#2947=VERTEX_POINT('',#10335);
#2948=VERTEX_POINT('',#10338);
#2949=VERTEX_POINT('',#10339);
#2950=VERTEX_POINT('',#10341);
#2951=VERTEX_POINT('',#10343);
#2952=VERTEX_POINT('',#10345);
#2953=VERTEX_POINT('',#10347);
#2954=VERTEX_POINT('',#10349);
#2955=VERTEX_POINT('',#10351);
#2956=VERTEX_POINT('',#10354);
#2957=VERTEX_POINT('',#10355);
#2958=VERTEX_POINT('',#10357);
#2959=VERTEX_POINT('',#10359);
#2960=VERTEX_POINT('',#10361);
#2961=VERTEX_POINT('',#10363);
#2962=VERTEX_POINT('',#10365);
#2963=VERTEX_POINT('',#10367);
#2964=VERTEX_POINT('',#10370);
#2965=VERTEX_POINT('',#10371);
#2966=VERTEX_POINT('',#10373);
#2967=VERTEX_POINT('',#10375);
#2968=VERTEX_POINT('',#10378);
#2969=VERTEX_POINT('',#10379);
#2970=VERTEX_POINT('',#10381);
#2971=VERTEX_POINT('',#10383);
#2972=VERTEX_POINT('',#10385);
#2973=VERTEX_POINT('',#10387);
#2974=VERTEX_POINT('',#10389);
#2975=VERTEX_POINT('',#10391);
#2976=VERTEX_POINT('',#10394);
#2977=VERTEX_POINT('',#10395);
#2978=VERTEX_POINT('',#10397);
#2979=VERTEX_POINT('',#10399);
#2980=VERTEX_POINT('',#10401);
#2981=VERTEX_POINT('',#10403);
#2982=VERTEX_POINT('',#10405);
#2983=VERTEX_POINT('',#10407);
#2984=VERTEX_POINT('',#10410);
#2985=VERTEX_POINT('',#10411);
#2986=VERTEX_POINT('',#10413);
#2987=VERTEX_POINT('',#10415);
#2988=VERTEX_POINT('',#10417);
#2989=VERTEX_POINT('',#10419);
#2990=VERTEX_POINT('',#10421);
#2991=VERTEX_POINT('',#10423);
#2992=VERTEX_POINT('',#10426);
#2993=VERTEX_POINT('',#10427);
#2994=VERTEX_POINT('',#10429);
#2995=VERTEX_POINT('',#10431);
#2996=VERTEX_POINT('',#10433);
#2997=VERTEX_POINT('',#10435);
#2998=VERTEX_POINT('',#10437);
#2999=VERTEX_POINT('',#10439);
#3000=VERTEX_POINT('',#10442);
#3001=VERTEX_POINT('',#10443);
#3002=VERTEX_POINT('',#10445);
#3003=VERTEX_POINT('',#10447);
#3004=VERTEX_POINT('',#10449);
#3005=VERTEX_POINT('',#10451);
#3006=VERTEX_POINT('',#10453);
#3007=VERTEX_POINT('',#10455);
#3008=VERTEX_POINT('',#10458);
#3009=VERTEX_POINT('',#10459);
#3010=VERTEX_POINT('',#10461);
#3011=VERTEX_POINT('',#10463);
#3012=VERTEX_POINT('',#10467);
#3013=VERTEX_POINT('',#10469);
#3014=VERTEX_POINT('',#10471);
#3015=VERTEX_POINT('',#10473);
#3016=VERTEX_POINT('',#10475);
#3017=VERTEX_POINT('',#10478);
#3018=VERTEX_POINT('',#10480);
#3019=VERTEX_POINT('',#10483);
#3020=VERTEX_POINT('',#10485);
#3021=VERTEX_POINT('',#10487);
#3022=VERTEX_POINT('',#10491);
#3023=VERTEX_POINT('',#10493);
#3024=VERTEX_POINT('',#10495);
#3025=VERTEX_POINT('',#10499);
#3026=VERTEX_POINT('',#10500);
#3027=VERTEX_POINT('',#10503);
#3028=VERTEX_POINT('',#10505);
#3029=VERTEX_POINT('',#10509);
#3030=VERTEX_POINT('',#10511);
#3031=VERTEX_POINT('',#10517);
#3032=VERTEX_POINT('',#10523);
#3033=VERTEX_POINT('',#10524);
#3034=VERTEX_POINT('',#10526);
#3035=VERTEX_POINT('',#10528);
#3036=VERTEX_POINT('',#10530);
#3037=VERTEX_POINT('',#10532);
#3038=VERTEX_POINT('',#10534);
#3039=VERTEX_POINT('',#10536);
#3040=VERTEX_POINT('',#10538);
#3041=VERTEX_POINT('',#10540);
#3042=VERTEX_POINT('',#10542);
#3043=VERTEX_POINT('',#10544);
#3044=VERTEX_POINT('',#10547);
#3045=VERTEX_POINT('',#10549);
#3046=VERTEX_POINT('',#10551);
#3047=VERTEX_POINT('',#10553);
#3048=VERTEX_POINT('',#10555);
#3049=VERTEX_POINT('',#10559);
#3050=VERTEX_POINT('',#10561);
#3051=VERTEX_POINT('',#10563);
#3052=VERTEX_POINT('',#10566);
#3053=VERTEX_POINT('',#10568);
#3054=VERTEX_POINT('',#10570);
#3055=VERTEX_POINT('',#10572);
#3056=VERTEX_POINT('',#10574);
#3057=VERTEX_POINT('',#10576);
#3058=VERTEX_POINT('',#10578);
#3059=VERTEX_POINT('',#10580);
#3060=VERTEX_POINT('',#10582);
#3061=VERTEX_POINT('',#10584);
#3062=VERTEX_POINT('',#10586);
#3063=VERTEX_POINT('',#10588);
#3064=VERTEX_POINT('',#10590);
#3065=VERTEX_POINT('',#10592);
#3066=VERTEX_POINT('',#10594);
#3067=VERTEX_POINT('',#10596);
#3068=VERTEX_POINT('',#10598);
#3069=VERTEX_POINT('',#10600);
#3070=VERTEX_POINT('',#10602);
#3071=VERTEX_POINT('',#10604);
#3072=VERTEX_POINT('',#10606);
#3073=VERTEX_POINT('',#10608);
#3074=VERTEX_POINT('',#10610);
#3075=VERTEX_POINT('',#10612);
#3076=VERTEX_POINT('',#10614);
#3077=VERTEX_POINT('',#10616);
#3078=VERTEX_POINT('',#10618);
#3079=VERTEX_POINT('',#10621);
#3080=VERTEX_POINT('',#10622);
#3081=VERTEX_POINT('',#10624);
#3082=VERTEX_POINT('',#10626);
#3083=VERTEX_POINT('',#10628);
#3084=VERTEX_POINT('',#10630);
#3085=VERTEX_POINT('',#10633);
#3086=VERTEX_POINT('',#10634);
#3087=VERTEX_POINT('',#10636);
#3088=VERTEX_POINT('',#10638);
#3089=VERTEX_POINT('',#10640);
#3090=VERTEX_POINT('',#10642);
#3091=VERTEX_POINT('',#10645);
#3092=VERTEX_POINT('',#10646);
#3093=VERTEX_POINT('',#10648);
#3094=VERTEX_POINT('',#10650);
#3095=VERTEX_POINT('',#10652);
#3096=VERTEX_POINT('',#10654);
#3097=VERTEX_POINT('',#10656);
#3098=VERTEX_POINT('',#10658);
#3099=VERTEX_POINT('',#10660);
#3100=VERTEX_POINT('',#10662);
#3101=VERTEX_POINT('',#10664);
#3102=VERTEX_POINT('',#10666);
#3103=VERTEX_POINT('',#10668);
#3104=VERTEX_POINT('',#10671);
#3105=VERTEX_POINT('',#10672);
#3106=VERTEX_POINT('',#10674);
#3107=VERTEX_POINT('',#10676);
#3108=VERTEX_POINT('',#10678);
#3109=VERTEX_POINT('',#10680);
#3110=VERTEX_POINT('',#10683);
#3111=VERTEX_POINT('',#10684);
#3112=VERTEX_POINT('',#10686);
#3113=VERTEX_POINT('',#10688);
#3114=VERTEX_POINT('',#10690);
#3115=VERTEX_POINT('',#10692);
#3116=VERTEX_POINT('',#10696);
#3117=VERTEX_POINT('',#10698);
#3118=VERTEX_POINT('',#10702);
#3119=VERTEX_POINT('',#10704);
#3120=VERTEX_POINT('',#10706);
#3121=VERTEX_POINT('',#10710);
#3122=VERTEX_POINT('',#10714);
#3123=VERTEX_POINT('',#10718);
#3124=VERTEX_POINT('',#10721);
#3125=VERTEX_POINT('',#10723);
#3126=VERTEX_POINT('',#10725);
#3127=VERTEX_POINT('',#10727);
#3128=VERTEX_POINT('',#10729);
#3129=VERTEX_POINT('',#10733);
#3130=VERTEX_POINT('',#10735);
#3131=VERTEX_POINT('',#10737);
#3132=VERTEX_POINT('',#10745);
#3133=VERTEX_POINT('',#10747);
#3134=VERTEX_POINT('',#10750);
#3135=VERTEX_POINT('',#10752);
#3136=VERTEX_POINT('',#10754);
#3137=VERTEX_POINT('',#10756);
#3138=VERTEX_POINT('',#10759);
#3139=VERTEX_POINT('',#10761);
#3140=VERTEX_POINT('',#10763);
#3141=VERTEX_POINT('',#10766);
#3142=VERTEX_POINT('',#10768);
#3143=VERTEX_POINT('',#10770);
#3144=VERTEX_POINT('',#10775);
#3145=VERTEX_POINT('',#10794);
#3146=VERTEX_POINT('',#10795);
#3147=VERTEX_POINT('',#10800);
#3148=VERTEX_POINT('',#10802);
#3149=VERTEX_POINT('',#10809);
#3150=VERTEX_POINT('',#10814);
#3151=VERTEX_POINT('',#10815);
#3152=VERTEX_POINT('',#10817);
#3153=VERTEX_POINT('',#10822);
#3154=VERTEX_POINT('',#10824);
#3155=VERTEX_POINT('',#10827);
#3156=VERTEX_POINT('',#10829);
#3157=VERTEX_POINT('',#10831);
#3158=VERTEX_POINT('',#10833);
#3159=VERTEX_POINT('',#10837);
#3160=VERTEX_POINT('',#10841);
#3161=VERTEX_POINT('',#10845);
#3162=VERTEX_POINT('',#10848);
#3163=VERTEX_POINT('',#10850);
#3164=VERTEX_POINT('',#10853);
#3165=VERTEX_POINT('',#10855);
#3166=VERTEX_POINT('',#10857);
#3167=VERTEX_POINT('',#10859);
#3168=VERTEX_POINT('',#10863);
#3169=VERTEX_POINT('',#10865);
#3170=VERTEX_POINT('',#10869);
#3171=VERTEX_POINT('',#10873);
#3172=VERTEX_POINT('',#10877);
#3173=VERTEX_POINT('',#10881);
#3174=VERTEX_POINT('',#10888);
#3175=VERTEX_POINT('',#10892);
#3176=VERTEX_POINT('',#10900);
#3177=VERTEX_POINT('',#10905);
#3178=VERTEX_POINT('',#10909);
#3179=VERTEX_POINT('',#10910);
#3180=VERTEX_POINT('',#10912);
#3181=VERTEX_POINT('',#10914);
#3182=VERTEX_POINT('',#10916);
#3183=VERTEX_POINT('',#10918);
#3184=VERTEX_POINT('',#10920);
#3185=VERTEX_POINT('',#10922);
#3186=VERTEX_POINT('',#10924);
#3187=VERTEX_POINT('',#10926);
#3188=VERTEX_POINT('',#10929);
#3189=VERTEX_POINT('',#10932);
#3190=VERTEX_POINT('',#10934);
#3191=VERTEX_POINT('',#10937);
#3192=VERTEX_POINT('',#10939);
#3193=VERTEX_POINT('',#10942);
#3194=VERTEX_POINT('',#10944);
#3195=VERTEX_POINT('',#10947);
#3196=VERTEX_POINT('',#10949);
#3197=VERTEX_POINT('',#10951);
#3198=VERTEX_POINT('',#10953);
#3199=VERTEX_POINT('',#10955);
#3200=VERTEX_POINT('',#10957);
#3201=VERTEX_POINT('',#10959);
#3202=VERTEX_POINT('',#10961);
#3203=VERTEX_POINT('',#10965);
#3204=VERTEX_POINT('',#10967);
#3205=VERTEX_POINT('',#10971);
#3206=VERTEX_POINT('',#10975);
#3207=VERTEX_POINT('',#10980);
#3208=VERTEX_POINT('',#10984);
#3209=VERTEX_POINT('',#10990);
#3210=VERTEX_POINT('',#10994);
#3211=VERTEX_POINT('',#10998);
#3212=VERTEX_POINT('',#11002);
#3213=VERTEX_POINT('',#11009);
#3214=VERTEX_POINT('',#11011);
#3215=VERTEX_POINT('',#11015);
#3216=VERTEX_POINT('',#11020);
#3217=VERTEX_POINT('',#11024);
#3218=VERTEX_POINT('',#11030);
#3219=VERTEX_POINT('',#11032);
#3220=VERTEX_POINT('',#11034);
#3221=VERTEX_POINT('',#11048);
#3222=VERTEX_POINT('',#11052);
#3223=VERTEX_POINT('',#11054);
#3224=VERTEX_POINT('',#11058);
#3225=VERTEX_POINT('',#11062);
#3226=VERTEX_POINT('',#11068);
#3227=VERTEX_POINT('',#11070);
#3228=VERTEX_POINT('',#11081);
#3229=VERTEX_POINT('',#11083);
#3230=VERTEX_POINT('',#11085);
#3231=VERTEX_POINT('',#11087);
#3232=VERTEX_POINT('',#11089);
#3233=VERTEX_POINT('',#11093);
#3234=VERTEX_POINT('',#11097);
#3235=VERTEX_POINT('',#11098);
#3236=VERTEX_POINT('',#11101);
#3237=VERTEX_POINT('',#11103);
#3238=VERTEX_POINT('',#11105);
#3239=VERTEX_POINT('',#11109);
#3240=VERTEX_POINT('',#11110);
#3241=VERTEX_POINT('',#11112);
#3242=VERTEX_POINT('',#11122);
#3243=VERTEX_POINT('',#11123);
#3244=VERTEX_POINT('',#11125);
#3245=VERTEX_POINT('',#11127);
#3246=VERTEX_POINT('',#11130);
#3247=VERTEX_POINT('',#11131);
#3248=VERTEX_POINT('',#11133);
#3249=VERTEX_POINT('',#11135);
#3250=VERTEX_POINT('',#11140);
#3251=VERTEX_POINT('',#11142);
#3252=VERTEX_POINT('',#11148);
#3253=VERTEX_POINT('',#11150);
#3254=VERTEX_POINT('',#11152);
#3255=VERTEX_POINT('',#11154);
#3256=VERTEX_POINT('',#11156);
#3257=VERTEX_POINT('',#11158);
#3258=VERTEX_POINT('',#11160);
#3259=VERTEX_POINT('',#11162);
#3260=VERTEX_POINT('',#11164);
#3261=VERTEX_POINT('',#11166);
#3262=VERTEX_POINT('',#11168);
#3263=VERTEX_POINT('',#11174);
#3264=VERTEX_POINT('',#11178);
#3265=VERTEX_POINT('',#11182);
#3266=VERTEX_POINT('',#11186);
#3267=VERTEX_POINT('',#11190);
#3268=VERTEX_POINT('',#11194);
#3269=VERTEX_POINT('',#11198);
#3270=VERTEX_POINT('',#11202);
#3271=VERTEX_POINT('',#11204);
#3272=VERTEX_POINT('',#11206);
#3273=VERTEX_POINT('',#11208);
#3274=VERTEX_POINT('',#11223);
#3275=VERTEX_POINT('',#11225);
#3276=VERTEX_POINT('',#11230);
#3277=VERTEX_POINT('',#11232);
#3278=VERTEX_POINT('',#11234);
#3279=VERTEX_POINT('',#11236);
#3280=VERTEX_POINT('',#11238);
#3281=VERTEX_POINT('',#11240);
#3282=VERTEX_POINT('',#11242);
#3283=VERTEX_POINT('',#11244);
#3284=VERTEX_POINT('',#11246);
#3285=VERTEX_POINT('',#11248);
#3286=VERTEX_POINT('',#11250);
#3287=VERTEX_POINT('',#11254);
#3288=VERTEX_POINT('',#11258);
#3289=VERTEX_POINT('',#11262);
#3290=VERTEX_POINT('',#11264);
#3291=VERTEX_POINT('',#11266);
#3292=VERTEX_POINT('',#11268);
#3293=VERTEX_POINT('',#11270);
#3294=VERTEX_POINT('',#11272);
#3295=VERTEX_POINT('',#11274);
#3296=VERTEX_POINT('',#11276);
#3297=VERTEX_POINT('',#11278);
#3298=VERTEX_POINT('',#11306);
#3299=VERTEX_POINT('',#11310);
#3300=VERTEX_POINT('',#11314);
#3301=VERTEX_POINT('',#11315);
#3302=VERTEX_POINT('',#11317);
#3303=VERTEX_POINT('',#11320);
#3304=VERTEX_POINT('',#11324);
#3305=VERTEX_POINT('',#11326);
#3306=VERTEX_POINT('',#11328);
#3307=VERTEX_POINT('',#11330);
#3308=VERTEX_POINT('',#11337);
#3309=VERTEX_POINT('',#11338);
#3310=VERTEX_POINT('',#11340);
#3311=VERTEX_POINT('',#11342);
#3312=VERTEX_POINT('',#11345);
#3313=VERTEX_POINT('',#11346);
#3314=VERTEX_POINT('',#11348);
#3315=VERTEX_POINT('',#11350);
#3316=VERTEX_POINT('',#11355);
#3317=VERTEX_POINT('',#11357);
#3318=VERTEX_POINT('',#11359);
#3319=VERTEX_POINT('',#11363);
#3320=VERTEX_POINT('',#11365);
#3321=VERTEX_POINT('',#11367);
#3322=VERTEX_POINT('',#11369);
#3323=VERTEX_POINT('',#11371);
#3324=VERTEX_POINT('',#11373);
#3325=VERTEX_POINT('',#11375);
#3326=VERTEX_POINT('',#11377);
#3327=VERTEX_POINT('',#11379);
#3328=VERTEX_POINT('',#11381);
#3329=VERTEX_POINT('',#11383);
#3330=VERTEX_POINT('',#11387);
#3331=VERTEX_POINT('',#11389);
#3332=VERTEX_POINT('',#11395);
#3333=VERTEX_POINT('',#11400);
#3334=VERTEX_POINT('',#11402);
#3335=VERTEX_POINT('',#11406);
#3336=VERTEX_POINT('',#11407);
#3337=VERTEX_POINT('',#11409);
#3338=VERTEX_POINT('',#11411);
#3339=VERTEX_POINT('',#11413);
#3340=VERTEX_POINT('',#11415);
#3341=VERTEX_POINT('',#11417);
#3342=VERTEX_POINT('',#11419);
#3343=VERTEX_POINT('',#11421);
#3344=VERTEX_POINT('',#11423);
#3345=VERTEX_POINT('',#11425);
#3346=VERTEX_POINT('',#11430);
#3347=VERTEX_POINT('',#11432);
#3348=VERTEX_POINT('',#11438);
#3349=VERTEX_POINT('',#11440);
#3350=VERTEX_POINT('',#11442);
#3351=VERTEX_POINT('',#11444);
#3352=VERTEX_POINT('',#11446);
#3353=VERTEX_POINT('',#11448);
#3354=VERTEX_POINT('',#11450);
#3355=VERTEX_POINT('',#11452);
#3356=VERTEX_POINT('',#11454);
#3357=VERTEX_POINT('',#11456);
#3358=VERTEX_POINT('',#11488);
#3359=VERTEX_POINT('',#11490);
#3360=VERTEX_POINT('',#11492);
#3361=VERTEX_POINT('',#11494);
#3362=VERTEX_POINT('',#11496);
#3363=VERTEX_POINT('',#11498);
#3364=VERTEX_POINT('',#11500);
#3365=VERTEX_POINT('',#11502);
#3366=VERTEX_POINT('',#11504);
#3367=VERTEX_POINT('',#11506);
#3368=VERTEX_POINT('',#11537);
#3369=VERTEX_POINT('',#11539);
#3370=VERTEX_POINT('',#11541);
#3371=VERTEX_POINT('',#11545);
#3372=VERTEX_POINT('',#11549);
#3373=VERTEX_POINT('',#11551);
#3374=VERTEX_POINT('',#11562);
#3375=VERTEX_POINT('',#11566);
#3376=VERTEX_POINT('',#11571);
#3377=VERTEX_POINT('',#11576);
#3378=VERTEX_POINT('',#11580);
#3379=VERTEX_POINT('',#11582);
#3380=VERTEX_POINT('',#11591);
#3381=VERTEX_POINT('',#11592);
#3382=VERTEX_POINT('',#11594);
#3383=VERTEX_POINT('',#11599);
#3384=VERTEX_POINT('',#11600);
#3385=VERTEX_POINT('',#11605);
#3386=VERTEX_POINT('',#11614);
#3387=VERTEX_POINT('',#11616);
#3388=VERTEX_POINT('',#11620);
#3389=VERTEX_POINT('',#11624);
#3390=VERTEX_POINT('',#11628);
#3391=VERTEX_POINT('',#11630);
#3392=VERTEX_POINT('',#11639);
#3393=VERTEX_POINT('',#11640);
#3394=VERTEX_POINT('',#11645);
#3395=VERTEX_POINT('',#11646);
#3396=VERTEX_POINT('',#11648);
#3397=VERTEX_POINT('',#11651);
#3398=VERTEX_POINT('',#11654);
#3399=VERTEX_POINT('',#11655);
#3400=VERTEX_POINT('',#11657);
#3401=VERTEX_POINT('',#11659);
#3402=VERTEX_POINT('',#11672);
#3403=VERTEX_POINT('',#11673);
#3404=VERTEX_POINT('',#11675);
#3405=VERTEX_POINT('',#11678);
#3406=VERTEX_POINT('',#11680);
#3407=VERTEX_POINT('',#11682);
#3408=VERTEX_POINT('',#11686);
#3409=VERTEX_POINT('',#11687);
#3410=VERTEX_POINT('',#11692);
#3411=VERTEX_POINT('',#11693);
#3412=VERTEX_POINT('',#11695);
#3413=VERTEX_POINT('',#11698);
#3414=VERTEX_POINT('',#11706);
#3415=VERTEX_POINT('',#11707);
#3416=VERTEX_POINT('',#11709);
#3417=VERTEX_POINT('',#11711);
#3418=VERTEX_POINT('',#11716);
#3419=VERTEX_POINT('',#11718);
#3420=VERTEX_POINT('',#11720);
#3421=VERTEX_POINT('',#11722);
#3422=VERTEX_POINT('',#11724);
#3423=VERTEX_POINT('',#11726);
#3424=VERTEX_POINT('',#11730);
#3425=VERTEX_POINT('',#11734);
#3426=VERTEX_POINT('',#11736);
#3427=VERTEX_POINT('',#11738);
#3428=VERTEX_POINT('',#11740);
#3429=VERTEX_POINT('',#11742);
#3430=VERTEX_POINT('',#11752);
#3431=VERTEX_POINT('',#11753);
#3432=VERTEX_POINT('',#11755);
#3433=VERTEX_POINT('',#11757);
#3434=VERTEX_POINT('',#11759);
#3435=VERTEX_POINT('',#11761);
#3436=VERTEX_POINT('',#11787);
#3437=VERTEX_POINT('',#11789);
#3438=VERTEX_POINT('',#11793);
#3439=VERTEX_POINT('',#11797);
#3440=VERTEX_POINT('',#11801);
#3441=VERTEX_POINT('',#11805);
#3442=VERTEX_POINT('',#11809);
#3443=VERTEX_POINT('',#11813);
#3444=VERTEX_POINT('',#11817);
#3445=VERTEX_POINT('',#11821);
#3446=VERTEX_POINT('',#11825);
#3447=VERTEX_POINT('',#11829);
#3448=VERTEX_POINT('',#11833);
#3449=VERTEX_POINT('',#11840);
#3450=VERTEX_POINT('',#11841);
#3451=VERTEX_POINT('',#11846);
#3452=VERTEX_POINT('',#11848);
#3453=VERTEX_POINT('',#11850);
#3454=VERTEX_POINT('',#11852);
#3455=VERTEX_POINT('',#11865);
#3456=VERTEX_POINT('',#11869);
#3457=VERTEX_POINT('',#11876);
#3458=VERTEX_POINT('',#11878);
#3459=VERTEX_POINT('',#11882);
#3460=VERTEX_POINT('',#11886);
#3461=VERTEX_POINT('',#11890);
#3462=VERTEX_POINT('',#11894);
#3463=VERTEX_POINT('',#11901);
#3464=VERTEX_POINT('',#11903);
#3465=VERTEX_POINT('',#11907);
#3466=VERTEX_POINT('',#11911);
#3467=VERTEX_POINT('',#11915);
#3468=VERTEX_POINT('',#11919);
#3469=VERTEX_POINT('',#11923);
#3470=VERTEX_POINT('',#11927);
#3471=VERTEX_POINT('',#11934);
#3472=VERTEX_POINT('',#11936);
#3473=VERTEX_POINT('',#11940);
#3474=VERTEX_POINT('',#11944);
#3475=VERTEX_POINT('',#11948);
#3476=VERTEX_POINT('',#11952);
#3477=VERTEX_POINT('',#11956);
#3478=VERTEX_POINT('',#11960);
#3479=VERTEX_POINT('',#11967);
#3480=VERTEX_POINT('',#11969);
#3481=VERTEX_POINT('',#11973);
#3482=VERTEX_POINT('',#11977);
#3483=VERTEX_POINT('',#11981);
#3484=VERTEX_POINT('',#11985);
#3485=VERTEX_POINT('',#11989);
#3486=VERTEX_POINT('',#11993);
#3487=VERTEX_POINT('',#12000);
#3488=VERTEX_POINT('',#12001);
#3489=VERTEX_POINT('',#12003);
#3490=VERTEX_POINT('',#12005);
#3491=VERTEX_POINT('',#12007);
#3492=VERTEX_POINT('',#12009);
#3493=VERTEX_POINT('',#12012);
#3494=VERTEX_POINT('',#12014);
#3495=VERTEX_POINT('',#12016);
#3496=VERTEX_POINT('',#12018);
#3497=VERTEX_POINT('',#12020);
#3498=VERTEX_POINT('',#12022);
#3499=VERTEX_POINT('',#12024);
#3500=VERTEX_POINT('',#12026);
#3501=VERTEX_POINT('',#12028);
#3502=VERTEX_POINT('',#12030);
#3503=VERTEX_POINT('',#12032);
#3504=VERTEX_POINT('',#12034);
#3505=VERTEX_POINT('',#12038);
#3506=VERTEX_POINT('',#12040);
#3507=VERTEX_POINT('',#12044);
#3508=VERTEX_POINT('',#12045);
#3509=VERTEX_POINT('',#12047);
#3510=VERTEX_POINT('',#12049);
#3511=VERTEX_POINT('',#12053);
#3512=VERTEX_POINT('',#12057);
#3513=VERTEX_POINT('',#12059);
#3514=VERTEX_POINT('',#12061);
#3515=VERTEX_POINT('',#12063);
#3516=VERTEX_POINT('',#12065);
#3517=VERTEX_POINT('',#12067);
#3518=VERTEX_POINT('',#12069);
#3519=VERTEX_POINT('',#12071);
#3520=VERTEX_POINT('',#12073);
#3521=VERTEX_POINT('',#12075);
#3522=VERTEX_POINT('',#12077);
#3523=VERTEX_POINT('',#12080);
#3524=VERTEX_POINT('',#12082);
#3525=VERTEX_POINT('',#12084);
#3526=VERTEX_POINT('',#12086);
#3527=VERTEX_POINT('',#12092);
#3528=VERTEX_POINT('',#12094);
#3529=VERTEX_POINT('',#12100);
#3530=VERTEX_POINT('',#12102);
#3531=VERTEX_POINT('',#12111);
#3532=VERTEX_POINT('',#12113);
#3533=VERTEX_POINT('',#12115);
#3534=VERTEX_POINT('',#12117);
#3535=VERTEX_POINT('',#12119);
#3536=VERTEX_POINT('',#12121);
#3537=VERTEX_POINT('',#12123);
#3538=VERTEX_POINT('',#12125);
#3539=VERTEX_POINT('',#12127);
#3540=VERTEX_POINT('',#12129);
#3541=VERTEX_POINT('',#12131);
#3542=VERTEX_POINT('',#12133);
#3543=VERTEX_POINT('',#12136);
#3544=VERTEX_POINT('',#12138);
#3545=VERTEX_POINT('',#12142);
#3546=VERTEX_POINT('',#12146);
#3547=VERTEX_POINT('',#12149);
#3548=VERTEX_POINT('',#12151);
#3549=VERTEX_POINT('',#12153);
#3550=VERTEX_POINT('',#12155);
#3551=VERTEX_POINT('',#12157);
#3552=VERTEX_POINT('',#12159);
#3553=VERTEX_POINT('',#12161);
#3554=VERTEX_POINT('',#12163);
#3555=VERTEX_POINT('',#12165);
#3556=VERTEX_POINT('',#12167);
#3557=VERTEX_POINT('',#12169);
#3558=VERTEX_POINT('',#12171);
#3559=VERTEX_POINT('',#12226);
#3560=VERTEX_POINT('',#12228);
#3561=VERTEX_POINT('',#12232);
#3562=VERTEX_POINT('',#12236);
#3563=VERTEX_POINT('',#12240);
#3564=VERTEX_POINT('',#12244);
#3565=VERTEX_POINT('',#12248);
#3566=VERTEX_POINT('',#12252);
#3567=VERTEX_POINT('',#12259);
#3568=VERTEX_POINT('',#12261);
#3569=VERTEX_POINT('',#12265);
#3570=VERTEX_POINT('',#12269);
#3571=VERTEX_POINT('',#12273);
#3572=VERTEX_POINT('',#12277);
#3573=VERTEX_POINT('',#12281);
#3574=VERTEX_POINT('',#12285);
#3575=VERTEX_POINT('',#12292);
#3576=VERTEX_POINT('',#12294);
#3577=VERTEX_POINT('',#12298);
#3578=VERTEX_POINT('',#12302);
#3579=VERTEX_POINT('',#12306);
#3580=VERTEX_POINT('',#12310);
#3581=VERTEX_POINT('',#12314);
#3582=VERTEX_POINT('',#12318);
#3583=VERTEX_POINT('',#12325);
#3584=VERTEX_POINT('',#12327);
#3585=VERTEX_POINT('',#12331);
#3586=VERTEX_POINT('',#12335);
#3587=VERTEX_POINT('',#12339);
#3588=VERTEX_POINT('',#12343);
#3589=VERTEX_POINT('',#12347);
#3590=VERTEX_POINT('',#12351);
#3591=VERTEX_POINT('',#12358);
#3592=VERTEX_POINT('',#12359);
#3593=VERTEX_POINT('',#12364);
#3594=VERTEX_POINT('',#12365);
#3595=VERTEX_POINT('',#12367);
#3596=VERTEX_POINT('',#12369);
#3597=VERTEX_POINT('',#12372);
#3598=VERTEX_POINT('',#12374);
#3599=EDGE_CURVE('',#2885,#2886,#1157,.T.);
#3600=EDGE_CURVE('',#2887,#2886,#1158,.T.);
#3601=EDGE_CURVE('',#2887,#2888,#1159,.T.);
#3602=EDGE_CURVE('',#2889,#2888,#1160,.T.);
#3603=EDGE_CURVE('',#2889,#2885,#1161,.T.);
#3604=EDGE_CURVE('',#2890,#2885,#1162,.T.);
#3605=EDGE_CURVE('',#2890,#2891,#1163,.T.);
#3606=EDGE_CURVE('',#2891,#2892,#1164,.T.);
#3607=EDGE_CURVE('',#2893,#2892,#1165,.T.);
#3608=EDGE_CURVE('',#2893,#2886,#1166,.T.);
#3609=EDGE_CURVE('',#2894,#2895,#1167,.T.);
#3610=EDGE_CURVE('',#2896,#2895,#1168,.T.);
#3611=EDGE_CURVE('',#2897,#2896,#1169,.T.);
#3612=EDGE_CURVE('',#2897,#2898,#1170,.T.);
#3613=EDGE_CURVE('',#2898,#2899,#1171,.T.);
#3614=EDGE_CURVE('',#2900,#2899,#1172,.T.);
#3615=EDGE_CURVE('',#2901,#2900,#1173,.T.);
#3616=EDGE_CURVE('',#2902,#2901,#1174,.T.);
#3617=EDGE_CURVE('',#2902,#2903,#1175,.T.);
#3618=EDGE_CURVE('',#2904,#2903,#1176,.T.);
#3619=EDGE_CURVE('',#2905,#2904,#1177,.T.);
#3620=EDGE_CURVE('',#2905,#2906,#1178,.T.);
#3621=EDGE_CURVE('',#2907,#2906,#1179,.T.);
#3622=EDGE_CURVE('',#2908,#2907,#1180,.T.);
#3623=EDGE_CURVE('',#2908,#2909,#1181,.T.);
#3624=EDGE_CURVE('',#2910,#2909,#1182,.T.);
#3625=EDGE_CURVE('',#2911,#2910,#1183,.T.);
#3626=EDGE_CURVE('',#2912,#2911,#1184,.T.);
#3627=EDGE_CURVE('',#2886,#2912,#1185,.T.);
#3628=EDGE_CURVE('',#2913,#2893,#1186,.T.);
#3629=EDGE_CURVE('',#2913,#2914,#1187,.T.);
#3630=EDGE_CURVE('',#2914,#2915,#1188,.T.);
#3631=EDGE_CURVE('',#2916,#2915,#1189,.T.);
#3632=EDGE_CURVE('',#2916,#2917,#1190,.T.);
#3633=EDGE_CURVE('',#2917,#2918,#1191,.T.);
#3634=EDGE_CURVE('',#2919,#2918,#1192,.T.);
#3635=EDGE_CURVE('',#2920,#2919,#1193,.T.);
#3636=EDGE_CURVE('',#2920,#2921,#1194,.T.);
#3637=EDGE_CURVE('',#2921,#2922,#1195,.T.);
#3638=EDGE_CURVE('',#2923,#2922,#1196,.T.);
#3639=EDGE_CURVE('',#2924,#2923,#1197,.T.);
#3640=EDGE_CURVE('',#2924,#2925,#1198,.T.);
#3641=EDGE_CURVE('',#2925,#2926,#1199,.T.);
#3642=EDGE_CURVE('',#2926,#2927,#1200,.T.);
#3643=EDGE_CURVE('',#2927,#2928,#1201,.T.);
#3644=EDGE_CURVE('',#2929,#2928,#1202,.T.);
#3645=EDGE_CURVE('',#2929,#2930,#1203,.T.);
#3646=EDGE_CURVE('',#2931,#2930,#1204,.T.);
#3647=EDGE_CURVE('',#2932,#2931,#1205,.T.);
#3648=EDGE_CURVE('',#2933,#2932,#1206,.T.);
#3649=EDGE_CURVE('',#2934,#2933,#1207,.T.);
#3650=EDGE_CURVE('',#2935,#2934,#1208,.T.);
#3651=EDGE_CURVE('',#2935,#2936,#1209,.T.);
#3652=EDGE_CURVE('',#2936,#2937,#1210,.T.);
#3653=EDGE_CURVE('',#2937,#2938,#1211,.T.);
#3654=EDGE_CURVE('',#2938,#2939,#1212,.T.);
#3655=EDGE_CURVE('',#2894,#2939,#1213,.T.);
#3656=EDGE_CURVE('',#2940,#2941,#146,.T.);
#3657=EDGE_CURVE('',#2942,#2941,#1214,.T.);
#3658=EDGE_CURVE('',#2942,#2943,#147,.T.);
#3659=EDGE_CURVE('',#2944,#2943,#1215,.T.);
#3660=EDGE_CURVE('',#2944,#2945,#148,.T.);
#3661=EDGE_CURVE('',#2946,#2945,#1216,.T.);
#3662=EDGE_CURVE('',#2946,#2947,#149,.T.);
#3663=EDGE_CURVE('',#2940,#2947,#1217,.T.);
#3664=EDGE_CURVE('',#2948,#2949,#150,.T.);
#3665=EDGE_CURVE('',#2950,#2949,#1218,.T.);
#3666=EDGE_CURVE('',#2950,#2951,#151,.T.);
#3667=EDGE_CURVE('',#2952,#2951,#1219,.T.);
#3668=EDGE_CURVE('',#2952,#2953,#152,.T.);
#3669=EDGE_CURVE('',#2954,#2953,#1220,.T.);
#3670=EDGE_CURVE('',#2954,#2955,#153,.T.);
#3671=EDGE_CURVE('',#2948,#2955,#1221,.T.);
#3672=EDGE_CURVE('',#2956,#2957,#154,.T.);
#3673=EDGE_CURVE('',#2958,#2957,#1222,.T.);
#3674=EDGE_CURVE('',#2958,#2959,#155,.T.);
#3675=EDGE_CURVE('',#2960,#2959,#1223,.T.);
#3676=EDGE_CURVE('',#2960,#2961,#156,.T.);
#3677=EDGE_CURVE('',#2962,#2961,#1224,.T.);
#3678=EDGE_CURVE('',#2962,#2963,#157,.T.);
#3679=EDGE_CURVE('',#2956,#2963,#1225,.T.);
#3680=EDGE_CURVE('',#2964,#2965,#1226,.T.);
#3681=EDGE_CURVE('',#2964,#2966,#1227,.T.);
#3682=EDGE_CURVE('',#2966,#2967,#1228,.T.);
#3683=EDGE_CURVE('',#2965,#2967,#1229,.T.);
#3684=EDGE_CURVE('',#2968,#2969,#1230,.T.);
#3685=EDGE_CURVE('',#2968,#2970,#158,.T.);
#3686=EDGE_CURVE('',#2971,#2970,#1231,.T.);
#3687=EDGE_CURVE('',#2971,#2972,#159,.T.);
#3688=EDGE_CURVE('',#2973,#2972,#1232,.T.);
#3689=EDGE_CURVE('',#2973,#2974,#160,.T.);
#3690=EDGE_CURVE('',#2975,#2974,#1233,.T.);
#3691=EDGE_CURVE('',#2975,#2969,#161,.T.);
#3692=EDGE_CURVE('',#2976,#2977,#162,.T.);
#3693=EDGE_CURVE('',#2978,#2977,#1234,.T.);
#3694=EDGE_CURVE('',#2978,#2979,#163,.T.);
#3695=EDGE_CURVE('',#2980,#2979,#1235,.T.);
#3696=EDGE_CURVE('',#2980,#2981,#164,.T.);
#3697=EDGE_CURVE('',#2982,#2981,#1236,.T.);
#3698=EDGE_CURVE('',#2982,#2983,#165,.T.);
#3699=EDGE_CURVE('',#2976,#2983,#1237,.T.);
#3700=EDGE_CURVE('',#2984,#2985,#166,.T.);
#3701=EDGE_CURVE('',#2986,#2985,#1238,.T.);
#3702=EDGE_CURVE('',#2986,#2987,#167,.T.);
#3703=EDGE_CURVE('',#2988,#2987,#1239,.T.);
#3704=EDGE_CURVE('',#2988,#2989,#168,.T.);
#3705=EDGE_CURVE('',#2990,#2989,#1240,.T.);
#3706=EDGE_CURVE('',#2990,#2991,#169,.T.);
#3707=EDGE_CURVE('',#2984,#2991,#1241,.T.);
#3708=EDGE_CURVE('',#2992,#2993,#1242,.T.);
#3709=EDGE_CURVE('',#2992,#2994,#170,.T.);
#3710=EDGE_CURVE('',#2995,#2994,#1243,.T.);
#3711=EDGE_CURVE('',#2995,#2996,#171,.T.);
#3712=EDGE_CURVE('',#2997,#2996,#1244,.T.);
#3713=EDGE_CURVE('',#2997,#2998,#172,.T.);
#3714=EDGE_CURVE('',#2999,#2998,#1245,.T.);
#3715=EDGE_CURVE('',#2999,#2993,#173,.T.);
#3716=EDGE_CURVE('',#3000,#3001,#174,.T.);
#3717=EDGE_CURVE('',#3002,#3001,#1246,.T.);
#3718=EDGE_CURVE('',#3002,#3003,#175,.T.);
#3719=EDGE_CURVE('',#3004,#3003,#1247,.T.);
#3720=EDGE_CURVE('',#3004,#3005,#176,.T.);
#3721=EDGE_CURVE('',#3006,#3005,#1248,.T.);
#3722=EDGE_CURVE('',#3006,#3007,#177,.T.);
#3723=EDGE_CURVE('',#3000,#3007,#1249,.T.);
#3724=EDGE_CURVE('',#3008,#3009,#1250,.T.);
#3725=EDGE_CURVE('',#3008,#3010,#1251,.T.);
#3726=EDGE_CURVE('',#3010,#3011,#1252,.T.);
#3727=EDGE_CURVE('',#3009,#3011,#1253,.T.);
#3728=EDGE_CURVE('',#3012,#2903,#1254,.T.);
#3729=EDGE_CURVE('',#2902,#3013,#1255,.T.);
#3730=EDGE_CURVE('',#3013,#3014,#178,.T.);
#3731=EDGE_CURVE('',#3015,#3014,#1256,.T.);
#3732=EDGE_CURVE('',#3015,#3016,#179,.T.);
#3733=EDGE_CURVE('',#3016,#2899,#1257,.T.);
#3734=EDGE_CURVE('',#2898,#3017,#1258,.T.);
#3735=EDGE_CURVE('',#3017,#3018,#180,.T.);
#3736=EDGE_CURVE('',#3018,#2895,#1259,.T.);
#3737=EDGE_CURVE('',#2894,#3019,#1260,.T.);
#3738=EDGE_CURVE('',#3019,#3020,#181,.T.);
#3739=EDGE_CURVE('',#3020,#3021,#1261,.T.);
#3740=EDGE_CURVE('',#3021,#3012,#182,.T.);
#3741=EDGE_CURVE('',#3022,#3012,#1262,.T.);
#3742=EDGE_CURVE('',#3022,#3023,#1263,.T.);
#3743=EDGE_CURVE('',#3023,#3024,#1264,.T.);
#3744=EDGE_CURVE('',#3024,#2904,#1265,.T.);
#3745=EDGE_CURVE('',#3025,#3026,#183,.T.);
#3746=EDGE_CURVE('',#3026,#2905,#1266,.T.);
#3747=EDGE_CURVE('',#3024,#3027,#1267,.T.);
#3748=EDGE_CURVE('',#3027,#3028,#1268,.T.);
#3749=EDGE_CURVE('',#3025,#3028,#1269,.T.);
#3750=EDGE_CURVE('',#3029,#3026,#1270,.T.);
#3751=EDGE_CURVE('',#3025,#3030,#1271,.T.);
#3752=EDGE_CURVE('',#3029,#3030,#184,.T.);
#3753=EDGE_CURVE('',#2906,#3029,#1272,.T.);
#3754=EDGE_CURVE('',#3031,#3030,#1273,.T.);
#3755=EDGE_CURVE('',#3031,#2907,#1274,.T.);
#3756=EDGE_CURVE('',#3028,#3031,#1275,.T.);
#3757=EDGE_CURVE('',#3032,#3033,#1276,.T.);
#3758=EDGE_CURVE('',#3033,#3034,#1277,.T.);
#3759=EDGE_CURVE('',#3034,#3035,#1278,.T.);
#3760=EDGE_CURVE('',#3035,#3036,#1279,.T.);
#3761=EDGE_CURVE('',#3036,#3037,#1280,.T.);
#3762=EDGE_CURVE('',#3037,#3038,#1281,.T.);
#3763=EDGE_CURVE('',#3038,#3039,#1282,.T.);
#3764=EDGE_CURVE('',#3039,#3040,#1283,.T.);
#3765=EDGE_CURVE('',#3040,#3041,#1284,.T.);
#3766=EDGE_CURVE('',#3041,#3042,#1285,.T.);
#3767=EDGE_CURVE('',#3042,#3043,#1286,.T.);
#3768=EDGE_CURVE('',#3043,#2908,#1287,.T.);
#3769=EDGE_CURVE('',#3027,#3044,#1288,.T.);
#3770=EDGE_CURVE('',#3045,#3044,#1289,.T.);
#3771=EDGE_CURVE('',#3045,#3046,#1290,.T.);
#3772=EDGE_CURVE('',#3047,#3046,#1291,.T.);
#3773=EDGE_CURVE('',#3047,#3048,#1292,.T.);
#3774=EDGE_CURVE('',#3032,#3048,#1293,.T.);
#3775=EDGE_CURVE('',#3049,#3033,#1294,.T.);
#3776=EDGE_CURVE('',#3032,#3050,#1295,.T.);
#3777=EDGE_CURVE('',#3050,#3051,#1296,.T.);
#3778=EDGE_CURVE('',#3046,#3051,#1297,.T.);
#3779=EDGE_CURVE('',#3045,#3052,#185,.T.);
#3780=EDGE_CURVE('',#3052,#3053,#1298,.T.);
#3781=EDGE_CURVE('',#3053,#3054,#1299,.T.);
#3782=EDGE_CURVE('',#3054,#3055,#1300,.T.);
#3783=EDGE_CURVE('',#3055,#3056,#1301,.T.);
#3784=EDGE_CURVE('',#3057,#3056,#1302,.T.);
#3785=EDGE_CURVE('',#3058,#3057,#1303,.T.);
#3786=EDGE_CURVE('',#3059,#3058,#1304,.T.);
#3787=EDGE_CURVE('',#3059,#3060,#1305,.T.);
#3788=EDGE_CURVE('',#3061,#3060,#1306,.T.);
#3789=EDGE_CURVE('',#3061,#3062,#1307,.T.);
#3790=EDGE_CURVE('',#3062,#3063,#1308,.T.);
#3791=EDGE_CURVE('',#3063,#3064,#1309,.T.);
#3792=EDGE_CURVE('',#3065,#3064,#1310,.T.);
#3793=EDGE_CURVE('',#3066,#3065,#1311,.T.);
#3794=EDGE_CURVE('',#3067,#3066,#1312,.T.);
#3795=EDGE_CURVE('',#3068,#3067,#1313,.T.);
#3796=EDGE_CURVE('',#3069,#3068,#1314,.T.);
#3797=EDGE_CURVE('',#3069,#3070,#1315,.T.);
#3798=EDGE_CURVE('',#3070,#3071,#1316,.T.);
#3799=EDGE_CURVE('',#3071,#3072,#1317,.T.);
#3800=EDGE_CURVE('',#3073,#3072,#1318,.T.);
#3801=EDGE_CURVE('',#3073,#3074,#186,.T.);
#3802=EDGE_CURVE('',#3075,#3074,#1319,.T.);
#3803=EDGE_CURVE('',#3075,#3076,#1320,.T.);
#3804=EDGE_CURVE('',#3077,#3076,#1321,.T.);
#3805=EDGE_CURVE('',#3078,#3077,#1322,.T.);
#3806=EDGE_CURVE('',#3049,#3078,#1323,.T.);
#3807=EDGE_CURVE('',#3079,#3080,#1324,.T.);
#3808=EDGE_CURVE('',#3079,#3081,#1325,.T.);
#3809=EDGE_CURVE('',#3082,#3081,#1326,.T.);
#3810=EDGE_CURVE('',#3082,#3083,#1327,.T.);
#3811=EDGE_CURVE('',#3084,#3083,#1328,.T.);
#3812=EDGE_CURVE('',#3084,#3080,#1329,.T.);
#3813=EDGE_CURVE('',#3085,#3086,#1330,.T.);
#3814=EDGE_CURVE('',#3086,#3087,#1331,.T.);
#3815=EDGE_CURVE('',#3087,#3088,#1332,.T.);
#3816=EDGE_CURVE('',#3088,#3089,#1333,.T.);
#3817=EDGE_CURVE('',#3089,#3090,#1334,.T.);
#3818=EDGE_CURVE('',#3090,#3085,#1335,.T.);
#3819=EDGE_CURVE('',#3091,#3092,#1336,.T.);
#3820=EDGE_CURVE('',#3092,#3093,#1337,.T.);
#3821=EDGE_CURVE('',#3094,#3093,#1338,.T.);
#3822=EDGE_CURVE('',#3095,#3094,#1339,.T.);
#3823=EDGE_CURVE('',#3096,#3095,#1340,.T.);
#3824=EDGE_CURVE('',#3097,#3096,#1341,.T.);
#3825=EDGE_CURVE('',#3098,#3097,#1342,.T.);
#3826=EDGE_CURVE('',#3099,#3098,#1343,.T.);
#3827=EDGE_CURVE('',#3100,#3099,#1344,.T.);
#3828=EDGE_CURVE('',#3100,#3101,#1345,.T.);
#3829=EDGE_CURVE('',#3101,#3102,#1346,.T.);
#3830=EDGE_CURVE('',#3102,#3103,#1347,.T.);
#3831=EDGE_CURVE('',#3103,#3091,#1348,.T.);
#3832=EDGE_CURVE('',#3104,#3105,#1349,.T.);
#3833=EDGE_CURVE('',#3105,#3106,#1350,.T.);
#3834=EDGE_CURVE('',#3106,#3107,#1351,.T.);
#3835=EDGE_CURVE('',#3107,#3108,#1352,.T.);
#3836=EDGE_CURVE('',#3108,#3109,#1353,.T.);
#3837=EDGE_CURVE('',#3109,#3104,#1354,.T.);
#3838=EDGE_CURVE('',#3110,#3111,#1355,.T.);
#3839=EDGE_CURVE('',#3111,#3112,#1356,.T.);
#3840=EDGE_CURVE('',#3113,#3112,#1357,.T.);
#3841=EDGE_CURVE('',#3113,#3114,#1358,.T.);
#3842=EDGE_CURVE('',#3114,#3115,#1359,.T.);
#3843=EDGE_CURVE('',#3115,#3110,#1360,.T.);
#3844=EDGE_CURVE('',#3049,#3116,#1361,.T.);
#3845=EDGE_CURVE('',#3117,#3116,#1362,.T.);
#3846=EDGE_CURVE('',#3117,#3033,#1363,.T.);
#3847=EDGE_CURVE('',#3118,#3117,#1364,.T.);
#3848=EDGE_CURVE('',#3119,#3118,#1365,.T.);
#3849=EDGE_CURVE('',#3120,#3119,#1366,.T.);
#3850=EDGE_CURVE('',#3034,#3120,#1367,.T.);
#3851=EDGE_CURVE('',#3120,#3121,#1368,.T.);
#3852=EDGE_CURVE('',#3121,#3035,#1369,.T.);
#3853=EDGE_CURVE('',#3121,#3122,#1370,.T.);
#3854=EDGE_CURVE('',#3036,#3122,#1371,.T.);
#3855=EDGE_CURVE('',#3123,#2911,#1372,.T.);
#3856=EDGE_CURVE('',#3122,#3123,#1373,.T.);
#3857=EDGE_CURVE('',#3124,#3119,#1374,.T.);
#3858=EDGE_CURVE('',#3124,#3125,#1375,.T.);
#3859=EDGE_CURVE('',#3126,#3125,#1376,.T.);
#3860=EDGE_CURVE('',#3126,#3127,#1377,.T.);
#3861=EDGE_CURVE('',#3128,#3127,#1378,.T.);
#3862=EDGE_CURVE('',#3128,#2912,#1379,.T.);
#3863=EDGE_CURVE('',#3129,#3128,#1380,.T.);
#3864=EDGE_CURVE('',#3130,#3129,#1381,.T.);
#3865=EDGE_CURVE('',#3130,#3131,#1382,.T.);
#3866=EDGE_CURVE('',#2912,#3131,#1383,.T.);
#3867=EDGE_CURVE('',#3131,#2887,#1384,.T.);
#3868=EDGE_CURVE('',#2888,#3130,#1385,.T.);
#3869=EDGE_CURVE('',#3132,#3078,#1386,.T.);
#3870=EDGE_CURVE('',#3133,#3132,#1387,.T.);
#3871=EDGE_CURVE('',#3133,#3075,#1388,.T.);
#3872=EDGE_CURVE('',#3134,#3074,#1389,.T.);
#3873=EDGE_CURVE('',#3135,#3134,#1390,.T.);
#3874=EDGE_CURVE('',#3135,#3136,#1391,.T.);
#3875=EDGE_CURVE('',#3136,#3137,#1392,.T.);
#3876=EDGE_CURVE('',#3137,#2914,#1393,.T.);
#3877=EDGE_CURVE('',#2913,#3138,#1394,.T.);
#3878=EDGE_CURVE('',#3139,#3138,#1395,.T.);
#3879=EDGE_CURVE('',#3139,#3140,#1396,.T.);
#3880=EDGE_CURVE('',#3140,#2889,#1397,.T.);
#3881=EDGE_CURVE('',#3129,#3141,#1398,.T.);
#3882=EDGE_CURVE('',#3141,#3142,#1399,.T.);
#3883=EDGE_CURVE('',#3142,#3143,#1400,.T.);
#3884=EDGE_CURVE('',#3143,#3049,#1401,.T.);
#3885=EDGE_CURVE('',#3125,#3143,#1402,.T.);
#3886=EDGE_CURVE('',#3144,#3124,#1403,.T.);
#3887=EDGE_CURVE('',#3116,#3144,#1404,.T.);
#3888=EDGE_CURVE('',#3118,#3144,#1405,.T.);
#3889=EDGE_CURVE('',#3126,#3142,#1406,.T.);
#3890=EDGE_CURVE('',#3141,#3127,#1407,.T.);
#3891=EDGE_CURVE('',#3140,#2890,#1408,.T.);
#3892=EDGE_CURVE('',#3139,#2891,#1409,.T.);
#3893=EDGE_CURVE('',#3138,#2892,#1410,.T.);
#3894=EDGE_CURVE('',#3145,#3146,#187,.T.);
#3895=EDGE_CURVE('',#3146,#2915,#1411,.T.);
#3896=EDGE_CURVE('',#3137,#3145,#1412,.T.);
#3897=EDGE_CURVE('',#3145,#3147,#1413,.T.);
#3898=EDGE_CURVE('',#3148,#3147,#188,.T.);
#3899=EDGE_CURVE('',#3148,#3146,#1414,.T.);
#3900=EDGE_CURVE('',#2916,#3148,#1415,.T.);
#3901=EDGE_CURVE('',#3147,#3136,#1416,.T.);
#3902=EDGE_CURVE('',#3149,#3135,#1417,.T.);
#3903=EDGE_CURVE('',#3149,#2917,#1418,.T.);
#3904=EDGE_CURVE('',#3150,#3151,#1419,.T.);
#3905=EDGE_CURVE('',#3152,#3151,#1420,.T.);
#3906=EDGE_CURVE('',#2918,#3152,#1421,.T.);
#3907=EDGE_CURVE('',#3150,#3149,#1422,.T.);
#3908=EDGE_CURVE('',#3153,#3151,#189,.T.);
#3909=EDGE_CURVE('',#3154,#3150,#1423,.T.);
#3910=EDGE_CURVE('',#3073,#3154,#1424,.T.);
#3911=EDGE_CURVE('',#3072,#3155,#1425,.T.);
#3912=EDGE_CURVE('',#3156,#3155,#1426,.T.);
#3913=EDGE_CURVE('',#3157,#3156,#1427,.T.);
#3914=EDGE_CURVE('',#3157,#3158,#190,.T.);
#3915=EDGE_CURVE('',#3153,#3158,#1428,.T.);
#3916=EDGE_CURVE('',#3153,#3159,#1429,.T.);
#3917=EDGE_CURVE('',#3152,#3159,#191,.T.);
#3918=EDGE_CURVE('',#3160,#3158,#1430,.T.);
#3919=EDGE_CURVE('',#3159,#3160,#1431,.T.);
#3920=EDGE_CURVE('',#3160,#3161,#192,.T.);
#3921=EDGE_CURVE('',#3161,#2927,#1432,.T.);
#3922=EDGE_CURVE('',#2926,#3162,#1433,.T.);
#3923=EDGE_CURVE('',#3162,#3163,#193,.T.);
#3924=EDGE_CURVE('',#3163,#2923,#1434,.T.);
#3925=EDGE_CURVE('',#2922,#3164,#1435,.T.);
#3926=EDGE_CURVE('',#3164,#3165,#194,.T.);
#3927=EDGE_CURVE('',#3165,#3166,#1436,.T.);
#3928=EDGE_CURVE('',#3166,#3167,#195,.T.);
#3929=EDGE_CURVE('',#3167,#2919,#1437,.T.);
#3930=EDGE_CURVE('',#3168,#2920,#1438,.T.);
#3931=EDGE_CURVE('',#3169,#3167,#1439,.T.);
#3932=EDGE_CURVE('',#3168,#3169,#1440,.T.);
#3933=EDGE_CURVE('',#3170,#3168,#1441,.T.);
#3934=EDGE_CURVE('',#2921,#3170,#1442,.T.);
#3935=EDGE_CURVE('',#3171,#3170,#1443,.T.);
#3936=EDGE_CURVE('',#3164,#3171,#1444,.T.);
#3937=EDGE_CURVE('',#3172,#3171,#196,.T.);
#3938=EDGE_CURVE('',#3172,#3165,#1445,.T.);
#3939=EDGE_CURVE('',#3172,#3173,#1446,.T.);
#3940=EDGE_CURVE('',#3166,#3173,#1447,.T.);
#3941=EDGE_CURVE('',#3169,#3173,#197,.T.);
#3942=EDGE_CURVE('',#3174,#3163,#1448,.T.);
#3943=EDGE_CURVE('',#2924,#3174,#1449,.T.);
#3944=EDGE_CURVE('',#3174,#3175,#198,.T.);
#3945=EDGE_CURVE('',#2925,#3175,#1450,.T.);
#3946=EDGE_CURVE('',#3162,#3175,#1451,.T.);
#3947=EDGE_CURVE('',#3157,#3161,#1452,.T.);
#3948=EDGE_CURVE('',#3176,#3156,#1453,.T.);
#3949=EDGE_CURVE('',#2928,#3176,#1454,.T.);
#3950=EDGE_CURVE('',#3176,#3177,#1455,.T.);
#3951=EDGE_CURVE('',#2929,#3177,#1456,.T.);
#3952=EDGE_CURVE('',#3178,#3179,#1457,.T.);
#3953=EDGE_CURVE('',#3179,#3180,#1458,.T.);
#3954=EDGE_CURVE('',#3180,#3181,#1459,.T.);
#3955=EDGE_CURVE('',#3181,#3182,#1460,.T.);
#3956=EDGE_CURVE('',#3182,#3183,#1461,.T.);
#3957=EDGE_CURVE('',#3183,#3184,#1462,.T.);
#3958=EDGE_CURVE('',#3184,#3185,#1463,.T.);
#3959=EDGE_CURVE('',#3185,#3186,#1464,.T.);
#3960=EDGE_CURVE('',#3187,#3186,#1465,.T.);
#3961=EDGE_CURVE('',#3187,#2930,#1466,.T.);
#3962=EDGE_CURVE('',#3188,#3177,#1467,.T.);
#3963=EDGE_CURVE('',#3071,#3188,#1468,.T.);
#3964=EDGE_CURVE('',#3070,#3189,#1469,.T.);
#3965=EDGE_CURVE('',#3189,#3190,#1470,.T.);
#3966=EDGE_CURVE('',#3190,#3063,#1471,.T.);
#3967=EDGE_CURVE('',#3191,#3062,#1472,.T.);
#3968=EDGE_CURVE('',#3192,#3191,#1473,.T.);
#3969=EDGE_CURVE('',#3055,#3192,#1474,.T.);
#3970=EDGE_CURVE('',#3054,#3193,#1475,.T.);
#3971=EDGE_CURVE('',#3193,#3194,#1476,.T.);
#3972=EDGE_CURVE('',#2938,#3194,#1477,.T.);
#3973=EDGE_CURVE('',#2937,#3195,#1478,.T.);
#3974=EDGE_CURVE('',#3195,#3196,#1479,.T.);
#3975=EDGE_CURVE('',#3196,#3197,#1480,.T.);
#3976=EDGE_CURVE('',#3197,#3198,#1481,.T.);
#3977=EDGE_CURVE('',#3198,#3199,#1482,.T.);
#3978=EDGE_CURVE('',#3199,#3200,#1483,.T.);
#3979=EDGE_CURVE('',#3200,#3201,#1484,.T.);
#3980=EDGE_CURVE('',#3201,#3202,#1485,.T.);
#3981=EDGE_CURVE('',#3202,#3178,#1486,.T.);
#3982=EDGE_CURVE('',#3178,#3203,#1487,.T.);
#3983=EDGE_CURVE('',#3203,#3204,#1488,.T.);
#3984=EDGE_CURVE('',#3204,#3179,#1489,.T.);
#3985=EDGE_CURVE('',#3204,#3205,#1490,.T.);
#3986=EDGE_CURVE('',#3205,#3180,#1491,.T.);
#3987=EDGE_CURVE('',#3205,#3206,#1492,.T.);
#3988=EDGE_CURVE('',#3206,#3181,#1493,.T.);
#3989=EDGE_CURVE('',#2933,#3206,#1494,.T.);
#3990=EDGE_CURVE('',#3207,#2933,#1495,.T.);
#3991=EDGE_CURVE('',#3207,#3182,#1496,.T.);
#3992=EDGE_CURVE('',#3208,#3207,#1497,.T.);
#3993=EDGE_CURVE('',#3183,#3208,#1498,.T.);
#3994=EDGE_CURVE('',#2932,#3208,#1499,.T.);
#3995=EDGE_CURVE('',#3209,#2932,#1500,.T.);
#3996=EDGE_CURVE('',#3209,#3184,#1501,.T.);
#3997=EDGE_CURVE('',#3209,#3210,#1502,.T.);
#3998=EDGE_CURVE('',#3210,#3185,#1503,.T.);
#3999=EDGE_CURVE('',#3211,#3210,#1504,.T.);
#4000=EDGE_CURVE('',#3211,#3186,#1505,.T.);
#4001=EDGE_CURVE('',#3212,#3187,#1506,.T.);
#4002=EDGE_CURVE('',#3211,#3212,#1507,.T.);
#4003=EDGE_CURVE('',#2931,#3212,#1508,.T.);
#4004=EDGE_CURVE('',#3213,#3203,#1509,.T.);
#4005=EDGE_CURVE('',#3214,#3213,#1510,.T.);
#4006=EDGE_CURVE('',#3214,#2934,#1511,.T.);
#4007=EDGE_CURVE('',#3200,#3215,#1512,.T.);
#4008=EDGE_CURVE('',#2934,#3215,#1513,.T.);
#4009=EDGE_CURVE('',#3214,#3201,#1514,.T.);
#4010=EDGE_CURVE('',#3216,#3199,#1515,.T.);
#4011=EDGE_CURVE('',#3215,#3216,#1516,.T.);
#4012=EDGE_CURVE('',#3217,#3198,#1517,.T.);
#4013=EDGE_CURVE('',#2935,#3217,#1518,.T.);
#4014=EDGE_CURVE('',#3216,#2935,#1519,.T.);
#4015=EDGE_CURVE('',#3218,#3217,#1520,.T.);
#4016=EDGE_CURVE('',#3218,#3219,#1521,.T.);
#4017=EDGE_CURVE('',#3219,#3220,#1522,.T.);
#4018=EDGE_CURVE('',#3220,#2936,#1523,.T.);
#4019=EDGE_CURVE('',#3220,#3195,#1524,.T.);
#4020=EDGE_CURVE('',#3196,#3219,#1525,.T.);
#4021=EDGE_CURVE('',#3218,#3197,#1526,.T.);
#4022=EDGE_CURVE('',#3213,#3202,#1527,.T.);
#4023=EDGE_CURVE('',#3194,#3221,#1528,.T.);
#4024=EDGE_CURVE('',#3221,#2939,#1529,.T.);
#4025=EDGE_CURVE('',#3019,#3222,#1530,.T.);
#4026=EDGE_CURVE('',#3221,#3223,#1531,.T.);
#4027=EDGE_CURVE('',#3223,#3222,#1532,.T.);
#4028=EDGE_CURVE('',#3224,#3222,#199,.T.);
#4029=EDGE_CURVE('',#3224,#3020,#1533,.T.);
#4030=EDGE_CURVE('',#3021,#3225,#1534,.T.);
#4031=EDGE_CURVE('',#3224,#3225,#1535,.T.);
#4032=EDGE_CURVE('',#3022,#3225,#200,.T.);
#4033=EDGE_CURVE('',#3023,#3226,#1536,.T.);
#4034=EDGE_CURVE('',#3227,#3223,#1537,.T.);
#4035=EDGE_CURVE('',#3227,#3053,#1538,.T.);
#4036=EDGE_CURVE('',#3226,#3052,#1539,.T.);
#4037=EDGE_CURVE('',#3226,#3044,#201,.T.);
#4038=EDGE_CURVE('',#3193,#3227,#1540,.T.);
#4039=EDGE_CURVE('',#3228,#3192,#1541,.T.);
#4040=EDGE_CURVE('',#3229,#3228,#1542,.T.);
#4041=EDGE_CURVE('',#3230,#3229,#1543,.T.);
#4042=EDGE_CURVE('',#3231,#3230,#1544,.T.);
#4043=EDGE_CURVE('',#3232,#3231,#1545,.T.);
#4044=EDGE_CURVE('',#3056,#3232,#1546,.T.);
#4045=EDGE_CURVE('',#3233,#3057,#1547,.T.);
#4046=EDGE_CURVE('',#3232,#3233,#1548,.T.);
#4047=EDGE_CURVE('',#3234,#3235,#1549,.T.);
#4048=EDGE_CURVE('',#3058,#3235,#1550,.T.);
#4049=EDGE_CURVE('',#3236,#3233,#1551,.T.);
#4050=EDGE_CURVE('',#3237,#3236,#1552,.T.);
#4051=EDGE_CURVE('',#3238,#3237,#1553,.T.);
#4052=EDGE_CURVE('',#3234,#3238,#1554,.T.);
#4053=EDGE_CURVE('',#3239,#3240,#1555,.T.);
#4054=EDGE_CURVE('',#3241,#3239,#1556,.T.);
#4055=EDGE_CURVE('',#3235,#3241,#1557,.T.);
#4056=EDGE_CURVE('',#3234,#3228,#1558,.T.);
#4057=EDGE_CURVE('',#3191,#3240,#1559,.T.);
#4058=EDGE_CURVE('',#3061,#3240,#1560,.T.);
#4059=EDGE_CURVE('',#3239,#3060,#1561,.T.);
#4060=EDGE_CURVE('',#3241,#3059,#1562,.T.);
#4061=EDGE_CURVE('',#3242,#3243,#1563,.T.);
#4062=EDGE_CURVE('',#3242,#3244,#1564,.T.);
#4063=EDGE_CURVE('',#3244,#3245,#1565,.T.);
#4064=EDGE_CURVE('',#3243,#3245,#1566,.T.);
#4065=EDGE_CURVE('',#3246,#3247,#1567,.T.);
#4066=EDGE_CURVE('',#3246,#3248,#1568,.T.);
#4067=EDGE_CURVE('',#3248,#3249,#1569,.T.);
#4068=EDGE_CURVE('',#3247,#3249,#1570,.T.);
#4069=EDGE_CURVE('',#3243,#3250,#1571,.T.);
#4070=EDGE_CURVE('',#3251,#3250,#1572,.T.);
#4071=EDGE_CURVE('',#3229,#3251,#1573,.T.);
#4072=EDGE_CURVE('',#3238,#3229,#1574,.T.);
#4073=EDGE_CURVE('',#3242,#3238,#1575,.T.);
#4074=EDGE_CURVE('',#3252,#3245,#1576,.T.);
#4075=EDGE_CURVE('',#3252,#3253,#1577,.T.);
#4076=EDGE_CURVE('',#3253,#3254,#202,.T.);
#4077=EDGE_CURVE('',#3254,#3255,#1578,.T.);
#4078=EDGE_CURVE('',#3255,#3256,#1579,.T.);
#4079=EDGE_CURVE('',#3256,#3257,#203,.T.);
#4080=EDGE_CURVE('',#3257,#3258,#1580,.T.);
#4081=EDGE_CURVE('',#3258,#3259,#1581,.T.);
#4082=EDGE_CURVE('',#3259,#3260,#204,.T.);
#4083=EDGE_CURVE('',#3260,#3261,#1582,.T.);
#4084=EDGE_CURVE('',#3262,#3261,#1583,.T.);
#4085=EDGE_CURVE('',#3262,#3250,#205,.T.);
#4086=EDGE_CURVE('',#3244,#3237,#1584,.T.);
#4087=EDGE_CURVE('',#3237,#3230,#1585,.T.);
#4088=EDGE_CURVE('',#3230,#3263,#1586,.T.);
#4089=EDGE_CURVE('',#3263,#3252,#1587,.T.);
#4090=EDGE_CURVE('',#3253,#3264,#1588,.T.);
#4091=EDGE_CURVE('',#3264,#3263,#1589,.T.);
#4092=EDGE_CURVE('',#3265,#3264,#206,.T.);
#4093=EDGE_CURVE('',#3265,#3254,#1590,.T.);
#4094=EDGE_CURVE('',#3255,#3266,#1591,.T.);
#4095=EDGE_CURVE('',#3266,#3265,#1592,.T.);
#4096=EDGE_CURVE('',#3256,#3267,#1593,.T.);
#4097=EDGE_CURVE('',#3266,#3267,#1594,.T.);
#4098=EDGE_CURVE('',#3268,#3267,#207,.T.);
#4099=EDGE_CURVE('',#3268,#3257,#1595,.T.);
#4100=EDGE_CURVE('',#3269,#3268,#1596,.T.);
#4101=EDGE_CURVE('',#3269,#3258,#1597,.T.);
#4102=EDGE_CURVE('',#3251,#3270,#208,.T.);
#4103=EDGE_CURVE('',#3270,#3271,#1598,.T.);
#4104=EDGE_CURVE('',#3271,#3272,#1599,.T.);
#4105=EDGE_CURVE('',#3272,#3273,#209,.T.);
#4106=EDGE_CURVE('',#3269,#3273,#1600,.T.);
#4107=EDGE_CURVE('',#3262,#3270,#1601,.T.);
#4108=EDGE_CURVE('',#3271,#3261,#1602,.T.);
#4109=EDGE_CURVE('',#3272,#3260,#1603,.T.);
#4110=EDGE_CURVE('',#3259,#3273,#1604,.T.);
#4111=EDGE_CURVE('',#3231,#3236,#1605,.T.);
#4112=EDGE_CURVE('',#3246,#3274,#1606,.T.);
#4113=EDGE_CURVE('',#3275,#3274,#1607,.T.);
#4114=EDGE_CURVE('',#3275,#3231,#1608,.T.);
#4115=EDGE_CURVE('',#3236,#3248,#1609,.T.);
#4116=EDGE_CURVE('',#3276,#3274,#1610,.T.);
#4117=EDGE_CURVE('',#3277,#3247,#1611,.T.);
#4118=EDGE_CURVE('',#3277,#3278,#210,.T.);
#4119=EDGE_CURVE('',#3278,#3279,#1612,.T.);
#4120=EDGE_CURVE('',#3279,#3280,#1613,.T.);
#4121=EDGE_CURVE('',#3280,#3281,#211,.T.);
#4122=EDGE_CURVE('',#3281,#3282,#1614,.T.);
#4123=EDGE_CURVE('',#3282,#3283,#1615,.T.);
#4124=EDGE_CURVE('',#3283,#3284,#212,.T.);
#4125=EDGE_CURVE('',#3284,#3285,#1616,.T.);
#4126=EDGE_CURVE('',#3285,#3286,#1617,.T.);
#4127=EDGE_CURVE('',#3286,#3276,#213,.T.);
#4128=EDGE_CURVE('',#3287,#3276,#1618,.T.);
#4129=EDGE_CURVE('',#3275,#3287,#1619,.T.);
#4130=EDGE_CURVE('',#3286,#3288,#1620,.T.);
#4131=EDGE_CURVE('',#3287,#3288,#214,.T.);
#4132=EDGE_CURVE('',#3289,#3232,#1621,.T.);
#4133=EDGE_CURVE('',#3288,#3290,#1622,.T.);
#4134=EDGE_CURVE('',#3291,#3290,#1623,.T.);
#4135=EDGE_CURVE('',#3291,#3292,#215,.T.);
#4136=EDGE_CURVE('',#3292,#3293,#1624,.T.);
#4137=EDGE_CURVE('',#3294,#3293,#1625,.T.);
#4138=EDGE_CURVE('',#3294,#3295,#216,.T.);
#4139=EDGE_CURVE('',#3295,#3296,#1626,.T.);
#4140=EDGE_CURVE('',#3297,#3296,#1627,.T.);
#4141=EDGE_CURVE('',#3297,#3289,#217,.T.);
#4142=EDGE_CURVE('',#3277,#3289,#1628,.T.);
#4143=EDGE_CURVE('',#3233,#3249,#1629,.T.);
#4144=EDGE_CURVE('',#3297,#3278,#1630,.T.);
#4145=EDGE_CURVE('',#3296,#3279,#1631,.T.);
#4146=EDGE_CURVE('',#3280,#3295,#1632,.T.);
#4147=EDGE_CURVE('',#3294,#3281,#1633,.T.);
#4148=EDGE_CURVE('',#3293,#3282,#1634,.T.);
#4149=EDGE_CURVE('',#3283,#3292,#1635,.T.);
#4150=EDGE_CURVE('',#3291,#3284,#1636,.T.);
#4151=EDGE_CURVE('',#3290,#3285,#1637,.T.);
#4152=EDGE_CURVE('',#3064,#3298,#1638,.T.);
#4153=EDGE_CURVE('',#3298,#3190,#1639,.T.);
#4154=EDGE_CURVE('',#3298,#3299,#1640,.T.);
#4155=EDGE_CURVE('',#3299,#3065,#1641,.T.);
#4156=EDGE_CURVE('',#3300,#3301,#1642,.T.);
#4157=EDGE_CURVE('',#3302,#3300,#1643,.T.);
#4158=EDGE_CURVE('',#3302,#3299,#1644,.T.);
#4159=EDGE_CURVE('',#3189,#3303,#1645,.T.);
#4160=EDGE_CURVE('',#3303,#3301,#1646,.T.);
#4161=EDGE_CURVE('',#3304,#3301,#1647,.T.);
#4162=EDGE_CURVE('',#3305,#3304,#1648,.T.);
#4163=EDGE_CURVE('',#3306,#3305,#1649,.T.);
#4164=EDGE_CURVE('',#3307,#3306,#1650,.T.);
#4165=EDGE_CURVE('',#3068,#3307,#1651,.T.);
#4166=EDGE_CURVE('',#3300,#3067,#1652,.T.);
#4167=EDGE_CURVE('',#3302,#3066,#1653,.T.);
#4168=EDGE_CURVE('',#3308,#3309,#1654,.T.);
#4169=EDGE_CURVE('',#3309,#3310,#1655,.T.);
#4170=EDGE_CURVE('',#3311,#3310,#1656,.T.);
#4171=EDGE_CURVE('',#3308,#3311,#1657,.T.);
#4172=EDGE_CURVE('',#3312,#3313,#1658,.T.);
#4173=EDGE_CURVE('',#3314,#3312,#1659,.T.);
#4174=EDGE_CURVE('',#3314,#3315,#1660,.T.);
#4175=EDGE_CURVE('',#3315,#3313,#1661,.T.);
#4176=EDGE_CURVE('',#3308,#3304,#1662,.T.);
#4177=EDGE_CURVE('',#3316,#3304,#1663,.T.);
#4178=EDGE_CURVE('',#3316,#3317,#1664,.T.);
#4179=EDGE_CURVE('',#3318,#3317,#1665,.T.);
#4180=EDGE_CURVE('',#3309,#3318,#1666,.T.);
#4181=EDGE_CURVE('',#3318,#3319,#218,.T.);
#4182=EDGE_CURVE('',#3319,#3320,#1667,.T.);
#4183=EDGE_CURVE('',#3320,#3321,#1668,.T.);
#4184=EDGE_CURVE('',#3321,#3322,#219,.T.);
#4185=EDGE_CURVE('',#3323,#3322,#1669,.T.);
#4186=EDGE_CURVE('',#3323,#3324,#1670,.T.);
#4187=EDGE_CURVE('',#3324,#3325,#220,.T.);
#4188=EDGE_CURVE('',#3326,#3325,#1671,.T.);
#4189=EDGE_CURVE('',#3326,#3327,#1672,.T.);
#4190=EDGE_CURVE('',#3327,#3328,#221,.T.);
#4191=EDGE_CURVE('',#3328,#3329,#1673,.T.);
#4192=EDGE_CURVE('',#3329,#3310,#1674,.T.);
#4193=EDGE_CURVE('',#3330,#3329,#1675,.T.);
#4194=EDGE_CURVE('',#3331,#3330,#1676,.T.);
#4195=EDGE_CURVE('',#3331,#3305,#1677,.T.);
#4196=EDGE_CURVE('',#3311,#3305,#1678,.T.);
#4197=EDGE_CURVE('',#3331,#3332,#1679,.T.);
#4198=EDGE_CURVE('',#3306,#3332,#1680,.T.);
#4199=EDGE_CURVE('',#3306,#3312,#1681,.T.);
#4200=EDGE_CURVE('',#3333,#3332,#1682,.T.);
#4201=EDGE_CURVE('',#3333,#3334,#1683,.T.);
#4202=EDGE_CURVE('',#3314,#3334,#1684,.T.);
#4203=EDGE_CURVE('',#3335,#3336,#222,.T.);
#4204=EDGE_CURVE('',#3336,#3337,#1685,.T.);
#4205=EDGE_CURVE('',#3338,#3337,#1686,.T.);
#4206=EDGE_CURVE('',#3338,#3339,#223,.T.);
#4207=EDGE_CURVE('',#3339,#3340,#1687,.T.);
#4208=EDGE_CURVE('',#3341,#3340,#1688,.T.);
#4209=EDGE_CURVE('',#3341,#3342,#224,.T.);
#4210=EDGE_CURVE('',#3342,#3343,#1689,.T.);
#4211=EDGE_CURVE('',#3344,#3343,#1690,.T.);
#4212=EDGE_CURVE('',#3344,#3345,#225,.T.);
#4213=EDGE_CURVE('',#3345,#3315,#1691,.T.);
#4214=EDGE_CURVE('',#3334,#3335,#1692,.T.);
#4215=EDGE_CURVE('',#3335,#3346,#1693,.T.);
#4216=EDGE_CURVE('',#3347,#3346,#226,.T.);
#4217=EDGE_CURVE('',#3347,#3336,#1694,.T.);
#4218=EDGE_CURVE('',#3333,#3346,#1695,.T.);
#4219=EDGE_CURVE('',#3332,#3348,#1696,.T.);
#4220=EDGE_CURVE('',#3349,#3348,#1697,.T.);
#4221=EDGE_CURVE('',#3349,#3350,#227,.T.);
#4222=EDGE_CURVE('',#3350,#3351,#1698,.T.);
#4223=EDGE_CURVE('',#3351,#3352,#1699,.T.);
#4224=EDGE_CURVE('',#3352,#3353,#228,.T.);
#4225=EDGE_CURVE('',#3353,#3354,#1700,.T.);
#4226=EDGE_CURVE('',#3354,#3355,#1701,.T.);
#4227=EDGE_CURVE('',#3355,#3356,#229,.T.);
#4228=EDGE_CURVE('',#3356,#3357,#1702,.T.);
#4229=EDGE_CURVE('',#3357,#3347,#1703,.T.);
#4230=EDGE_CURVE('',#3357,#3337,#1704,.T.);
#4231=EDGE_CURVE('',#3338,#3356,#1705,.T.);
#4232=EDGE_CURVE('',#3355,#3339,#1706,.T.);
#4233=EDGE_CURVE('',#3354,#3340,#1707,.T.);
#4234=EDGE_CURVE('',#3341,#3353,#1708,.T.);
#4235=EDGE_CURVE('',#3352,#3342,#1709,.T.);
#4236=EDGE_CURVE('',#3351,#3343,#1710,.T.);
#4237=EDGE_CURVE('',#3344,#3350,#1711,.T.);
#4238=EDGE_CURVE('',#3349,#3345,#1712,.T.);
#4239=EDGE_CURVE('',#3307,#3348,#1713,.T.);
#4240=EDGE_CURVE('',#3307,#3313,#1714,.T.);
#4241=EDGE_CURVE('',#3348,#3069,#1715,.T.);
#4242=EDGE_CURVE('',#3303,#3316,#1716,.T.);
#4243=EDGE_CURVE('',#3316,#3331,#1717,.T.);
#4244=EDGE_CURVE('',#3358,#3330,#1718,.T.);
#4245=EDGE_CURVE('',#3358,#3359,#230,.T.);
#4246=EDGE_CURVE('',#3359,#3360,#1719,.T.);
#4247=EDGE_CURVE('',#3360,#3361,#1720,.T.);
#4248=EDGE_CURVE('',#3361,#3362,#231,.T.);
#4249=EDGE_CURVE('',#3362,#3363,#1721,.T.);
#4250=EDGE_CURVE('',#3363,#3364,#1722,.T.);
#4251=EDGE_CURVE('',#3364,#3365,#232,.T.);
#4252=EDGE_CURVE('',#3365,#3366,#1723,.T.);
#4253=EDGE_CURVE('',#3367,#3366,#1724,.T.);
#4254=EDGE_CURVE('',#3367,#3317,#233,.T.);
#4255=EDGE_CURVE('',#3367,#3319,#1725,.T.);
#4256=EDGE_CURVE('',#3366,#3320,#1726,.T.);
#4257=EDGE_CURVE('',#3321,#3365,#1727,.T.);
#4258=EDGE_CURVE('',#3364,#3322,#1728,.T.);
#4259=EDGE_CURVE('',#3363,#3323,#1729,.T.);
#4260=EDGE_CURVE('',#3324,#3362,#1730,.T.);
#4261=EDGE_CURVE('',#3361,#3325,#1731,.T.);
#4262=EDGE_CURVE('',#3326,#3360,#1732,.T.);
#4263=EDGE_CURVE('',#3327,#3359,#1733,.T.);
#4264=EDGE_CURVE('',#3358,#3328,#1734,.T.);
#4265=EDGE_CURVE('',#3155,#3188,#1735,.T.);
#4266=EDGE_CURVE('',#3134,#3154,#234,.T.);
#4267=EDGE_CURVE('',#3133,#3368,#1736,.T.);
#4268=EDGE_CURVE('',#3369,#3368,#1737,.T.);
#4269=EDGE_CURVE('',#3369,#3370,#1738,.T.);
#4270=EDGE_CURVE('',#3370,#3076,#1739,.T.);
#4271=EDGE_CURVE('',#3077,#3371,#1740,.T.);
#4272=EDGE_CURVE('',#3371,#3370,#1741,.T.);
#4273=EDGE_CURVE('',#3372,#3371,#1742,.T.);
#4274=EDGE_CURVE('',#3372,#3373,#1743,.T.);
#4275=EDGE_CURVE('',#3373,#3132,#1744,.T.);
#4276=EDGE_CURVE('',#3373,#3368,#1745,.T.);
#4277=EDGE_CURVE('',#3369,#3372,#1746,.T.);
#4278=EDGE_CURVE('',#3037,#3123,#1747,.T.);
#4279=EDGE_CURVE('',#3374,#2911,#1748,.T.);
#4280=EDGE_CURVE('',#3374,#3038,#1749,.T.);
#4281=EDGE_CURVE('',#3375,#3374,#1750,.T.);
#4282=EDGE_CURVE('',#3039,#3375,#1751,.T.);
#4283=EDGE_CURVE('',#2910,#3375,#1752,.T.);
#4284=EDGE_CURVE('',#2910,#3376,#1753,.T.);
#4285=EDGE_CURVE('',#3040,#3376,#1754,.T.);
#4286=EDGE_CURVE('',#3376,#3377,#1755,.T.);
#4287=EDGE_CURVE('',#3041,#3377,#1756,.T.);
#4288=EDGE_CURVE('',#3378,#2909,#1757,.T.);
#4289=EDGE_CURVE('',#3379,#3378,#1758,.T.);
#4290=EDGE_CURVE('',#3379,#3377,#1759,.T.);
#4291=EDGE_CURVE('',#3379,#3042,#1760,.T.);
#4292=EDGE_CURVE('',#3378,#3043,#1761,.T.);
#4293=EDGE_CURVE('',#3380,#3381,#1762,.T.);
#4294=EDGE_CURVE('',#3381,#3382,#1763,.T.);
#4295=EDGE_CURVE('',#3047,#3382,#1764,.T.);
#4296=EDGE_CURVE('',#3380,#3051,#1765,.T.);
#4297=EDGE_CURVE('',#3383,#3384,#1766,.T.);
#4298=EDGE_CURVE('',#3381,#3384,#1767,.T.);
#4299=EDGE_CURVE('',#3380,#3383,#1768,.T.);
#4300=EDGE_CURVE('',#3384,#3385,#1769,.T.);
#4301=EDGE_CURVE('',#3050,#3383,#1770,.T.);
#4302=EDGE_CURVE('',#3385,#3048,#1771,.T.);
#4303=EDGE_CURVE('',#3385,#3382,#1772,.T.);
#4304=EDGE_CURVE('',#3386,#3080,#1773,.T.);
#4305=EDGE_CURVE('',#3386,#3387,#1774,.T.);
#4306=EDGE_CURVE('',#3387,#3079,#1775,.T.);
#4307=EDGE_CURVE('',#3081,#3388,#1776,.T.);
#4308=EDGE_CURVE('',#3388,#3387,#1777,.T.);
#4309=EDGE_CURVE('',#3388,#3389,#1778,.T.);
#4310=EDGE_CURVE('',#3389,#3082,#1779,.T.);
#4311=EDGE_CURVE('',#3386,#3390,#1780,.T.);
#4312=EDGE_CURVE('',#3391,#3390,#1781,.T.);
#4313=EDGE_CURVE('',#3391,#3389,#1782,.T.);
#4314=EDGE_CURVE('',#3391,#3083,#1783,.T.);
#4315=EDGE_CURVE('',#3390,#3084,#1784,.T.);
#4316=EDGE_CURVE('',#3392,#3393,#1785,.T.);
#4317=EDGE_CURVE('',#3086,#3393,#1786,.T.);
#4318=EDGE_CURVE('',#3392,#3085,#1787,.T.);
#4319=EDGE_CURVE('',#3394,#3395,#1788,.T.);
#4320=EDGE_CURVE('',#3394,#3396,#1789,.T.);
#4321=EDGE_CURVE('',#3393,#3396,#1790,.T.);
#4322=EDGE_CURVE('',#3397,#3392,#1791,.T.);
#4323=EDGE_CURVE('',#3397,#3395,#1792,.T.);
#4324=EDGE_CURVE('',#3398,#3399,#1793,.T.);
#4325=EDGE_CURVE('',#3399,#3400,#1794,.T.);
#4326=EDGE_CURVE('',#3401,#3400,#1795,.T.);
#4327=EDGE_CURVE('',#3401,#3398,#1796,.T.);
#4328=EDGE_CURVE('',#3394,#3088,#1797,.T.);
#4329=EDGE_CURVE('',#3089,#3395,#1798,.T.);
#4330=EDGE_CURVE('',#3090,#3397,#1799,.T.);
#4331=EDGE_CURVE('',#3396,#3087,#1800,.T.);
#4332=EDGE_CURVE('',#3402,#3403,#1801,.T.);
#4333=EDGE_CURVE('',#3402,#3404,#235,.T.);
#4334=EDGE_CURVE('',#3404,#3399,#1802,.T.);
#4335=EDGE_CURVE('',#3398,#3405,#1803,.T.);
#4336=EDGE_CURVE('',#3405,#3406,#236,.T.);
#4337=EDGE_CURVE('',#3407,#3406,#1804,.T.);
#4338=EDGE_CURVE('',#3403,#3407,#1805,.T.);
#4339=EDGE_CURVE('',#3408,#3409,#1806,.T.);
#4340=EDGE_CURVE('',#3402,#3408,#1807,.T.);
#4341=EDGE_CURVE('',#3409,#3403,#1808,.T.);
#4342=EDGE_CURVE('',#3410,#3411,#1809,.T.);
#4343=EDGE_CURVE('',#3410,#3412,#237,.T.);
#4344=EDGE_CURVE('',#3412,#3401,#1810,.T.);
#4345=EDGE_CURVE('',#3400,#3413,#1811,.T.);
#4346=EDGE_CURVE('',#3413,#3408,#238,.T.);
#4347=EDGE_CURVE('',#3411,#3409,#1812,.T.);
#4348=EDGE_CURVE('',#3410,#3406,#1813,.T.);
#4349=EDGE_CURVE('',#3407,#3411,#1814,.T.);
#4350=EDGE_CURVE('',#3414,#3415,#1815,.T.);
#4351=EDGE_CURVE('',#3415,#3416,#1816,.T.);
#4352=EDGE_CURVE('',#3416,#3417,#1817,.T.);
#4353=EDGE_CURVE('',#3417,#3414,#1818,.T.);
#4354=EDGE_CURVE('',#3414,#3418,#1819,.T.);
#4355=EDGE_CURVE('',#3418,#3419,#239,.T.);
#4356=EDGE_CURVE('',#3419,#3420,#1820,.T.);
#4357=EDGE_CURVE('',#3421,#3420,#1821,.T.);
#4358=EDGE_CURVE('',#3421,#3422,#1822,.T.);
#4359=EDGE_CURVE('',#3422,#3423,#240,.T.);
#4360=EDGE_CURVE('',#3423,#3415,#1823,.T.);
#4361=EDGE_CURVE('',#3424,#3417,#1824,.T.);
#4362=EDGE_CURVE('',#3418,#3424,#1825,.T.);
#4363=EDGE_CURVE('',#3425,#3416,#1826,.T.);
#4364=EDGE_CURVE('',#3425,#3426,#241,.T.);
#4365=EDGE_CURVE('',#3426,#3427,#1827,.T.);
#4366=EDGE_CURVE('',#3427,#3428,#1828,.T.);
#4367=EDGE_CURVE('',#3428,#3429,#1829,.T.);
#4368=EDGE_CURVE('',#3429,#3424,#242,.T.);
#4369=EDGE_CURVE('',#3425,#3423,#1830,.T.);
#4370=EDGE_CURVE('',#3422,#3426,#1831,.T.);
#4371=EDGE_CURVE('',#3427,#3421,#1832,.T.);
#4372=EDGE_CURVE('',#3430,#3431,#1833,.T.);
#4373=EDGE_CURVE('',#3430,#3432,#1834,.T.);
#4374=EDGE_CURVE('',#3433,#3432,#1835,.T.);
#4375=EDGE_CURVE('',#3434,#3433,#1836,.T.);
#4376=EDGE_CURVE('',#3435,#3434,#1837,.T.);
#4377=EDGE_CURVE('',#3435,#3431,#1838,.T.);
#4378=EDGE_CURVE('',#3420,#3428,#1839,.T.);
#4379=EDGE_CURVE('',#3430,#3106,#1840,.T.);
#4380=EDGE_CURVE('',#3107,#3431,#1841,.T.);
#4381=EDGE_CURVE('',#3108,#3435,#1842,.T.);
#4382=EDGE_CURVE('',#3434,#3109,#1843,.T.);
#4383=EDGE_CURVE('',#3104,#3433,#1844,.T.);
#4384=EDGE_CURVE('',#3432,#3105,#1845,.T.);
#4385=EDGE_CURVE('',#3429,#3419,#1846,.T.);
#4386=EDGE_CURVE('',#3405,#3412,#1847,.T.);
#4387=EDGE_CURVE('',#3413,#3404,#1848,.T.);
#4388=EDGE_CURVE('',#3436,#3091,#1849,.T.);
#4389=EDGE_CURVE('',#3437,#3436,#1850,.T.);
#4390=EDGE_CURVE('',#3437,#3092,#1851,.T.);
#4391=EDGE_CURVE('',#3438,#3437,#1852,.T.);
#4392=EDGE_CURVE('',#3438,#3093,#1853,.T.);
#4393=EDGE_CURVE('',#3438,#3439,#1854,.T.);
#4394=EDGE_CURVE('',#3439,#3094,#1855,.T.);
#4395=EDGE_CURVE('',#3439,#3440,#1856,.T.);
#4396=EDGE_CURVE('',#3440,#3095,#1857,.T.);
#4397=EDGE_CURVE('',#3440,#3441,#1858,.T.);
#4398=EDGE_CURVE('',#3441,#3096,#1859,.T.);
#4399=EDGE_CURVE('',#3441,#3442,#1860,.T.);
#4400=EDGE_CURVE('',#3442,#3097,#1861,.T.);
#4401=EDGE_CURVE('',#3442,#3443,#1862,.T.);
#4402=EDGE_CURVE('',#3443,#3098,#1863,.T.);
#4403=EDGE_CURVE('',#3443,#3444,#1864,.T.);
#4404=EDGE_CURVE('',#3444,#3099,#1865,.T.);
#4405=EDGE_CURVE('',#3444,#3445,#1866,.T.);
#4406=EDGE_CURVE('',#3445,#3100,#1867,.T.);
#4407=EDGE_CURVE('',#3446,#3445,#1868,.T.);
#4408=EDGE_CURVE('',#3446,#3101,#1869,.T.);
#4409=EDGE_CURVE('',#3447,#3446,#1870,.T.);
#4410=EDGE_CURVE('',#3447,#3102,#1871,.T.);
#4411=EDGE_CURVE('',#3448,#3447,#1872,.T.);
#4412=EDGE_CURVE('',#3448,#3103,#1873,.T.);
#4413=EDGE_CURVE('',#3436,#3448,#1874,.T.);
#4414=EDGE_CURVE('',#3449,#3450,#1875,.T.);
#4415=EDGE_CURVE('',#3449,#3111,#1876,.T.);
#4416=EDGE_CURVE('',#3450,#3110,#1877,.T.);
#4417=EDGE_CURVE('',#3449,#3451,#1878,.T.);
#4418=EDGE_CURVE('',#3452,#3450,#1879,.T.);
#4419=EDGE_CURVE('',#3452,#3453,#1880,.T.);
#4420=EDGE_CURVE('',#3454,#3453,#1881,.T.);
#4421=EDGE_CURVE('',#3454,#3451,#1882,.T.);
#4422=EDGE_CURVE('',#3451,#3112,#1883,.T.);
#4423=EDGE_CURVE('',#3454,#3113,#1884,.T.);
#4424=EDGE_CURVE('',#3114,#3453,#1885,.T.);
#4425=EDGE_CURVE('',#3452,#3115,#1886,.T.);
#4426=EDGE_CURVE('',#3455,#3018,#1887,.T.);
#4427=EDGE_CURVE('',#3455,#2896,#1888,.T.);
#4428=EDGE_CURVE('',#3455,#3456,#243,.T.);
#4429=EDGE_CURVE('',#2897,#3456,#1889,.T.);
#4430=EDGE_CURVE('',#3017,#3456,#1890,.T.);
#4431=EDGE_CURVE('',#3457,#2900,#1891,.T.);
#4432=EDGE_CURVE('',#3458,#3016,#1892,.T.);
#4433=EDGE_CURVE('',#3458,#3457,#1893,.T.);
#4434=EDGE_CURVE('',#3457,#3459,#1894,.T.);
#4435=EDGE_CURVE('',#2901,#3459,#1895,.T.);
#4436=EDGE_CURVE('',#3459,#3460,#1896,.T.);
#4437=EDGE_CURVE('',#3013,#3460,#1897,.T.);
#4438=EDGE_CURVE('',#3461,#3460,#244,.T.);
#4439=EDGE_CURVE('',#3461,#3014,#1898,.T.);
#4440=EDGE_CURVE('',#3461,#3462,#1899,.T.);
#4441=EDGE_CURVE('',#3015,#3462,#1900,.T.);
#4442=EDGE_CURVE('',#3458,#3462,#245,.T.);
#4443=EDGE_CURVE('',#2940,#3463,#246,.T.);
#4444=EDGE_CURVE('',#3464,#3463,#247,.T.);
#4445=EDGE_CURVE('',#3464,#2941,#248,.T.);
#4446=EDGE_CURVE('',#3464,#3465,#1901,.T.);
#4447=EDGE_CURVE('',#2942,#3465,#249,.T.);
#4448=EDGE_CURVE('',#3466,#3465,#250,.T.);
#4449=EDGE_CURVE('',#3466,#2943,#251,.T.);
#4450=EDGE_CURVE('',#3466,#3467,#1902,.T.);
#4451=EDGE_CURVE('',#2944,#3467,#252,.T.);
#4452=EDGE_CURVE('',#3468,#3467,#253,.T.);
#4453=EDGE_CURVE('',#3468,#2945,#254,.T.);
#4454=EDGE_CURVE('',#3468,#3469,#1903,.T.);
#4455=EDGE_CURVE('',#2946,#3469,#255,.T.);
#4456=EDGE_CURVE('',#3470,#3469,#256,.T.);
#4457=EDGE_CURVE('',#3470,#2947,#257,.T.);
#4458=EDGE_CURVE('',#3470,#3463,#1904,.T.);
#4459=EDGE_CURVE('',#2948,#3471,#258,.T.);
#4460=EDGE_CURVE('',#3472,#3471,#259,.T.);
#4461=EDGE_CURVE('',#3472,#2949,#260,.T.);
#4462=EDGE_CURVE('',#3472,#3473,#1905,.T.);
#4463=EDGE_CURVE('',#2950,#3473,#261,.T.);
#4464=EDGE_CURVE('',#3474,#3473,#262,.T.);
#4465=EDGE_CURVE('',#3474,#2951,#263,.T.);
#4466=EDGE_CURVE('',#3474,#3475,#1906,.T.);
#4467=EDGE_CURVE('',#2952,#3475,#264,.T.);
#4468=EDGE_CURVE('',#3476,#3475,#265,.T.);
#4469=EDGE_CURVE('',#3476,#2953,#266,.T.);
#4470=EDGE_CURVE('',#3476,#3477,#1907,.T.);
#4471=EDGE_CURVE('',#2954,#3477,#267,.T.);
#4472=EDGE_CURVE('',#3478,#3477,#268,.T.);
#4473=EDGE_CURVE('',#3478,#2955,#269,.T.);
#4474=EDGE_CURVE('',#3478,#3471,#1908,.T.);
#4475=EDGE_CURVE('',#2956,#3479,#270,.T.);
#4476=EDGE_CURVE('',#3480,#3479,#271,.T.);
#4477=EDGE_CURVE('',#3480,#2957,#272,.T.);
#4478=EDGE_CURVE('',#3480,#3481,#1909,.T.);
#4479=EDGE_CURVE('',#2958,#3481,#273,.T.);
#4480=EDGE_CURVE('',#3482,#3481,#274,.T.);
#4481=EDGE_CURVE('',#3482,#2959,#275,.T.);
#4482=EDGE_CURVE('',#3482,#3483,#1910,.T.);
#4483=EDGE_CURVE('',#2960,#3483,#276,.T.);
#4484=EDGE_CURVE('',#3484,#3483,#277,.T.);
#4485=EDGE_CURVE('',#3484,#2961,#278,.T.);
#4486=EDGE_CURVE('',#3484,#3485,#1911,.T.);
#4487=EDGE_CURVE('',#2962,#3485,#279,.T.);
#4488=EDGE_CURVE('',#3486,#3485,#280,.T.);
#4489=EDGE_CURVE('',#3486,#2963,#281,.T.);
#4490=EDGE_CURVE('',#3486,#3479,#1912,.T.);
#4491=EDGE_CURVE('',#3487,#3488,#1913,.T.);
#4492=EDGE_CURVE('',#3488,#3489,#1914,.T.);
#4493=EDGE_CURVE('',#3489,#3490,#1915,.T.);
#4494=EDGE_CURVE('',#3491,#3490,#1916,.T.);
#4495=EDGE_CURVE('',#3491,#3492,#282,.T.);
#4496=EDGE_CURVE('',#2964,#3492,#1917,.T.);
#4497=EDGE_CURVE('',#3493,#2965,#1918,.T.);
#4498=EDGE_CURVE('',#3493,#3494,#283,.T.);
#4499=EDGE_CURVE('',#3495,#3494,#1919,.T.);
#4500=EDGE_CURVE('',#3495,#3496,#1920,.T.);
#4501=EDGE_CURVE('',#3496,#3497,#284,.T.);
#4502=EDGE_CURVE('',#3497,#3498,#1921,.T.);
#4503=EDGE_CURVE('',#3498,#3499,#285,.T.);
#4504=EDGE_CURVE('',#3499,#3500,#1922,.T.);
#4505=EDGE_CURVE('',#3501,#3500,#1923,.T.);
#4506=EDGE_CURVE('',#3501,#3502,#286,.T.);
#4507=EDGE_CURVE('',#3502,#3503,#1924,.T.);
#4508=EDGE_CURVE('',#3503,#3504,#287,.T.);
#4509=EDGE_CURVE('',#3487,#3504,#1925,.T.);
#4510=EDGE_CURVE('',#3505,#3487,#1926,.T.);
#4511=EDGE_CURVE('',#3505,#3506,#1927,.T.);
#4512=EDGE_CURVE('',#3506,#3488,#1928,.T.);
#4513=EDGE_CURVE('',#3507,#3508,#1929,.T.);
#4514=EDGE_CURVE('',#3508,#3509,#1930,.T.);
#4515=EDGE_CURVE('',#3510,#3509,#1931,.T.);
#4516=EDGE_CURVE('',#3507,#3510,#1932,.T.);
#4517=EDGE_CURVE('',#3511,#3504,#1933,.T.);
#4518=EDGE_CURVE('',#3505,#3511,#1934,.T.);
#4519=EDGE_CURVE('',#3511,#3512,#288,.T.);
#4520=EDGE_CURVE('',#3512,#3513,#1935,.T.);
#4521=EDGE_CURVE('',#3513,#3514,#289,.T.);
#4522=EDGE_CURVE('',#3515,#3514,#1936,.T.);
#4523=EDGE_CURVE('',#3515,#3516,#1937,.T.);
#4524=EDGE_CURVE('',#3516,#3517,#290,.T.);
#4525=EDGE_CURVE('',#3517,#3518,#1938,.T.);
#4526=EDGE_CURVE('',#3518,#3519,#291,.T.);
#4527=EDGE_CURVE('',#3519,#3520,#1939,.T.);
#4528=EDGE_CURVE('',#3521,#3520,#1940,.T.);
#4529=EDGE_CURVE('',#3521,#3522,#292,.T.);
#4530=EDGE_CURVE('',#2967,#3522,#1941,.T.);
#4531=EDGE_CURVE('',#3523,#2966,#1942,.T.);
#4532=EDGE_CURVE('',#3523,#3524,#293,.T.);
#4533=EDGE_CURVE('',#3525,#3524,#1943,.T.);
#4534=EDGE_CURVE('',#3526,#3525,#1944,.T.);
#4535=EDGE_CURVE('',#3506,#3526,#1945,.T.);
#4536=EDGE_CURVE('',#3526,#3489,#1946,.T.);
#4537=EDGE_CURVE('',#3508,#3527,#1947,.T.);
#4538=EDGE_CURVE('',#3527,#3528,#1948,.T.);
#4539=EDGE_CURVE('',#3509,#3528,#1949,.T.);
#4540=EDGE_CURVE('',#3490,#3525,#1950,.T.);
#4541=EDGE_CURVE('',#3527,#3529,#1951,.T.);
#4542=EDGE_CURVE('',#3530,#3529,#1952,.T.);
#4543=EDGE_CURVE('',#3528,#3530,#1953,.T.);
#4544=EDGE_CURVE('',#3491,#3524,#1954,.T.);
#4545=EDGE_CURVE('',#3523,#3492,#1955,.T.);
#4546=EDGE_CURVE('',#3507,#3531,#1956,.T.);
#4547=EDGE_CURVE('',#3531,#3532,#294,.T.);
#4548=EDGE_CURVE('',#3532,#3533,#1957,.T.);
#4549=EDGE_CURVE('',#3533,#3534,#295,.T.);
#4550=EDGE_CURVE('',#3535,#3534,#1958,.T.);
#4551=EDGE_CURVE('',#3535,#3536,#1959,.T.);
#4552=EDGE_CURVE('',#3536,#3537,#296,.T.);
#4553=EDGE_CURVE('',#3537,#3538,#1960,.T.);
#4554=EDGE_CURVE('',#3538,#3539,#297,.T.);
#4555=EDGE_CURVE('',#3539,#3540,#1961,.T.);
#4556=EDGE_CURVE('',#3541,#3540,#1962,.T.);
#4557=EDGE_CURVE('',#3541,#3542,#298,.T.);
#4558=EDGE_CURVE('',#3011,#3542,#1963,.T.);
#4559=EDGE_CURVE('',#3543,#3010,#1964,.T.);
#4560=EDGE_CURVE('',#3543,#3544,#299,.T.);
#4561=EDGE_CURVE('',#3529,#3544,#1965,.T.);
#4562=EDGE_CURVE('',#3545,#3544,#1966,.T.);
#4563=EDGE_CURVE('',#3545,#3530,#1967,.T.);
#4564=EDGE_CURVE('',#3545,#3546,#300,.T.);
#4565=EDGE_CURVE('',#3008,#3546,#1968,.T.);
#4566=EDGE_CURVE('',#3547,#3009,#1969,.T.);
#4567=EDGE_CURVE('',#3547,#3548,#301,.T.);
#4568=EDGE_CURVE('',#3549,#3548,#1970,.T.);
#4569=EDGE_CURVE('',#3549,#3550,#1971,.T.);
#4570=EDGE_CURVE('',#3550,#3551,#302,.T.);
#4571=EDGE_CURVE('',#3551,#3552,#1972,.T.);
#4572=EDGE_CURVE('',#3552,#3553,#303,.T.);
#4573=EDGE_CURVE('',#3553,#3554,#1973,.T.);
#4574=EDGE_CURVE('',#3555,#3554,#1974,.T.);
#4575=EDGE_CURVE('',#3555,#3556,#304,.T.);
#4576=EDGE_CURVE('',#3556,#3557,#1975,.T.);
#4577=EDGE_CURVE('',#3557,#3558,#305,.T.);
#4578=EDGE_CURVE('',#3510,#3558,#1976,.T.);
#4579=EDGE_CURVE('',#3531,#3558,#1977,.T.);
#4580=EDGE_CURVE('',#3557,#3532,#1978,.T.);
#4581=EDGE_CURVE('',#3533,#3556,#1979,.T.);
#4582=EDGE_CURVE('',#3555,#3534,#1980,.T.);
#4583=EDGE_CURVE('',#3535,#3554,#1981,.T.);
#4584=EDGE_CURVE('',#3536,#3553,#1982,.T.);
#4585=EDGE_CURVE('',#3552,#3537,#1983,.T.);
#4586=EDGE_CURVE('',#3538,#3551,#1984,.T.);
#4587=EDGE_CURVE('',#3550,#3539,#1985,.T.);
#4588=EDGE_CURVE('',#3549,#3540,#1986,.T.);
#4589=EDGE_CURVE('',#3541,#3548,#1987,.T.);
#4590=EDGE_CURVE('',#3547,#3542,#1988,.T.);
#4591=EDGE_CURVE('',#3543,#3546,#1989,.T.);
#4592=EDGE_CURVE('',#3493,#3522,#1990,.T.);
#4593=EDGE_CURVE('',#3521,#3494,#1991,.T.);
#4594=EDGE_CURVE('',#3495,#3520,#1992,.T.);
#4595=EDGE_CURVE('',#3496,#3519,#1993,.T.);
#4596=EDGE_CURVE('',#3518,#3497,#1994,.T.);
#4597=EDGE_CURVE('',#3498,#3517,#1995,.T.);
#4598=EDGE_CURVE('',#3516,#3499,#1996,.T.);
#4599=EDGE_CURVE('',#3515,#3500,#1997,.T.);
#4600=EDGE_CURVE('',#3501,#3514,#1998,.T.);
#4601=EDGE_CURVE('',#3513,#3502,#1999,.T.);
#4602=EDGE_CURVE('',#3503,#3512,#2000,.T.);
#4603=EDGE_CURVE('',#3559,#2969,#306,.T.);
#4604=EDGE_CURVE('',#3559,#3560,#2001,.T.);
#4605=EDGE_CURVE('',#2968,#3560,#307,.T.);
#4606=EDGE_CURVE('',#3561,#3560,#308,.T.);
#4607=EDGE_CURVE('',#3561,#2970,#309,.T.);
#4608=EDGE_CURVE('',#3561,#3562,#2002,.T.);
#4609=EDGE_CURVE('',#2971,#3562,#310,.T.);
#4610=EDGE_CURVE('',#3563,#3562,#311,.T.);
#4611=EDGE_CURVE('',#3563,#2972,#312,.T.);
#4612=EDGE_CURVE('',#3563,#3564,#2003,.T.);
#4613=EDGE_CURVE('',#2973,#3564,#313,.T.);
#4614=EDGE_CURVE('',#3565,#3564,#314,.T.);
#4615=EDGE_CURVE('',#3565,#2974,#315,.T.);
#4616=EDGE_CURVE('',#3565,#3566,#2004,.T.);
#4617=EDGE_CURVE('',#2975,#3566,#316,.T.);
#4618=EDGE_CURVE('',#3559,#3566,#317,.T.);
#4619=EDGE_CURVE('',#2976,#3567,#318,.T.);
#4620=EDGE_CURVE('',#3568,#3567,#319,.T.);
#4621=EDGE_CURVE('',#3568,#2977,#320,.T.);
#4622=EDGE_CURVE('',#3568,#3569,#2005,.T.);
#4623=EDGE_CURVE('',#2978,#3569,#321,.T.);
#4624=EDGE_CURVE('',#3570,#3569,#322,.T.);
#4625=EDGE_CURVE('',#3570,#2979,#323,.T.);
#4626=EDGE_CURVE('',#3570,#3571,#2006,.T.);
#4627=EDGE_CURVE('',#2980,#3571,#324,.T.);
#4628=EDGE_CURVE('',#3572,#3571,#325,.T.);
#4629=EDGE_CURVE('',#3572,#2981,#326,.T.);
#4630=EDGE_CURVE('',#3572,#3573,#2007,.T.);
#4631=EDGE_CURVE('',#2982,#3573,#327,.T.);
#4632=EDGE_CURVE('',#3574,#3573,#328,.T.);
#4633=EDGE_CURVE('',#3574,#2983,#329,.T.);
#4634=EDGE_CURVE('',#3574,#3567,#2008,.T.);
#4635=EDGE_CURVE('',#2984,#3575,#330,.T.);
#4636=EDGE_CURVE('',#3576,#3575,#331,.T.);
#4637=EDGE_CURVE('',#3576,#2985,#332,.T.);
#4638=EDGE_CURVE('',#3576,#3577,#2009,.T.);
#4639=EDGE_CURVE('',#2986,#3577,#333,.T.);
#4640=EDGE_CURVE('',#3578,#3577,#334,.T.);
#4641=EDGE_CURVE('',#3578,#2987,#335,.T.);
#4642=EDGE_CURVE('',#3578,#3579,#2010,.T.);
#4643=EDGE_CURVE('',#2988,#3579,#336,.T.);
#4644=EDGE_CURVE('',#3580,#3579,#337,.T.);
#4645=EDGE_CURVE('',#3580,#2989,#338,.T.);
#4646=EDGE_CURVE('',#3580,#3581,#2011,.T.);
#4647=EDGE_CURVE('',#2990,#3581,#339,.T.);
#4648=EDGE_CURVE('',#3582,#3581,#340,.T.);
#4649=EDGE_CURVE('',#3582,#2991,#341,.T.);
#4650=EDGE_CURVE('',#3582,#3575,#2012,.T.);
#4651=EDGE_CURVE('',#3583,#2993,#342,.T.);
#4652=EDGE_CURVE('',#3583,#3584,#2013,.T.);
#4653=EDGE_CURVE('',#2992,#3584,#343,.T.);
#4654=EDGE_CURVE('',#3585,#3584,#344,.T.);
#4655=EDGE_CURVE('',#3585,#2994,#345,.T.);
#4656=EDGE_CURVE('',#3585,#3586,#2014,.T.);
#4657=EDGE_CURVE('',#2995,#3586,#346,.T.);
#4658=EDGE_CURVE('',#3587,#3586,#347,.T.);
#4659=EDGE_CURVE('',#3587,#2996,#348,.T.);
#4660=EDGE_CURVE('',#3587,#3588,#2015,.T.);
#4661=EDGE_CURVE('',#2997,#3588,#349,.T.);
#4662=EDGE_CURVE('',#3589,#3588,#350,.T.);
#4663=EDGE_CURVE('',#3589,#2998,#351,.T.);
#4664=EDGE_CURVE('',#3589,#3590,#2016,.T.);
#4665=EDGE_CURVE('',#2999,#3590,#352,.T.);
#4666=EDGE_CURVE('',#3583,#3590,#353,.T.);
#4667=EDGE_CURVE('',#3591,#3592,#354,.T.);
#4668=EDGE_CURVE('',#3591,#3001,#355,.T.);
#4669=EDGE_CURVE('',#3000,#3592,#356,.T.);
#4670=EDGE_CURVE('',#3593,#3594,#357,.T.);
#4671=EDGE_CURVE('',#3595,#3594,#2017,.T.);
#4672=EDGE_CURVE('',#3595,#3596,#358,.T.);
#4673=EDGE_CURVE('',#3591,#3596,#2018,.T.);
#4674=EDGE_CURVE('',#3597,#3592,#2019,.T.);
#4675=EDGE_CURVE('',#3597,#3598,#359,.T.);
#4676=EDGE_CURVE('',#3593,#3598,#2020,.T.);
#4677=EDGE_CURVE('',#3004,#3594,#360,.T.);
#4678=EDGE_CURVE('',#3593,#3005,#361,.T.);
#4679=EDGE_CURVE('',#3006,#3598,#362,.T.);
#4680=EDGE_CURVE('',#3597,#3007,#363,.T.);
#4681=EDGE_CURVE('',#3595,#3003,#364,.T.);
#4682=EDGE_CURVE('',#3002,#3596,#365,.T.);
#4683=ORIENTED_EDGE('',*,*,#3599,.T.);
#4684=ORIENTED_EDGE('',*,*,#3600,.F.);
#4685=ORIENTED_EDGE('',*,*,#3601,.T.);
#4686=ORIENTED_EDGE('',*,*,#3602,.F.);
#4687=ORIENTED_EDGE('',*,*,#3603,.T.);
#4688=ORIENTED_EDGE('',*,*,#3599,.F.);
#4689=ORIENTED_EDGE('',*,*,#3604,.F.);
#4690=ORIENTED_EDGE('',*,*,#3605,.T.);
#4691=ORIENTED_EDGE('',*,*,#3606,.T.);
#4692=ORIENTED_EDGE('',*,*,#3607,.F.);
#4693=ORIENTED_EDGE('',*,*,#3608,.T.);
#4694=ORIENTED_EDGE('',*,*,#3609,.T.);
#4695=ORIENTED_EDGE('',*,*,#3610,.F.);
#4696=ORIENTED_EDGE('',*,*,#3611,.F.);
#4697=ORIENTED_EDGE('',*,*,#3612,.T.);
#4698=ORIENTED_EDGE('',*,*,#3613,.T.);
#4699=ORIENTED_EDGE('',*,*,#3614,.F.);
#4700=ORIENTED_EDGE('',*,*,#3615,.F.);
#4701=ORIENTED_EDGE('',*,*,#3616,.F.);
#4702=ORIENTED_EDGE('',*,*,#3617,.T.);
#4703=ORIENTED_EDGE('',*,*,#3618,.F.);
#4704=ORIENTED_EDGE('',*,*,#3619,.F.);
#4705=ORIENTED_EDGE('',*,*,#3620,.T.);
#4706=ORIENTED_EDGE('',*,*,#3621,.F.);
#4707=ORIENTED_EDGE('',*,*,#3622,.F.);
#4708=ORIENTED_EDGE('',*,*,#3623,.T.);
#4709=ORIENTED_EDGE('',*,*,#3624,.F.);
#4710=ORIENTED_EDGE('',*,*,#3625,.F.);
#4711=ORIENTED_EDGE('',*,*,#3626,.F.);
#4712=ORIENTED_EDGE('',*,*,#3627,.F.);
#4713=ORIENTED_EDGE('',*,*,#3608,.F.);
#4714=ORIENTED_EDGE('',*,*,#3628,.F.);
#4715=ORIENTED_EDGE('',*,*,#3629,.T.);
#4716=ORIENTED_EDGE('',*,*,#3630,.T.);
#4717=ORIENTED_EDGE('',*,*,#3631,.F.);
#4718=ORIENTED_EDGE('',*,*,#3632,.T.);
#4719=ORIENTED_EDGE('',*,*,#3633,.T.);
#4720=ORIENTED_EDGE('',*,*,#3634,.F.);
#4721=ORIENTED_EDGE('',*,*,#3635,.F.);
#4722=ORIENTED_EDGE('',*,*,#3636,.T.);
#4723=ORIENTED_EDGE('',*,*,#3637,.T.);
#4724=ORIENTED_EDGE('',*,*,#3638,.F.);
#4725=ORIENTED_EDGE('',*,*,#3639,.F.);
#4726=ORIENTED_EDGE('',*,*,#3640,.T.);
#4727=ORIENTED_EDGE('',*,*,#3641,.T.);
#4728=ORIENTED_EDGE('',*,*,#3642,.T.);
#4729=ORIENTED_EDGE('',*,*,#3643,.T.);
#4730=ORIENTED_EDGE('',*,*,#3644,.F.);
#4731=ORIENTED_EDGE('',*,*,#3645,.T.);
#4732=ORIENTED_EDGE('',*,*,#3646,.F.);
#4733=ORIENTED_EDGE('',*,*,#3647,.F.);
#4734=ORIENTED_EDGE('',*,*,#3648,.F.);
#4735=ORIENTED_EDGE('',*,*,#3649,.F.);
#4736=ORIENTED_EDGE('',*,*,#3650,.F.);
#4737=ORIENTED_EDGE('',*,*,#3651,.T.);
#4738=ORIENTED_EDGE('',*,*,#3652,.T.);
#4739=ORIENTED_EDGE('',*,*,#3653,.T.);
#4740=ORIENTED_EDGE('',*,*,#3654,.T.);
#4741=ORIENTED_EDGE('',*,*,#3655,.F.);
#4742=ORIENTED_EDGE('',*,*,#3656,.T.);
#4743=ORIENTED_EDGE('',*,*,#3657,.F.);
#4744=ORIENTED_EDGE('',*,*,#3658,.T.);
#4745=ORIENTED_EDGE('',*,*,#3659,.F.);
#4746=ORIENTED_EDGE('',*,*,#3660,.T.);
#4747=ORIENTED_EDGE('',*,*,#3661,.F.);
#4748=ORIENTED_EDGE('',*,*,#3662,.T.);
#4749=ORIENTED_EDGE('',*,*,#3663,.F.);
#4750=ORIENTED_EDGE('',*,*,#3664,.T.);
#4751=ORIENTED_EDGE('',*,*,#3665,.F.);
#4752=ORIENTED_EDGE('',*,*,#3666,.T.);
#4753=ORIENTED_EDGE('',*,*,#3667,.F.);
#4754=ORIENTED_EDGE('',*,*,#3668,.T.);
#4755=ORIENTED_EDGE('',*,*,#3669,.F.);
#4756=ORIENTED_EDGE('',*,*,#3670,.T.);
#4757=ORIENTED_EDGE('',*,*,#3671,.F.);
#4758=ORIENTED_EDGE('',*,*,#3672,.T.);
#4759=ORIENTED_EDGE('',*,*,#3673,.F.);
#4760=ORIENTED_EDGE('',*,*,#3674,.T.);
#4761=ORIENTED_EDGE('',*,*,#3675,.F.);
#4762=ORIENTED_EDGE('',*,*,#3676,.T.);
#4763=ORIENTED_EDGE('',*,*,#3677,.F.);
#4764=ORIENTED_EDGE('',*,*,#3678,.T.);
#4765=ORIENTED_EDGE('',*,*,#3679,.F.);
#4766=ORIENTED_EDGE('',*,*,#3680,.F.);
#4767=ORIENTED_EDGE('',*,*,#3681,.T.);
#4768=ORIENTED_EDGE('',*,*,#3682,.T.);
#4769=ORIENTED_EDGE('',*,*,#3683,.F.);
#4770=ORIENTED_EDGE('',*,*,#3684,.F.);
#4771=ORIENTED_EDGE('',*,*,#3685,.T.);
#4772=ORIENTED_EDGE('',*,*,#3686,.F.);
#4773=ORIENTED_EDGE('',*,*,#3687,.T.);
#4774=ORIENTED_EDGE('',*,*,#3688,.F.);
#4775=ORIENTED_EDGE('',*,*,#3689,.T.);
#4776=ORIENTED_EDGE('',*,*,#3690,.F.);
#4777=ORIENTED_EDGE('',*,*,#3691,.T.);
#4778=ORIENTED_EDGE('',*,*,#3692,.T.);
#4779=ORIENTED_EDGE('',*,*,#3693,.F.);
#4780=ORIENTED_EDGE('',*,*,#3694,.T.);
#4781=ORIENTED_EDGE('',*,*,#3695,.F.);
#4782=ORIENTED_EDGE('',*,*,#3696,.T.);
#4783=ORIENTED_EDGE('',*,*,#3697,.F.);
#4784=ORIENTED_EDGE('',*,*,#3698,.T.);
#4785=ORIENTED_EDGE('',*,*,#3699,.F.);
#4786=ORIENTED_EDGE('',*,*,#3700,.T.);
#4787=ORIENTED_EDGE('',*,*,#3701,.F.);
#4788=ORIENTED_EDGE('',*,*,#3702,.T.);
#4789=ORIENTED_EDGE('',*,*,#3703,.F.);
#4790=ORIENTED_EDGE('',*,*,#3704,.T.);
#4791=ORIENTED_EDGE('',*,*,#3705,.F.);
#4792=ORIENTED_EDGE('',*,*,#3706,.T.);
#4793=ORIENTED_EDGE('',*,*,#3707,.F.);
#4794=ORIENTED_EDGE('',*,*,#3708,.F.);
#4795=ORIENTED_EDGE('',*,*,#3709,.T.);
#4796=ORIENTED_EDGE('',*,*,#3710,.F.);
#4797=ORIENTED_EDGE('',*,*,#3711,.T.);
#4798=ORIENTED_EDGE('',*,*,#3712,.F.);
#4799=ORIENTED_EDGE('',*,*,#3713,.T.);
#4800=ORIENTED_EDGE('',*,*,#3714,.F.);
#4801=ORIENTED_EDGE('',*,*,#3715,.T.);
#4802=ORIENTED_EDGE('',*,*,#3716,.T.);
#4803=ORIENTED_EDGE('',*,*,#3717,.F.);
#4804=ORIENTED_EDGE('',*,*,#3718,.T.);
#4805=ORIENTED_EDGE('',*,*,#3719,.F.);
#4806=ORIENTED_EDGE('',*,*,#3720,.T.);
#4807=ORIENTED_EDGE('',*,*,#3721,.F.);
#4808=ORIENTED_EDGE('',*,*,#3722,.T.);
#4809=ORIENTED_EDGE('',*,*,#3723,.F.);
#4810=ORIENTED_EDGE('',*,*,#3724,.F.);
#4811=ORIENTED_EDGE('',*,*,#3725,.T.);
#4812=ORIENTED_EDGE('',*,*,#3726,.T.);
#4813=ORIENTED_EDGE('',*,*,#3727,.F.);
#4814=ORIENTED_EDGE('',*,*,#3728,.T.);
#4815=ORIENTED_EDGE('',*,*,#3617,.F.);
#4816=ORIENTED_EDGE('',*,*,#3729,.T.);
#4817=ORIENTED_EDGE('',*,*,#3730,.T.);
#4818=ORIENTED_EDGE('',*,*,#3731,.F.);
#4819=ORIENTED_EDGE('',*,*,#3732,.T.);
#4820=ORIENTED_EDGE('',*,*,#3733,.T.);
#4821=ORIENTED_EDGE('',*,*,#3613,.F.);
#4822=ORIENTED_EDGE('',*,*,#3734,.T.);
#4823=ORIENTED_EDGE('',*,*,#3735,.T.);
#4824=ORIENTED_EDGE('',*,*,#3736,.T.);
#4825=ORIENTED_EDGE('',*,*,#3609,.F.);
#4826=ORIENTED_EDGE('',*,*,#3737,.T.);
#4827=ORIENTED_EDGE('',*,*,#3738,.T.);
#4828=ORIENTED_EDGE('',*,*,#3739,.T.);
#4829=ORIENTED_EDGE('',*,*,#3740,.T.);
#4830=ORIENTED_EDGE('',*,*,#3728,.F.);
#4831=ORIENTED_EDGE('',*,*,#3741,.F.);
#4832=ORIENTED_EDGE('',*,*,#3742,.T.);
#4833=ORIENTED_EDGE('',*,*,#3743,.T.);
#4834=ORIENTED_EDGE('',*,*,#3744,.T.);
#4835=ORIENTED_EDGE('',*,*,#3618,.T.);
#4836=ORIENTED_EDGE('',*,*,#3745,.T.);
#4837=ORIENTED_EDGE('',*,*,#3746,.T.);
#4838=ORIENTED_EDGE('',*,*,#3619,.T.);
#4839=ORIENTED_EDGE('',*,*,#3744,.F.);
#4840=ORIENTED_EDGE('',*,*,#3747,.T.);
#4841=ORIENTED_EDGE('',*,*,#3748,.T.);
#4842=ORIENTED_EDGE('',*,*,#3749,.F.);
#4843=ORIENTED_EDGE('',*,*,#3750,.T.);
#4844=ORIENTED_EDGE('',*,*,#3745,.F.);
#4845=ORIENTED_EDGE('',*,*,#3751,.T.);
#4846=ORIENTED_EDGE('',*,*,#3752,.F.);
#4847=ORIENTED_EDGE('',*,*,#3620,.F.);
#4848=ORIENTED_EDGE('',*,*,#3746,.F.);
#4849=ORIENTED_EDGE('',*,*,#3750,.F.);
#4850=ORIENTED_EDGE('',*,*,#3753,.F.);
#4851=ORIENTED_EDGE('',*,*,#3754,.F.);
#4852=ORIENTED_EDGE('',*,*,#3755,.T.);
#4853=ORIENTED_EDGE('',*,*,#3621,.T.);
#4854=ORIENTED_EDGE('',*,*,#3753,.T.);
#4855=ORIENTED_EDGE('',*,*,#3752,.T.);
#4856=ORIENTED_EDGE('',*,*,#3751,.F.);
#4857=ORIENTED_EDGE('',*,*,#3749,.T.);
#4858=ORIENTED_EDGE('',*,*,#3756,.T.);
#4859=ORIENTED_EDGE('',*,*,#3754,.T.);
#4860=ORIENTED_EDGE('',*,*,#3757,.T.);
#4861=ORIENTED_EDGE('',*,*,#3758,.T.);
#4862=ORIENTED_EDGE('',*,*,#3759,.T.);
#4863=ORIENTED_EDGE('',*,*,#3760,.T.);
#4864=ORIENTED_EDGE('',*,*,#3761,.T.);
#4865=ORIENTED_EDGE('',*,*,#3762,.T.);
#4866=ORIENTED_EDGE('',*,*,#3763,.T.);
#4867=ORIENTED_EDGE('',*,*,#3764,.T.);
#4868=ORIENTED_EDGE('',*,*,#3765,.T.);
#4869=ORIENTED_EDGE('',*,*,#3766,.T.);
#4870=ORIENTED_EDGE('',*,*,#3767,.T.);
#4871=ORIENTED_EDGE('',*,*,#3768,.T.);
#4872=ORIENTED_EDGE('',*,*,#3622,.T.);
#4873=ORIENTED_EDGE('',*,*,#3755,.F.);
#4874=ORIENTED_EDGE('',*,*,#3756,.F.);
#4875=ORIENTED_EDGE('',*,*,#3748,.F.);
#4876=ORIENTED_EDGE('',*,*,#3769,.T.);
#4877=ORIENTED_EDGE('',*,*,#3770,.F.);
#4878=ORIENTED_EDGE('',*,*,#3771,.T.);
#4879=ORIENTED_EDGE('',*,*,#3772,.F.);
#4880=ORIENTED_EDGE('',*,*,#3773,.T.);
#4881=ORIENTED_EDGE('',*,*,#3774,.F.);
#4882=ORIENTED_EDGE('',*,*,#3775,.T.);
#4883=ORIENTED_EDGE('',*,*,#3757,.F.);
#4884=ORIENTED_EDGE('',*,*,#3776,.T.);
#4885=ORIENTED_EDGE('',*,*,#3777,.T.);
#4886=ORIENTED_EDGE('',*,*,#3778,.F.);
#4887=ORIENTED_EDGE('',*,*,#3771,.F.);
#4888=ORIENTED_EDGE('',*,*,#3779,.T.);
#4889=ORIENTED_EDGE('',*,*,#3780,.T.);
#4890=ORIENTED_EDGE('',*,*,#3781,.T.);
#4891=ORIENTED_EDGE('',*,*,#3782,.T.);
#4892=ORIENTED_EDGE('',*,*,#3783,.T.);
#4893=ORIENTED_EDGE('',*,*,#3784,.F.);
#4894=ORIENTED_EDGE('',*,*,#3785,.F.);
#4895=ORIENTED_EDGE('',*,*,#3786,.F.);
#4896=ORIENTED_EDGE('',*,*,#3787,.T.);
#4897=ORIENTED_EDGE('',*,*,#3788,.F.);
#4898=ORIENTED_EDGE('',*,*,#3789,.T.);
#4899=ORIENTED_EDGE('',*,*,#3790,.T.);
#4900=ORIENTED_EDGE('',*,*,#3791,.T.);
#4901=ORIENTED_EDGE('',*,*,#3792,.F.);
#4902=ORIENTED_EDGE('',*,*,#3793,.F.);
#4903=ORIENTED_EDGE('',*,*,#3794,.F.);
#4904=ORIENTED_EDGE('',*,*,#3795,.F.);
#4905=ORIENTED_EDGE('',*,*,#3796,.F.);
#4906=ORIENTED_EDGE('',*,*,#3797,.T.);
#4907=ORIENTED_EDGE('',*,*,#3798,.T.);
#4908=ORIENTED_EDGE('',*,*,#3799,.T.);
#4909=ORIENTED_EDGE('',*,*,#3800,.F.);
#4910=ORIENTED_EDGE('',*,*,#3801,.T.);
#4911=ORIENTED_EDGE('',*,*,#3802,.F.);
#4912=ORIENTED_EDGE('',*,*,#3803,.T.);
#4913=ORIENTED_EDGE('',*,*,#3804,.F.);
#4914=ORIENTED_EDGE('',*,*,#3805,.F.);
#4915=ORIENTED_EDGE('',*,*,#3806,.F.);
#4916=ORIENTED_EDGE('',*,*,#3807,.F.);
#4917=ORIENTED_EDGE('',*,*,#3808,.T.);
#4918=ORIENTED_EDGE('',*,*,#3809,.F.);
#4919=ORIENTED_EDGE('',*,*,#3810,.T.);
#4920=ORIENTED_EDGE('',*,*,#3811,.F.);
#4921=ORIENTED_EDGE('',*,*,#3812,.T.);
#4922=ORIENTED_EDGE('',*,*,#3813,.T.);
#4923=ORIENTED_EDGE('',*,*,#3814,.T.);
#4924=ORIENTED_EDGE('',*,*,#3815,.T.);
#4925=ORIENTED_EDGE('',*,*,#3816,.T.);
#4926=ORIENTED_EDGE('',*,*,#3817,.T.);
#4927=ORIENTED_EDGE('',*,*,#3818,.T.);
#4928=ORIENTED_EDGE('',*,*,#3819,.T.);
#4929=ORIENTED_EDGE('',*,*,#3820,.T.);
#4930=ORIENTED_EDGE('',*,*,#3821,.F.);
#4931=ORIENTED_EDGE('',*,*,#3822,.F.);
#4932=ORIENTED_EDGE('',*,*,#3823,.F.);
#4933=ORIENTED_EDGE('',*,*,#3824,.F.);
#4934=ORIENTED_EDGE('',*,*,#3825,.F.);
#4935=ORIENTED_EDGE('',*,*,#3826,.F.);
#4936=ORIENTED_EDGE('',*,*,#3827,.F.);
#4937=ORIENTED_EDGE('',*,*,#3828,.T.);
#4938=ORIENTED_EDGE('',*,*,#3829,.T.);
#4939=ORIENTED_EDGE('',*,*,#3830,.T.);
#4940=ORIENTED_EDGE('',*,*,#3831,.T.);
#4941=ORIENTED_EDGE('',*,*,#3832,.T.);
#4942=ORIENTED_EDGE('',*,*,#3833,.T.);
#4943=ORIENTED_EDGE('',*,*,#3834,.T.);
#4944=ORIENTED_EDGE('',*,*,#3835,.T.);
#4945=ORIENTED_EDGE('',*,*,#3836,.T.);
#4946=ORIENTED_EDGE('',*,*,#3837,.T.);
#4947=ORIENTED_EDGE('',*,*,#3838,.T.);
#4948=ORIENTED_EDGE('',*,*,#3839,.T.);
#4949=ORIENTED_EDGE('',*,*,#3840,.F.);
#4950=ORIENTED_EDGE('',*,*,#3841,.T.);
#4951=ORIENTED_EDGE('',*,*,#3842,.T.);
#4952=ORIENTED_EDGE('',*,*,#3843,.T.);
#4953=ORIENTED_EDGE('',*,*,#3775,.F.);
#4954=ORIENTED_EDGE('',*,*,#3844,.T.);
#4955=ORIENTED_EDGE('',*,*,#3845,.F.);
#4956=ORIENTED_EDGE('',*,*,#3846,.T.);
#4957=ORIENTED_EDGE('',*,*,#3846,.F.);
#4958=ORIENTED_EDGE('',*,*,#3847,.F.);
#4959=ORIENTED_EDGE('',*,*,#3848,.F.);
#4960=ORIENTED_EDGE('',*,*,#3849,.F.);
#4961=ORIENTED_EDGE('',*,*,#3850,.F.);
#4962=ORIENTED_EDGE('',*,*,#3758,.F.);
#4963=ORIENTED_EDGE('',*,*,#3850,.T.);
#4964=ORIENTED_EDGE('',*,*,#3851,.T.);
#4965=ORIENTED_EDGE('',*,*,#3852,.T.);
#4966=ORIENTED_EDGE('',*,*,#3759,.F.);
#4967=ORIENTED_EDGE('',*,*,#3853,.T.);
#4968=ORIENTED_EDGE('',*,*,#3854,.F.);
#4969=ORIENTED_EDGE('',*,*,#3760,.F.);
#4970=ORIENTED_EDGE('',*,*,#3852,.F.);
#4971=ORIENTED_EDGE('',*,*,#3626,.T.);
#4972=ORIENTED_EDGE('',*,*,#3855,.F.);
#4973=ORIENTED_EDGE('',*,*,#3856,.F.);
#4974=ORIENTED_EDGE('',*,*,#3853,.F.);
#4975=ORIENTED_EDGE('',*,*,#3851,.F.);
#4976=ORIENTED_EDGE('',*,*,#3849,.T.);
#4977=ORIENTED_EDGE('',*,*,#3857,.F.);
#4978=ORIENTED_EDGE('',*,*,#3858,.T.);
#4979=ORIENTED_EDGE('',*,*,#3859,.F.);
#4980=ORIENTED_EDGE('',*,*,#3860,.T.);
#4981=ORIENTED_EDGE('',*,*,#3861,.F.);
#4982=ORIENTED_EDGE('',*,*,#3862,.T.);
#4983=ORIENTED_EDGE('',*,*,#3862,.F.);
#4984=ORIENTED_EDGE('',*,*,#3863,.F.);
#4985=ORIENTED_EDGE('',*,*,#3864,.F.);
#4986=ORIENTED_EDGE('',*,*,#3865,.T.);
#4987=ORIENTED_EDGE('',*,*,#3866,.F.);
#4988=ORIENTED_EDGE('',*,*,#3867,.T.);
#4989=ORIENTED_EDGE('',*,*,#3600,.T.);
#4990=ORIENTED_EDGE('',*,*,#3627,.T.);
#4991=ORIENTED_EDGE('',*,*,#3866,.T.);
#4992=ORIENTED_EDGE('',*,*,#3868,.F.);
#4993=ORIENTED_EDGE('',*,*,#3601,.F.);
#4994=ORIENTED_EDGE('',*,*,#3867,.F.);
#4995=ORIENTED_EDGE('',*,*,#3865,.F.);
#4996=ORIENTED_EDGE('',*,*,#3806,.T.);
#4997=ORIENTED_EDGE('',*,*,#3869,.F.);
#4998=ORIENTED_EDGE('',*,*,#3870,.F.);
#4999=ORIENTED_EDGE('',*,*,#3871,.T.);
#5000=ORIENTED_EDGE('',*,*,#3802,.T.);
#5001=ORIENTED_EDGE('',*,*,#3872,.F.);
#5002=ORIENTED_EDGE('',*,*,#3873,.F.);
#5003=ORIENTED_EDGE('',*,*,#3874,.T.);
#5004=ORIENTED_EDGE('',*,*,#3875,.T.);
#5005=ORIENTED_EDGE('',*,*,#3876,.T.);
#5006=ORIENTED_EDGE('',*,*,#3629,.F.);
#5007=ORIENTED_EDGE('',*,*,#3877,.T.);
#5008=ORIENTED_EDGE('',*,*,#3878,.F.);
#5009=ORIENTED_EDGE('',*,*,#3879,.T.);
#5010=ORIENTED_EDGE('',*,*,#3880,.T.);
#5011=ORIENTED_EDGE('',*,*,#3602,.T.);
#5012=ORIENTED_EDGE('',*,*,#3868,.T.);
#5013=ORIENTED_EDGE('',*,*,#3864,.T.);
#5014=ORIENTED_EDGE('',*,*,#3881,.T.);
#5015=ORIENTED_EDGE('',*,*,#3882,.T.);
#5016=ORIENTED_EDGE('',*,*,#3883,.T.);
#5017=ORIENTED_EDGE('',*,*,#3884,.T.);
#5018=ORIENTED_EDGE('',*,*,#3844,.F.);
#5019=ORIENTED_EDGE('',*,*,#3884,.F.);
#5020=ORIENTED_EDGE('',*,*,#3885,.F.);
#5021=ORIENTED_EDGE('',*,*,#3858,.F.);
#5022=ORIENTED_EDGE('',*,*,#3886,.F.);
#5023=ORIENTED_EDGE('',*,*,#3887,.F.);
#5024=ORIENTED_EDGE('',*,*,#3845,.T.);
#5025=ORIENTED_EDGE('',*,*,#3887,.T.);
#5026=ORIENTED_EDGE('',*,*,#3888,.F.);
#5027=ORIENTED_EDGE('',*,*,#3847,.T.);
#5028=ORIENTED_EDGE('',*,*,#3848,.T.);
#5029=ORIENTED_EDGE('',*,*,#3888,.T.);
#5030=ORIENTED_EDGE('',*,*,#3886,.T.);
#5031=ORIENTED_EDGE('',*,*,#3857,.T.);
#5032=ORIENTED_EDGE('',*,*,#3889,.F.);
#5033=ORIENTED_EDGE('',*,*,#3859,.T.);
#5034=ORIENTED_EDGE('',*,*,#3885,.T.);
#5035=ORIENTED_EDGE('',*,*,#3883,.F.);
#5036=ORIENTED_EDGE('',*,*,#3860,.F.);
#5037=ORIENTED_EDGE('',*,*,#3889,.T.);
#5038=ORIENTED_EDGE('',*,*,#3882,.F.);
#5039=ORIENTED_EDGE('',*,*,#3890,.T.);
#5040=ORIENTED_EDGE('',*,*,#3861,.T.);
#5041=ORIENTED_EDGE('',*,*,#3890,.F.);
#5042=ORIENTED_EDGE('',*,*,#3881,.F.);
#5043=ORIENTED_EDGE('',*,*,#3863,.T.);
#5044=ORIENTED_EDGE('',*,*,#3604,.T.);
#5045=ORIENTED_EDGE('',*,*,#3603,.F.);
#5046=ORIENTED_EDGE('',*,*,#3880,.F.);
#5047=ORIENTED_EDGE('',*,*,#3891,.T.);
#5048=ORIENTED_EDGE('',*,*,#3879,.F.);
#5049=ORIENTED_EDGE('',*,*,#3892,.T.);
#5050=ORIENTED_EDGE('',*,*,#3605,.F.);
#5051=ORIENTED_EDGE('',*,*,#3891,.F.);
#5052=ORIENTED_EDGE('',*,*,#3893,.T.);
#5053=ORIENTED_EDGE('',*,*,#3606,.F.);
#5054=ORIENTED_EDGE('',*,*,#3892,.F.);
#5055=ORIENTED_EDGE('',*,*,#3878,.T.);
#5056=ORIENTED_EDGE('',*,*,#3607,.T.);
#5057=ORIENTED_EDGE('',*,*,#3893,.F.);
#5058=ORIENTED_EDGE('',*,*,#3877,.F.);
#5059=ORIENTED_EDGE('',*,*,#3628,.T.);
#5060=ORIENTED_EDGE('',*,*,#3894,.T.);
#5061=ORIENTED_EDGE('',*,*,#3895,.T.);
#5062=ORIENTED_EDGE('',*,*,#3630,.F.);
#5063=ORIENTED_EDGE('',*,*,#3876,.F.);
#5064=ORIENTED_EDGE('',*,*,#3896,.T.);
#5065=ORIENTED_EDGE('',*,*,#3894,.F.);
#5066=ORIENTED_EDGE('',*,*,#3897,.T.);
#5067=ORIENTED_EDGE('',*,*,#3898,.F.);
#5068=ORIENTED_EDGE('',*,*,#3899,.T.);
#5069=ORIENTED_EDGE('',*,*,#3895,.F.);
#5070=ORIENTED_EDGE('',*,*,#3899,.F.);
#5071=ORIENTED_EDGE('',*,*,#3900,.F.);
#5072=ORIENTED_EDGE('',*,*,#3631,.T.);
#5073=ORIENTED_EDGE('',*,*,#3901,.T.);
#5074=ORIENTED_EDGE('',*,*,#3874,.F.);
#5075=ORIENTED_EDGE('',*,*,#3902,.F.);
#5076=ORIENTED_EDGE('',*,*,#3903,.T.);
#5077=ORIENTED_EDGE('',*,*,#3632,.F.);
#5078=ORIENTED_EDGE('',*,*,#3900,.T.);
#5079=ORIENTED_EDGE('',*,*,#3898,.T.);
#5080=ORIENTED_EDGE('',*,*,#3896,.F.);
#5081=ORIENTED_EDGE('',*,*,#3875,.F.);
#5082=ORIENTED_EDGE('',*,*,#3901,.F.);
#5083=ORIENTED_EDGE('',*,*,#3897,.F.);
#5084=ORIENTED_EDGE('',*,*,#3904,.T.);
#5085=ORIENTED_EDGE('',*,*,#3905,.F.);
#5086=ORIENTED_EDGE('',*,*,#3906,.F.);
#5087=ORIENTED_EDGE('',*,*,#3633,.F.);
#5088=ORIENTED_EDGE('',*,*,#3903,.F.);
#5089=ORIENTED_EDGE('',*,*,#3907,.F.);
#5090=ORIENTED_EDGE('',*,*,#3908,.T.);
#5091=ORIENTED_EDGE('',*,*,#3904,.F.);
#5092=ORIENTED_EDGE('',*,*,#3909,.F.);
#5093=ORIENTED_EDGE('',*,*,#3910,.F.);
#5094=ORIENTED_EDGE('',*,*,#3800,.T.);
#5095=ORIENTED_EDGE('',*,*,#3911,.T.);
#5096=ORIENTED_EDGE('',*,*,#3912,.F.);
#5097=ORIENTED_EDGE('',*,*,#3913,.F.);
#5098=ORIENTED_EDGE('',*,*,#3914,.T.);
#5099=ORIENTED_EDGE('',*,*,#3915,.F.);
#5100=ORIENTED_EDGE('',*,*,#3916,.T.);
#5101=ORIENTED_EDGE('',*,*,#3917,.F.);
#5102=ORIENTED_EDGE('',*,*,#3905,.T.);
#5103=ORIENTED_EDGE('',*,*,#3908,.F.);
#5104=ORIENTED_EDGE('',*,*,#3916,.F.);
#5105=ORIENTED_EDGE('',*,*,#3915,.T.);
#5106=ORIENTED_EDGE('',*,*,#3918,.F.);
#5107=ORIENTED_EDGE('',*,*,#3919,.F.);
#5108=ORIENTED_EDGE('',*,*,#3917,.T.);
#5109=ORIENTED_EDGE('',*,*,#3919,.T.);
#5110=ORIENTED_EDGE('',*,*,#3920,.T.);
#5111=ORIENTED_EDGE('',*,*,#3921,.T.);
#5112=ORIENTED_EDGE('',*,*,#3642,.F.);
#5113=ORIENTED_EDGE('',*,*,#3922,.T.);
#5114=ORIENTED_EDGE('',*,*,#3923,.T.);
#5115=ORIENTED_EDGE('',*,*,#3924,.T.);
#5116=ORIENTED_EDGE('',*,*,#3638,.T.);
#5117=ORIENTED_EDGE('',*,*,#3925,.T.);
#5118=ORIENTED_EDGE('',*,*,#3926,.T.);
#5119=ORIENTED_EDGE('',*,*,#3927,.T.);
#5120=ORIENTED_EDGE('',*,*,#3928,.T.);
#5121=ORIENTED_EDGE('',*,*,#3929,.T.);
#5122=ORIENTED_EDGE('',*,*,#3634,.T.);
#5123=ORIENTED_EDGE('',*,*,#3906,.T.);
#5124=ORIENTED_EDGE('',*,*,#3930,.T.);
#5125=ORIENTED_EDGE('',*,*,#3635,.T.);
#5126=ORIENTED_EDGE('',*,*,#3929,.F.);
#5127=ORIENTED_EDGE('',*,*,#3931,.F.);
#5128=ORIENTED_EDGE('',*,*,#3932,.F.);
#5129=ORIENTED_EDGE('',*,*,#3930,.F.);
#5130=ORIENTED_EDGE('',*,*,#3933,.F.);
#5131=ORIENTED_EDGE('',*,*,#3934,.F.);
#5132=ORIENTED_EDGE('',*,*,#3636,.F.);
#5133=ORIENTED_EDGE('',*,*,#3637,.F.);
#5134=ORIENTED_EDGE('',*,*,#3934,.T.);
#5135=ORIENTED_EDGE('',*,*,#3935,.F.);
#5136=ORIENTED_EDGE('',*,*,#3936,.F.);
#5137=ORIENTED_EDGE('',*,*,#3925,.F.);
#5138=ORIENTED_EDGE('',*,*,#3936,.T.);
#5139=ORIENTED_EDGE('',*,*,#3937,.F.);
#5140=ORIENTED_EDGE('',*,*,#3938,.T.);
#5141=ORIENTED_EDGE('',*,*,#3926,.F.);
#5142=ORIENTED_EDGE('',*,*,#3938,.F.);
#5143=ORIENTED_EDGE('',*,*,#3939,.T.);
#5144=ORIENTED_EDGE('',*,*,#3940,.F.);
#5145=ORIENTED_EDGE('',*,*,#3927,.F.);
#5146=ORIENTED_EDGE('',*,*,#3940,.T.);
#5147=ORIENTED_EDGE('',*,*,#3941,.F.);
#5148=ORIENTED_EDGE('',*,*,#3931,.T.);
#5149=ORIENTED_EDGE('',*,*,#3928,.F.);
#5150=ORIENTED_EDGE('',*,*,#3941,.T.);
#5151=ORIENTED_EDGE('',*,*,#3939,.F.);
#5152=ORIENTED_EDGE('',*,*,#3937,.T.);
#5153=ORIENTED_EDGE('',*,*,#3935,.T.);
#5154=ORIENTED_EDGE('',*,*,#3933,.T.);
#5155=ORIENTED_EDGE('',*,*,#3932,.T.);
#5156=ORIENTED_EDGE('',*,*,#3639,.T.);
#5157=ORIENTED_EDGE('',*,*,#3924,.F.);
#5158=ORIENTED_EDGE('',*,*,#3942,.F.);
#5159=ORIENTED_EDGE('',*,*,#3943,.F.);
#5160=ORIENTED_EDGE('',*,*,#3943,.T.);
#5161=ORIENTED_EDGE('',*,*,#3944,.T.);
#5162=ORIENTED_EDGE('',*,*,#3945,.F.);
#5163=ORIENTED_EDGE('',*,*,#3640,.F.);
#5164=ORIENTED_EDGE('',*,*,#3946,.F.);
#5165=ORIENTED_EDGE('',*,*,#3922,.F.);
#5166=ORIENTED_EDGE('',*,*,#3641,.F.);
#5167=ORIENTED_EDGE('',*,*,#3945,.T.);
#5168=ORIENTED_EDGE('',*,*,#3946,.T.);
#5169=ORIENTED_EDGE('',*,*,#3944,.F.);
#5170=ORIENTED_EDGE('',*,*,#3942,.T.);
#5171=ORIENTED_EDGE('',*,*,#3923,.F.);
#5172=ORIENTED_EDGE('',*,*,#3947,.F.);
#5173=ORIENTED_EDGE('',*,*,#3913,.T.);
#5174=ORIENTED_EDGE('',*,*,#3948,.F.);
#5175=ORIENTED_EDGE('',*,*,#3949,.F.);
#5176=ORIENTED_EDGE('',*,*,#3643,.F.);
#5177=ORIENTED_EDGE('',*,*,#3921,.F.);
#5178=ORIENTED_EDGE('',*,*,#3947,.T.);
#5179=ORIENTED_EDGE('',*,*,#3920,.F.);
#5180=ORIENTED_EDGE('',*,*,#3918,.T.);
#5181=ORIENTED_EDGE('',*,*,#3914,.F.);
#5182=ORIENTED_EDGE('',*,*,#3949,.T.);
#5183=ORIENTED_EDGE('',*,*,#3950,.T.);
#5184=ORIENTED_EDGE('',*,*,#3951,.F.);
#5185=ORIENTED_EDGE('',*,*,#3644,.T.);
#5186=ORIENTED_EDGE('',*,*,#3952,.T.);
#5187=ORIENTED_EDGE('',*,*,#3953,.T.);
#5188=ORIENTED_EDGE('',*,*,#3954,.T.);
#5189=ORIENTED_EDGE('',*,*,#3955,.T.);
#5190=ORIENTED_EDGE('',*,*,#3956,.T.);
#5191=ORIENTED_EDGE('',*,*,#3957,.T.);
#5192=ORIENTED_EDGE('',*,*,#3958,.T.);
#5193=ORIENTED_EDGE('',*,*,#3959,.T.);
#5194=ORIENTED_EDGE('',*,*,#3960,.F.);
#5195=ORIENTED_EDGE('',*,*,#3961,.T.);
#5196=ORIENTED_EDGE('',*,*,#3645,.F.);
#5197=ORIENTED_EDGE('',*,*,#3951,.T.);
#5198=ORIENTED_EDGE('',*,*,#3962,.F.);
#5199=ORIENTED_EDGE('',*,*,#3963,.F.);
#5200=ORIENTED_EDGE('',*,*,#3798,.F.);
#5201=ORIENTED_EDGE('',*,*,#3964,.T.);
#5202=ORIENTED_EDGE('',*,*,#3965,.T.);
#5203=ORIENTED_EDGE('',*,*,#3966,.T.);
#5204=ORIENTED_EDGE('',*,*,#3790,.F.);
#5205=ORIENTED_EDGE('',*,*,#3967,.F.);
#5206=ORIENTED_EDGE('',*,*,#3968,.F.);
#5207=ORIENTED_EDGE('',*,*,#3969,.F.);
#5208=ORIENTED_EDGE('',*,*,#3782,.F.);
#5209=ORIENTED_EDGE('',*,*,#3970,.T.);
#5210=ORIENTED_EDGE('',*,*,#3971,.T.);
#5211=ORIENTED_EDGE('',*,*,#3972,.F.);
#5212=ORIENTED_EDGE('',*,*,#3653,.F.);
#5213=ORIENTED_EDGE('',*,*,#3973,.T.);
#5214=ORIENTED_EDGE('',*,*,#3974,.T.);
#5215=ORIENTED_EDGE('',*,*,#3975,.T.);
#5216=ORIENTED_EDGE('',*,*,#3976,.T.);
#5217=ORIENTED_EDGE('',*,*,#3977,.T.);
#5218=ORIENTED_EDGE('',*,*,#3978,.T.);
#5219=ORIENTED_EDGE('',*,*,#3979,.T.);
#5220=ORIENTED_EDGE('',*,*,#3980,.T.);
#5221=ORIENTED_EDGE('',*,*,#3981,.T.);
#5222=ORIENTED_EDGE('',*,*,#3952,.F.);
#5223=ORIENTED_EDGE('',*,*,#3982,.T.);
#5224=ORIENTED_EDGE('',*,*,#3983,.T.);
#5225=ORIENTED_EDGE('',*,*,#3984,.T.);
#5226=ORIENTED_EDGE('',*,*,#3953,.F.);
#5227=ORIENTED_EDGE('',*,*,#3984,.F.);
#5228=ORIENTED_EDGE('',*,*,#3985,.T.);
#5229=ORIENTED_EDGE('',*,*,#3986,.T.);
#5230=ORIENTED_EDGE('',*,*,#3954,.F.);
#5231=ORIENTED_EDGE('',*,*,#3986,.F.);
#5232=ORIENTED_EDGE('',*,*,#3987,.T.);
#5233=ORIENTED_EDGE('',*,*,#3988,.T.);
#5234=ORIENTED_EDGE('',*,*,#3955,.F.);
#5235=ORIENTED_EDGE('',*,*,#3988,.F.);
#5236=ORIENTED_EDGE('',*,*,#3989,.F.);
#5237=ORIENTED_EDGE('',*,*,#3990,.F.);
#5238=ORIENTED_EDGE('',*,*,#3991,.T.);
#5239=ORIENTED_EDGE('',*,*,#3992,.F.);
#5240=ORIENTED_EDGE('',*,*,#3993,.F.);
#5241=ORIENTED_EDGE('',*,*,#3956,.F.);
#5242=ORIENTED_EDGE('',*,*,#3991,.F.);
#5243=ORIENTED_EDGE('',*,*,#3994,.T.);
#5244=ORIENTED_EDGE('',*,*,#3992,.T.);
#5245=ORIENTED_EDGE('',*,*,#3990,.T.);
#5246=ORIENTED_EDGE('',*,*,#3648,.T.);
#5247=ORIENTED_EDGE('',*,*,#3993,.T.);
#5248=ORIENTED_EDGE('',*,*,#3994,.F.);
#5249=ORIENTED_EDGE('',*,*,#3995,.F.);
#5250=ORIENTED_EDGE('',*,*,#3996,.T.);
#5251=ORIENTED_EDGE('',*,*,#3957,.F.);
#5252=ORIENTED_EDGE('',*,*,#3958,.F.);
#5253=ORIENTED_EDGE('',*,*,#3996,.F.);
#5254=ORIENTED_EDGE('',*,*,#3997,.T.);
#5255=ORIENTED_EDGE('',*,*,#3998,.T.);
#5256=ORIENTED_EDGE('',*,*,#3959,.F.);
#5257=ORIENTED_EDGE('',*,*,#3998,.F.);
#5258=ORIENTED_EDGE('',*,*,#3999,.F.);
#5259=ORIENTED_EDGE('',*,*,#4000,.T.);
#5260=ORIENTED_EDGE('',*,*,#4001,.T.);
#5261=ORIENTED_EDGE('',*,*,#3960,.T.);
#5262=ORIENTED_EDGE('',*,*,#4000,.F.);
#5263=ORIENTED_EDGE('',*,*,#4002,.T.);
#5264=ORIENTED_EDGE('',*,*,#3646,.T.);
#5265=ORIENTED_EDGE('',*,*,#3961,.F.);
#5266=ORIENTED_EDGE('',*,*,#4001,.F.);
#5267=ORIENTED_EDGE('',*,*,#4003,.F.);
#5268=ORIENTED_EDGE('',*,*,#3995,.T.);
#5269=ORIENTED_EDGE('',*,*,#3647,.T.);
#5270=ORIENTED_EDGE('',*,*,#4003,.T.);
#5271=ORIENTED_EDGE('',*,*,#4002,.F.);
#5272=ORIENTED_EDGE('',*,*,#3999,.T.);
#5273=ORIENTED_EDGE('',*,*,#3997,.F.);
#5274=ORIENTED_EDGE('',*,*,#3649,.T.);
#5275=ORIENTED_EDGE('',*,*,#3989,.T.);
#5276=ORIENTED_EDGE('',*,*,#3987,.F.);
#5277=ORIENTED_EDGE('',*,*,#3985,.F.);
#5278=ORIENTED_EDGE('',*,*,#3983,.F.);
#5279=ORIENTED_EDGE('',*,*,#4004,.F.);
#5280=ORIENTED_EDGE('',*,*,#4005,.F.);
#5281=ORIENTED_EDGE('',*,*,#4006,.T.);
#5282=ORIENTED_EDGE('',*,*,#4007,.T.);
#5283=ORIENTED_EDGE('',*,*,#4008,.F.);
#5284=ORIENTED_EDGE('',*,*,#4006,.F.);
#5285=ORIENTED_EDGE('',*,*,#4009,.T.);
#5286=ORIENTED_EDGE('',*,*,#3979,.F.);
#5287=ORIENTED_EDGE('',*,*,#4010,.F.);
#5288=ORIENTED_EDGE('',*,*,#4011,.F.);
#5289=ORIENTED_EDGE('',*,*,#4007,.F.);
#5290=ORIENTED_EDGE('',*,*,#3978,.F.);
#5291=ORIENTED_EDGE('',*,*,#3977,.F.);
#5292=ORIENTED_EDGE('',*,*,#4012,.F.);
#5293=ORIENTED_EDGE('',*,*,#4013,.F.);
#5294=ORIENTED_EDGE('',*,*,#4014,.F.);
#5295=ORIENTED_EDGE('',*,*,#4010,.T.);
#5296=ORIENTED_EDGE('',*,*,#4011,.T.);
#5297=ORIENTED_EDGE('',*,*,#4014,.T.);
#5298=ORIENTED_EDGE('',*,*,#3650,.T.);
#5299=ORIENTED_EDGE('',*,*,#4008,.T.);
#5300=ORIENTED_EDGE('',*,*,#4013,.T.);
#5301=ORIENTED_EDGE('',*,*,#4015,.F.);
#5302=ORIENTED_EDGE('',*,*,#4016,.T.);
#5303=ORIENTED_EDGE('',*,*,#4017,.T.);
#5304=ORIENTED_EDGE('',*,*,#4018,.T.);
#5305=ORIENTED_EDGE('',*,*,#3651,.F.);
#5306=ORIENTED_EDGE('',*,*,#4018,.F.);
#5307=ORIENTED_EDGE('',*,*,#4019,.T.);
#5308=ORIENTED_EDGE('',*,*,#3973,.F.);
#5309=ORIENTED_EDGE('',*,*,#3652,.F.);
#5310=ORIENTED_EDGE('',*,*,#4020,.F.);
#5311=ORIENTED_EDGE('',*,*,#3974,.F.);
#5312=ORIENTED_EDGE('',*,*,#4019,.F.);
#5313=ORIENTED_EDGE('',*,*,#4017,.F.);
#5314=ORIENTED_EDGE('',*,*,#3975,.F.);
#5315=ORIENTED_EDGE('',*,*,#4020,.T.);
#5316=ORIENTED_EDGE('',*,*,#4016,.F.);
#5317=ORIENTED_EDGE('',*,*,#4021,.T.);
#5318=ORIENTED_EDGE('',*,*,#3976,.F.);
#5319=ORIENTED_EDGE('',*,*,#4021,.F.);
#5320=ORIENTED_EDGE('',*,*,#4015,.T.);
#5321=ORIENTED_EDGE('',*,*,#4012,.T.);
#5322=ORIENTED_EDGE('',*,*,#3980,.F.);
#5323=ORIENTED_EDGE('',*,*,#4009,.F.);
#5324=ORIENTED_EDGE('',*,*,#4005,.T.);
#5325=ORIENTED_EDGE('',*,*,#4022,.T.);
#5326=ORIENTED_EDGE('',*,*,#3981,.F.);
#5327=ORIENTED_EDGE('',*,*,#4022,.F.);
#5328=ORIENTED_EDGE('',*,*,#4004,.T.);
#5329=ORIENTED_EDGE('',*,*,#3982,.F.);
#5330=ORIENTED_EDGE('',*,*,#3654,.F.);
#5331=ORIENTED_EDGE('',*,*,#3972,.T.);
#5332=ORIENTED_EDGE('',*,*,#4023,.T.);
#5333=ORIENTED_EDGE('',*,*,#4024,.T.);
#5334=ORIENTED_EDGE('',*,*,#4025,.F.);
#5335=ORIENTED_EDGE('',*,*,#3737,.F.);
#5336=ORIENTED_EDGE('',*,*,#3655,.T.);
#5337=ORIENTED_EDGE('',*,*,#4024,.F.);
#5338=ORIENTED_EDGE('',*,*,#4026,.T.);
#5339=ORIENTED_EDGE('',*,*,#4027,.T.);
#5340=ORIENTED_EDGE('',*,*,#4025,.T.);
#5341=ORIENTED_EDGE('',*,*,#4028,.F.);
#5342=ORIENTED_EDGE('',*,*,#4029,.T.);
#5343=ORIENTED_EDGE('',*,*,#3738,.F.);
#5344=ORIENTED_EDGE('',*,*,#4030,.F.);
#5345=ORIENTED_EDGE('',*,*,#3739,.F.);
#5346=ORIENTED_EDGE('',*,*,#4029,.F.);
#5347=ORIENTED_EDGE('',*,*,#4031,.T.);
#5348=ORIENTED_EDGE('',*,*,#4030,.T.);
#5349=ORIENTED_EDGE('',*,*,#4032,.F.);
#5350=ORIENTED_EDGE('',*,*,#3741,.T.);
#5351=ORIENTED_EDGE('',*,*,#3740,.F.);
#5352=ORIENTED_EDGE('',*,*,#4033,.F.);
#5353=ORIENTED_EDGE('',*,*,#3742,.F.);
#5354=ORIENTED_EDGE('',*,*,#4032,.T.);
#5355=ORIENTED_EDGE('',*,*,#4031,.F.);
#5356=ORIENTED_EDGE('',*,*,#4028,.T.);
#5357=ORIENTED_EDGE('',*,*,#4027,.F.);
#5358=ORIENTED_EDGE('',*,*,#4034,.F.);
#5359=ORIENTED_EDGE('',*,*,#4035,.T.);
#5360=ORIENTED_EDGE('',*,*,#3780,.F.);
#5361=ORIENTED_EDGE('',*,*,#4036,.F.);
#5362=ORIENTED_EDGE('',*,*,#4037,.T.);
#5363=ORIENTED_EDGE('',*,*,#3769,.F.);
#5364=ORIENTED_EDGE('',*,*,#3747,.F.);
#5365=ORIENTED_EDGE('',*,*,#3743,.F.);
#5366=ORIENTED_EDGE('',*,*,#4033,.T.);
#5367=ORIENTED_EDGE('',*,*,#3779,.F.);
#5368=ORIENTED_EDGE('',*,*,#3770,.T.);
#5369=ORIENTED_EDGE('',*,*,#4037,.F.);
#5370=ORIENTED_EDGE('',*,*,#4036,.T.);
#5371=ORIENTED_EDGE('',*,*,#4038,.F.);
#5372=ORIENTED_EDGE('',*,*,#3970,.F.);
#5373=ORIENTED_EDGE('',*,*,#3781,.F.);
#5374=ORIENTED_EDGE('',*,*,#4035,.F.);
#5375=ORIENTED_EDGE('',*,*,#3971,.F.);
#5376=ORIENTED_EDGE('',*,*,#4038,.T.);
#5377=ORIENTED_EDGE('',*,*,#4034,.T.);
#5378=ORIENTED_EDGE('',*,*,#4026,.F.);
#5379=ORIENTED_EDGE('',*,*,#4023,.F.);
#5380=ORIENTED_EDGE('',*,*,#3783,.F.);
#5381=ORIENTED_EDGE('',*,*,#3969,.T.);
#5382=ORIENTED_EDGE('',*,*,#4039,.F.);
#5383=ORIENTED_EDGE('',*,*,#4040,.F.);
#5384=ORIENTED_EDGE('',*,*,#4041,.F.);
#5385=ORIENTED_EDGE('',*,*,#4042,.F.);
#5386=ORIENTED_EDGE('',*,*,#4043,.F.);
#5387=ORIENTED_EDGE('',*,*,#4044,.F.);
#5388=ORIENTED_EDGE('',*,*,#4045,.T.);
#5389=ORIENTED_EDGE('',*,*,#3784,.T.);
#5390=ORIENTED_EDGE('',*,*,#4044,.T.);
#5391=ORIENTED_EDGE('',*,*,#4046,.T.);
#5392=ORIENTED_EDGE('',*,*,#4047,.T.);
#5393=ORIENTED_EDGE('',*,*,#4048,.F.);
#5394=ORIENTED_EDGE('',*,*,#3785,.T.);
#5395=ORIENTED_EDGE('',*,*,#4045,.F.);
#5396=ORIENTED_EDGE('',*,*,#4049,.F.);
#5397=ORIENTED_EDGE('',*,*,#4050,.F.);
#5398=ORIENTED_EDGE('',*,*,#4051,.F.);
#5399=ORIENTED_EDGE('',*,*,#4052,.F.);
#5400=ORIENTED_EDGE('',*,*,#4053,.F.);
#5401=ORIENTED_EDGE('',*,*,#4054,.F.);
#5402=ORIENTED_EDGE('',*,*,#4055,.F.);
#5403=ORIENTED_EDGE('',*,*,#4047,.F.);
#5404=ORIENTED_EDGE('',*,*,#4056,.T.);
#5405=ORIENTED_EDGE('',*,*,#4039,.T.);
#5406=ORIENTED_EDGE('',*,*,#3968,.T.);
#5407=ORIENTED_EDGE('',*,*,#4057,.T.);
#5408=ORIENTED_EDGE('',*,*,#4053,.T.);
#5409=ORIENTED_EDGE('',*,*,#4058,.F.);
#5410=ORIENTED_EDGE('',*,*,#3788,.T.);
#5411=ORIENTED_EDGE('',*,*,#4059,.F.);
#5412=ORIENTED_EDGE('',*,*,#3787,.F.);
#5413=ORIENTED_EDGE('',*,*,#4060,.F.);
#5414=ORIENTED_EDGE('',*,*,#4054,.T.);
#5415=ORIENTED_EDGE('',*,*,#4059,.T.);
#5416=ORIENTED_EDGE('',*,*,#4061,.F.);
#5417=ORIENTED_EDGE('',*,*,#4062,.T.);
#5418=ORIENTED_EDGE('',*,*,#4063,.T.);
#5419=ORIENTED_EDGE('',*,*,#4064,.F.);
#5420=ORIENTED_EDGE('',*,*,#4065,.F.);
#5421=ORIENTED_EDGE('',*,*,#4066,.T.);
#5422=ORIENTED_EDGE('',*,*,#4067,.T.);
#5423=ORIENTED_EDGE('',*,*,#4068,.F.);
#5424=ORIENTED_EDGE('',*,*,#4060,.T.);
#5425=ORIENTED_EDGE('',*,*,#3786,.T.);
#5426=ORIENTED_EDGE('',*,*,#4048,.T.);
#5427=ORIENTED_EDGE('',*,*,#4055,.T.);
#5428=ORIENTED_EDGE('',*,*,#4069,.T.);
#5429=ORIENTED_EDGE('',*,*,#4070,.F.);
#5430=ORIENTED_EDGE('',*,*,#4071,.F.);
#5431=ORIENTED_EDGE('',*,*,#4072,.F.);
#5432=ORIENTED_EDGE('',*,*,#4073,.F.);
#5433=ORIENTED_EDGE('',*,*,#4061,.T.);
#5434=ORIENTED_EDGE('',*,*,#4074,.F.);
#5435=ORIENTED_EDGE('',*,*,#4075,.T.);
#5436=ORIENTED_EDGE('',*,*,#4076,.T.);
#5437=ORIENTED_EDGE('',*,*,#4077,.T.);
#5438=ORIENTED_EDGE('',*,*,#4078,.T.);
#5439=ORIENTED_EDGE('',*,*,#4079,.T.);
#5440=ORIENTED_EDGE('',*,*,#4080,.T.);
#5441=ORIENTED_EDGE('',*,*,#4081,.T.);
#5442=ORIENTED_EDGE('',*,*,#4082,.T.);
#5443=ORIENTED_EDGE('',*,*,#4083,.T.);
#5444=ORIENTED_EDGE('',*,*,#4084,.F.);
#5445=ORIENTED_EDGE('',*,*,#4085,.T.);
#5446=ORIENTED_EDGE('',*,*,#4069,.F.);
#5447=ORIENTED_EDGE('',*,*,#4064,.T.);
#5448=ORIENTED_EDGE('',*,*,#4074,.T.);
#5449=ORIENTED_EDGE('',*,*,#4063,.F.);
#5450=ORIENTED_EDGE('',*,*,#4086,.T.);
#5451=ORIENTED_EDGE('',*,*,#4087,.T.);
#5452=ORIENTED_EDGE('',*,*,#4088,.T.);
#5453=ORIENTED_EDGE('',*,*,#4089,.T.);
#5454=ORIENTED_EDGE('',*,*,#4090,.F.);
#5455=ORIENTED_EDGE('',*,*,#4075,.F.);
#5456=ORIENTED_EDGE('',*,*,#4089,.F.);
#5457=ORIENTED_EDGE('',*,*,#4091,.F.);
#5458=ORIENTED_EDGE('',*,*,#4090,.T.);
#5459=ORIENTED_EDGE('',*,*,#4092,.F.);
#5460=ORIENTED_EDGE('',*,*,#4093,.T.);
#5461=ORIENTED_EDGE('',*,*,#4076,.F.);
#5462=ORIENTED_EDGE('',*,*,#4094,.F.);
#5463=ORIENTED_EDGE('',*,*,#4077,.F.);
#5464=ORIENTED_EDGE('',*,*,#4093,.F.);
#5465=ORIENTED_EDGE('',*,*,#4095,.F.);
#5466=ORIENTED_EDGE('',*,*,#4096,.F.);
#5467=ORIENTED_EDGE('',*,*,#4078,.F.);
#5468=ORIENTED_EDGE('',*,*,#4094,.T.);
#5469=ORIENTED_EDGE('',*,*,#4097,.T.);
#5470=ORIENTED_EDGE('',*,*,#4079,.F.);
#5471=ORIENTED_EDGE('',*,*,#4096,.T.);
#5472=ORIENTED_EDGE('',*,*,#4098,.F.);
#5473=ORIENTED_EDGE('',*,*,#4099,.T.);
#5474=ORIENTED_EDGE('',*,*,#4100,.F.);
#5475=ORIENTED_EDGE('',*,*,#4101,.T.);
#5476=ORIENTED_EDGE('',*,*,#4080,.F.);
#5477=ORIENTED_EDGE('',*,*,#4099,.F.);
#5478=ORIENTED_EDGE('',*,*,#4102,.T.);
#5479=ORIENTED_EDGE('',*,*,#4103,.T.);
#5480=ORIENTED_EDGE('',*,*,#4104,.T.);
#5481=ORIENTED_EDGE('',*,*,#4105,.T.);
#5482=ORIENTED_EDGE('',*,*,#4106,.F.);
#5483=ORIENTED_EDGE('',*,*,#4100,.T.);
#5484=ORIENTED_EDGE('',*,*,#4098,.T.);
#5485=ORIENTED_EDGE('',*,*,#4097,.F.);
#5486=ORIENTED_EDGE('',*,*,#4095,.T.);
#5487=ORIENTED_EDGE('',*,*,#4092,.T.);
#5488=ORIENTED_EDGE('',*,*,#4091,.T.);
#5489=ORIENTED_EDGE('',*,*,#4088,.F.);
#5490=ORIENTED_EDGE('',*,*,#4041,.T.);
#5491=ORIENTED_EDGE('',*,*,#4071,.T.);
#5492=ORIENTED_EDGE('',*,*,#4107,.T.);
#5493=ORIENTED_EDGE('',*,*,#4102,.F.);
#5494=ORIENTED_EDGE('',*,*,#4070,.T.);
#5495=ORIENTED_EDGE('',*,*,#4085,.F.);
#5496=ORIENTED_EDGE('',*,*,#4108,.F.);
#5497=ORIENTED_EDGE('',*,*,#4103,.F.);
#5498=ORIENTED_EDGE('',*,*,#4107,.F.);
#5499=ORIENTED_EDGE('',*,*,#4084,.T.);
#5500=ORIENTED_EDGE('',*,*,#4104,.F.);
#5501=ORIENTED_EDGE('',*,*,#4108,.T.);
#5502=ORIENTED_EDGE('',*,*,#4083,.F.);
#5503=ORIENTED_EDGE('',*,*,#4109,.F.);
#5504=ORIENTED_EDGE('',*,*,#4082,.F.);
#5505=ORIENTED_EDGE('',*,*,#4110,.T.);
#5506=ORIENTED_EDGE('',*,*,#4105,.F.);
#5507=ORIENTED_EDGE('',*,*,#4109,.T.);
#5508=ORIENTED_EDGE('',*,*,#4081,.F.);
#5509=ORIENTED_EDGE('',*,*,#4101,.F.);
#5510=ORIENTED_EDGE('',*,*,#4106,.T.);
#5511=ORIENTED_EDGE('',*,*,#4110,.F.);
#5512=ORIENTED_EDGE('',*,*,#4111,.F.);
#5513=ORIENTED_EDGE('',*,*,#4042,.T.);
#5514=ORIENTED_EDGE('',*,*,#4087,.F.);
#5515=ORIENTED_EDGE('',*,*,#4050,.T.);
#5516=ORIENTED_EDGE('',*,*,#4112,.T.);
#5517=ORIENTED_EDGE('',*,*,#4113,.F.);
#5518=ORIENTED_EDGE('',*,*,#4114,.T.);
#5519=ORIENTED_EDGE('',*,*,#4111,.T.);
#5520=ORIENTED_EDGE('',*,*,#4115,.T.);
#5521=ORIENTED_EDGE('',*,*,#4066,.F.);
#5522=ORIENTED_EDGE('',*,*,#4116,.T.);
#5523=ORIENTED_EDGE('',*,*,#4112,.F.);
#5524=ORIENTED_EDGE('',*,*,#4065,.T.);
#5525=ORIENTED_EDGE('',*,*,#4117,.F.);
#5526=ORIENTED_EDGE('',*,*,#4118,.T.);
#5527=ORIENTED_EDGE('',*,*,#4119,.T.);
#5528=ORIENTED_EDGE('',*,*,#4120,.T.);
#5529=ORIENTED_EDGE('',*,*,#4121,.T.);
#5530=ORIENTED_EDGE('',*,*,#4122,.T.);
#5531=ORIENTED_EDGE('',*,*,#4123,.T.);
#5532=ORIENTED_EDGE('',*,*,#4124,.T.);
#5533=ORIENTED_EDGE('',*,*,#4125,.T.);
#5534=ORIENTED_EDGE('',*,*,#4126,.T.);
#5535=ORIENTED_EDGE('',*,*,#4127,.T.);
#5536=ORIENTED_EDGE('',*,*,#4128,.F.);
#5537=ORIENTED_EDGE('',*,*,#4129,.F.);
#5538=ORIENTED_EDGE('',*,*,#4113,.T.);
#5539=ORIENTED_EDGE('',*,*,#4116,.F.);
#5540=ORIENTED_EDGE('',*,*,#4128,.T.);
#5541=ORIENTED_EDGE('',*,*,#4127,.F.);
#5542=ORIENTED_EDGE('',*,*,#4130,.T.);
#5543=ORIENTED_EDGE('',*,*,#4131,.F.);
#5544=ORIENTED_EDGE('',*,*,#4132,.T.);
#5545=ORIENTED_EDGE('',*,*,#4043,.T.);
#5546=ORIENTED_EDGE('',*,*,#4114,.F.);
#5547=ORIENTED_EDGE('',*,*,#4129,.T.);
#5548=ORIENTED_EDGE('',*,*,#4131,.T.);
#5549=ORIENTED_EDGE('',*,*,#4133,.T.);
#5550=ORIENTED_EDGE('',*,*,#4134,.F.);
#5551=ORIENTED_EDGE('',*,*,#4135,.T.);
#5552=ORIENTED_EDGE('',*,*,#4136,.T.);
#5553=ORIENTED_EDGE('',*,*,#4137,.F.);
#5554=ORIENTED_EDGE('',*,*,#4138,.T.);
#5555=ORIENTED_EDGE('',*,*,#4139,.T.);
#5556=ORIENTED_EDGE('',*,*,#4140,.F.);
#5557=ORIENTED_EDGE('',*,*,#4141,.T.);
#5558=ORIENTED_EDGE('',*,*,#4132,.F.);
#5559=ORIENTED_EDGE('',*,*,#4142,.F.);
#5560=ORIENTED_EDGE('',*,*,#4117,.T.);
#5561=ORIENTED_EDGE('',*,*,#4068,.T.);
#5562=ORIENTED_EDGE('',*,*,#4143,.F.);
#5563=ORIENTED_EDGE('',*,*,#4046,.F.);
#5564=ORIENTED_EDGE('',*,*,#4049,.T.);
#5565=ORIENTED_EDGE('',*,*,#4143,.T.);
#5566=ORIENTED_EDGE('',*,*,#4067,.F.);
#5567=ORIENTED_EDGE('',*,*,#4115,.F.);
#5568=ORIENTED_EDGE('',*,*,#4142,.T.);
#5569=ORIENTED_EDGE('',*,*,#4141,.F.);
#5570=ORIENTED_EDGE('',*,*,#4144,.T.);
#5571=ORIENTED_EDGE('',*,*,#4118,.F.);
#5572=ORIENTED_EDGE('',*,*,#4144,.F.);
#5573=ORIENTED_EDGE('',*,*,#4140,.T.);
#5574=ORIENTED_EDGE('',*,*,#4145,.T.);
#5575=ORIENTED_EDGE('',*,*,#4119,.F.);
#5576=ORIENTED_EDGE('',*,*,#4120,.F.);
#5577=ORIENTED_EDGE('',*,*,#4145,.F.);
#5578=ORIENTED_EDGE('',*,*,#4139,.F.);
#5579=ORIENTED_EDGE('',*,*,#4146,.F.);
#5580=ORIENTED_EDGE('',*,*,#4121,.F.);
#5581=ORIENTED_EDGE('',*,*,#4146,.T.);
#5582=ORIENTED_EDGE('',*,*,#4138,.F.);
#5583=ORIENTED_EDGE('',*,*,#4147,.T.);
#5584=ORIENTED_EDGE('',*,*,#4137,.T.);
#5585=ORIENTED_EDGE('',*,*,#4148,.T.);
#5586=ORIENTED_EDGE('',*,*,#4122,.F.);
#5587=ORIENTED_EDGE('',*,*,#4147,.F.);
#5588=ORIENTED_EDGE('',*,*,#4123,.F.);
#5589=ORIENTED_EDGE('',*,*,#4148,.F.);
#5590=ORIENTED_EDGE('',*,*,#4136,.F.);
#5591=ORIENTED_EDGE('',*,*,#4149,.F.);
#5592=ORIENTED_EDGE('',*,*,#4124,.F.);
#5593=ORIENTED_EDGE('',*,*,#4149,.T.);
#5594=ORIENTED_EDGE('',*,*,#4135,.F.);
#5595=ORIENTED_EDGE('',*,*,#4150,.T.);
#5596=ORIENTED_EDGE('',*,*,#4150,.F.);
#5597=ORIENTED_EDGE('',*,*,#4134,.T.);
#5598=ORIENTED_EDGE('',*,*,#4151,.T.);
#5599=ORIENTED_EDGE('',*,*,#4125,.F.);
#5600=ORIENTED_EDGE('',*,*,#4151,.F.);
#5601=ORIENTED_EDGE('',*,*,#4133,.F.);
#5602=ORIENTED_EDGE('',*,*,#4130,.F.);
#5603=ORIENTED_EDGE('',*,*,#4126,.F.);
#5604=ORIENTED_EDGE('',*,*,#4051,.T.);
#5605=ORIENTED_EDGE('',*,*,#4086,.F.);
#5606=ORIENTED_EDGE('',*,*,#4062,.F.);
#5607=ORIENTED_EDGE('',*,*,#4073,.T.);
#5608=ORIENTED_EDGE('',*,*,#4072,.T.);
#5609=ORIENTED_EDGE('',*,*,#4040,.T.);
#5610=ORIENTED_EDGE('',*,*,#4056,.F.);
#5611=ORIENTED_EDGE('',*,*,#4052,.T.);
#5612=ORIENTED_EDGE('',*,*,#4057,.F.);
#5613=ORIENTED_EDGE('',*,*,#3967,.T.);
#5614=ORIENTED_EDGE('',*,*,#3789,.F.);
#5615=ORIENTED_EDGE('',*,*,#4058,.T.);
#5616=ORIENTED_EDGE('',*,*,#4152,.F.);
#5617=ORIENTED_EDGE('',*,*,#3791,.F.);
#5618=ORIENTED_EDGE('',*,*,#3966,.F.);
#5619=ORIENTED_EDGE('',*,*,#4153,.F.);
#5620=ORIENTED_EDGE('',*,*,#4154,.T.);
#5621=ORIENTED_EDGE('',*,*,#4155,.T.);
#5622=ORIENTED_EDGE('',*,*,#3792,.T.);
#5623=ORIENTED_EDGE('',*,*,#4152,.T.);
#5624=ORIENTED_EDGE('',*,*,#4156,.F.);
#5625=ORIENTED_EDGE('',*,*,#4157,.F.);
#5626=ORIENTED_EDGE('',*,*,#4158,.T.);
#5627=ORIENTED_EDGE('',*,*,#4154,.F.);
#5628=ORIENTED_EDGE('',*,*,#4153,.T.);
#5629=ORIENTED_EDGE('',*,*,#3965,.F.);
#5630=ORIENTED_EDGE('',*,*,#4159,.T.);
#5631=ORIENTED_EDGE('',*,*,#4160,.T.);
#5632=ORIENTED_EDGE('',*,*,#4156,.T.);
#5633=ORIENTED_EDGE('',*,*,#4161,.F.);
#5634=ORIENTED_EDGE('',*,*,#4162,.F.);
#5635=ORIENTED_EDGE('',*,*,#4163,.F.);
#5636=ORIENTED_EDGE('',*,*,#4164,.F.);
#5637=ORIENTED_EDGE('',*,*,#4165,.F.);
#5638=ORIENTED_EDGE('',*,*,#3795,.T.);
#5639=ORIENTED_EDGE('',*,*,#4166,.F.);
#5640=ORIENTED_EDGE('',*,*,#4157,.T.);
#5641=ORIENTED_EDGE('',*,*,#4166,.T.);
#5642=ORIENTED_EDGE('',*,*,#3794,.T.);
#5643=ORIENTED_EDGE('',*,*,#4167,.F.);
#5644=ORIENTED_EDGE('',*,*,#4155,.F.);
#5645=ORIENTED_EDGE('',*,*,#4158,.F.);
#5646=ORIENTED_EDGE('',*,*,#4167,.T.);
#5647=ORIENTED_EDGE('',*,*,#3793,.T.);
#5648=ORIENTED_EDGE('',*,*,#4168,.T.);
#5649=ORIENTED_EDGE('',*,*,#4169,.T.);
#5650=ORIENTED_EDGE('',*,*,#4170,.F.);
#5651=ORIENTED_EDGE('',*,*,#4171,.F.);
#5652=ORIENTED_EDGE('',*,*,#4172,.F.);
#5653=ORIENTED_EDGE('',*,*,#4173,.F.);
#5654=ORIENTED_EDGE('',*,*,#4174,.T.);
#5655=ORIENTED_EDGE('',*,*,#4175,.T.);
#5656=ORIENTED_EDGE('',*,*,#4168,.F.);
#5657=ORIENTED_EDGE('',*,*,#4176,.T.);
#5658=ORIENTED_EDGE('',*,*,#4177,.F.);
#5659=ORIENTED_EDGE('',*,*,#4178,.T.);
#5660=ORIENTED_EDGE('',*,*,#4179,.F.);
#5661=ORIENTED_EDGE('',*,*,#4180,.F.);
#5662=ORIENTED_EDGE('',*,*,#4169,.F.);
#5663=ORIENTED_EDGE('',*,*,#4180,.T.);
#5664=ORIENTED_EDGE('',*,*,#4181,.T.);
#5665=ORIENTED_EDGE('',*,*,#4182,.T.);
#5666=ORIENTED_EDGE('',*,*,#4183,.T.);
#5667=ORIENTED_EDGE('',*,*,#4184,.T.);
#5668=ORIENTED_EDGE('',*,*,#4185,.F.);
#5669=ORIENTED_EDGE('',*,*,#4186,.T.);
#5670=ORIENTED_EDGE('',*,*,#4187,.T.);
#5671=ORIENTED_EDGE('',*,*,#4188,.F.);
#5672=ORIENTED_EDGE('',*,*,#4189,.T.);
#5673=ORIENTED_EDGE('',*,*,#4190,.T.);
#5674=ORIENTED_EDGE('',*,*,#4191,.T.);
#5675=ORIENTED_EDGE('',*,*,#4192,.T.);
#5676=ORIENTED_EDGE('',*,*,#4192,.F.);
#5677=ORIENTED_EDGE('',*,*,#4193,.F.);
#5678=ORIENTED_EDGE('',*,*,#4194,.F.);
#5679=ORIENTED_EDGE('',*,*,#4195,.T.);
#5680=ORIENTED_EDGE('',*,*,#4196,.F.);
#5681=ORIENTED_EDGE('',*,*,#4170,.T.);
#5682=ORIENTED_EDGE('',*,*,#4196,.T.);
#5683=ORIENTED_EDGE('',*,*,#4162,.T.);
#5684=ORIENTED_EDGE('',*,*,#4176,.F.);
#5685=ORIENTED_EDGE('',*,*,#4171,.T.);
#5686=ORIENTED_EDGE('',*,*,#4195,.F.);
#5687=ORIENTED_EDGE('',*,*,#4197,.T.);
#5688=ORIENTED_EDGE('',*,*,#4198,.F.);
#5689=ORIENTED_EDGE('',*,*,#4163,.T.);
#5690=ORIENTED_EDGE('',*,*,#4173,.T.);
#5691=ORIENTED_EDGE('',*,*,#4199,.F.);
#5692=ORIENTED_EDGE('',*,*,#4198,.T.);
#5693=ORIENTED_EDGE('',*,*,#4200,.F.);
#5694=ORIENTED_EDGE('',*,*,#4201,.T.);
#5695=ORIENTED_EDGE('',*,*,#4202,.F.);
#5696=ORIENTED_EDGE('',*,*,#4203,.T.);
#5697=ORIENTED_EDGE('',*,*,#4204,.T.);
#5698=ORIENTED_EDGE('',*,*,#4205,.F.);
#5699=ORIENTED_EDGE('',*,*,#4206,.T.);
#5700=ORIENTED_EDGE('',*,*,#4207,.T.);
#5701=ORIENTED_EDGE('',*,*,#4208,.F.);
#5702=ORIENTED_EDGE('',*,*,#4209,.T.);
#5703=ORIENTED_EDGE('',*,*,#4210,.T.);
#5704=ORIENTED_EDGE('',*,*,#4211,.F.);
#5705=ORIENTED_EDGE('',*,*,#4212,.T.);
#5706=ORIENTED_EDGE('',*,*,#4213,.T.);
#5707=ORIENTED_EDGE('',*,*,#4174,.F.);
#5708=ORIENTED_EDGE('',*,*,#4202,.T.);
#5709=ORIENTED_EDGE('',*,*,#4214,.T.);
#5710=ORIENTED_EDGE('',*,*,#4215,.T.);
#5711=ORIENTED_EDGE('',*,*,#4216,.F.);
#5712=ORIENTED_EDGE('',*,*,#4217,.T.);
#5713=ORIENTED_EDGE('',*,*,#4203,.F.);
#5714=ORIENTED_EDGE('',*,*,#4214,.F.);
#5715=ORIENTED_EDGE('',*,*,#4201,.F.);
#5716=ORIENTED_EDGE('',*,*,#4218,.T.);
#5717=ORIENTED_EDGE('',*,*,#4215,.F.);
#5718=ORIENTED_EDGE('',*,*,#4200,.T.);
#5719=ORIENTED_EDGE('',*,*,#4219,.T.);
#5720=ORIENTED_EDGE('',*,*,#4220,.F.);
#5721=ORIENTED_EDGE('',*,*,#4221,.T.);
#5722=ORIENTED_EDGE('',*,*,#4222,.T.);
#5723=ORIENTED_EDGE('',*,*,#4223,.T.);
#5724=ORIENTED_EDGE('',*,*,#4224,.T.);
#5725=ORIENTED_EDGE('',*,*,#4225,.T.);
#5726=ORIENTED_EDGE('',*,*,#4226,.T.);
#5727=ORIENTED_EDGE('',*,*,#4227,.T.);
#5728=ORIENTED_EDGE('',*,*,#4228,.T.);
#5729=ORIENTED_EDGE('',*,*,#4229,.T.);
#5730=ORIENTED_EDGE('',*,*,#4216,.T.);
#5731=ORIENTED_EDGE('',*,*,#4218,.F.);
#5732=ORIENTED_EDGE('',*,*,#4204,.F.);
#5733=ORIENTED_EDGE('',*,*,#4217,.F.);
#5734=ORIENTED_EDGE('',*,*,#4229,.F.);
#5735=ORIENTED_EDGE('',*,*,#4230,.T.);
#5736=ORIENTED_EDGE('',*,*,#4205,.T.);
#5737=ORIENTED_EDGE('',*,*,#4230,.F.);
#5738=ORIENTED_EDGE('',*,*,#4228,.F.);
#5739=ORIENTED_EDGE('',*,*,#4231,.F.);
#5740=ORIENTED_EDGE('',*,*,#4231,.T.);
#5741=ORIENTED_EDGE('',*,*,#4227,.F.);
#5742=ORIENTED_EDGE('',*,*,#4232,.T.);
#5743=ORIENTED_EDGE('',*,*,#4206,.F.);
#5744=ORIENTED_EDGE('',*,*,#4232,.F.);
#5745=ORIENTED_EDGE('',*,*,#4226,.F.);
#5746=ORIENTED_EDGE('',*,*,#4233,.T.);
#5747=ORIENTED_EDGE('',*,*,#4207,.F.);
#5748=ORIENTED_EDGE('',*,*,#4234,.F.);
#5749=ORIENTED_EDGE('',*,*,#4208,.T.);
#5750=ORIENTED_EDGE('',*,*,#4233,.F.);
#5751=ORIENTED_EDGE('',*,*,#4225,.F.);
#5752=ORIENTED_EDGE('',*,*,#4234,.T.);
#5753=ORIENTED_EDGE('',*,*,#4224,.F.);
#5754=ORIENTED_EDGE('',*,*,#4235,.T.);
#5755=ORIENTED_EDGE('',*,*,#4209,.F.);
#5756=ORIENTED_EDGE('',*,*,#4235,.F.);
#5757=ORIENTED_EDGE('',*,*,#4223,.F.);
#5758=ORIENTED_EDGE('',*,*,#4236,.T.);
#5759=ORIENTED_EDGE('',*,*,#4210,.F.);
#5760=ORIENTED_EDGE('',*,*,#4211,.T.);
#5761=ORIENTED_EDGE('',*,*,#4236,.F.);
#5762=ORIENTED_EDGE('',*,*,#4222,.F.);
#5763=ORIENTED_EDGE('',*,*,#4237,.F.);
#5764=ORIENTED_EDGE('',*,*,#4212,.F.);
#5765=ORIENTED_EDGE('',*,*,#4237,.T.);
#5766=ORIENTED_EDGE('',*,*,#4221,.F.);
#5767=ORIENTED_EDGE('',*,*,#4238,.T.);
#5768=ORIENTED_EDGE('',*,*,#4175,.F.);
#5769=ORIENTED_EDGE('',*,*,#4213,.F.);
#5770=ORIENTED_EDGE('',*,*,#4238,.F.);
#5771=ORIENTED_EDGE('',*,*,#4220,.T.);
#5772=ORIENTED_EDGE('',*,*,#4239,.F.);
#5773=ORIENTED_EDGE('',*,*,#4240,.T.);
#5774=ORIENTED_EDGE('',*,*,#4164,.T.);
#5775=ORIENTED_EDGE('',*,*,#4199,.T.);
#5776=ORIENTED_EDGE('',*,*,#4172,.T.);
#5777=ORIENTED_EDGE('',*,*,#4240,.F.);
#5778=ORIENTED_EDGE('',*,*,#4239,.T.);
#5779=ORIENTED_EDGE('',*,*,#4241,.T.);
#5780=ORIENTED_EDGE('',*,*,#3796,.T.);
#5781=ORIENTED_EDGE('',*,*,#4165,.T.);
#5782=ORIENTED_EDGE('',*,*,#4242,.F.);
#5783=ORIENTED_EDGE('',*,*,#4159,.F.);
#5784=ORIENTED_EDGE('',*,*,#3964,.F.);
#5785=ORIENTED_EDGE('',*,*,#3797,.F.);
#5786=ORIENTED_EDGE('',*,*,#4241,.F.);
#5787=ORIENTED_EDGE('',*,*,#4219,.F.);
#5788=ORIENTED_EDGE('',*,*,#4197,.F.);
#5789=ORIENTED_EDGE('',*,*,#4243,.F.);
#5790=ORIENTED_EDGE('',*,*,#4242,.T.);
#5791=ORIENTED_EDGE('',*,*,#4177,.T.);
#5792=ORIENTED_EDGE('',*,*,#4161,.T.);
#5793=ORIENTED_EDGE('',*,*,#4160,.F.);
#5794=ORIENTED_EDGE('',*,*,#4243,.T.);
#5795=ORIENTED_EDGE('',*,*,#4194,.T.);
#5796=ORIENTED_EDGE('',*,*,#4244,.F.);
#5797=ORIENTED_EDGE('',*,*,#4245,.T.);
#5798=ORIENTED_EDGE('',*,*,#4246,.T.);
#5799=ORIENTED_EDGE('',*,*,#4247,.T.);
#5800=ORIENTED_EDGE('',*,*,#4248,.T.);
#5801=ORIENTED_EDGE('',*,*,#4249,.T.);
#5802=ORIENTED_EDGE('',*,*,#4250,.T.);
#5803=ORIENTED_EDGE('',*,*,#4251,.T.);
#5804=ORIENTED_EDGE('',*,*,#4252,.T.);
#5805=ORIENTED_EDGE('',*,*,#4253,.F.);
#5806=ORIENTED_EDGE('',*,*,#4254,.T.);
#5807=ORIENTED_EDGE('',*,*,#4178,.F.);
#5808=ORIENTED_EDGE('',*,*,#4181,.F.);
#5809=ORIENTED_EDGE('',*,*,#4179,.T.);
#5810=ORIENTED_EDGE('',*,*,#4254,.F.);
#5811=ORIENTED_EDGE('',*,*,#4255,.T.);
#5812=ORIENTED_EDGE('',*,*,#4182,.F.);
#5813=ORIENTED_EDGE('',*,*,#4255,.F.);
#5814=ORIENTED_EDGE('',*,*,#4253,.T.);
#5815=ORIENTED_EDGE('',*,*,#4256,.T.);
#5816=ORIENTED_EDGE('',*,*,#4257,.F.);
#5817=ORIENTED_EDGE('',*,*,#4183,.F.);
#5818=ORIENTED_EDGE('',*,*,#4256,.F.);
#5819=ORIENTED_EDGE('',*,*,#4252,.F.);
#5820=ORIENTED_EDGE('',*,*,#4257,.T.);
#5821=ORIENTED_EDGE('',*,*,#4251,.F.);
#5822=ORIENTED_EDGE('',*,*,#4258,.T.);
#5823=ORIENTED_EDGE('',*,*,#4184,.F.);
#5824=ORIENTED_EDGE('',*,*,#4258,.F.);
#5825=ORIENTED_EDGE('',*,*,#4250,.F.);
#5826=ORIENTED_EDGE('',*,*,#4259,.T.);
#5827=ORIENTED_EDGE('',*,*,#4185,.T.);
#5828=ORIENTED_EDGE('',*,*,#4260,.F.);
#5829=ORIENTED_EDGE('',*,*,#4186,.F.);
#5830=ORIENTED_EDGE('',*,*,#4259,.F.);
#5831=ORIENTED_EDGE('',*,*,#4249,.F.);
#5832=ORIENTED_EDGE('',*,*,#4260,.T.);
#5833=ORIENTED_EDGE('',*,*,#4248,.F.);
#5834=ORIENTED_EDGE('',*,*,#4261,.T.);
#5835=ORIENTED_EDGE('',*,*,#4187,.F.);
#5836=ORIENTED_EDGE('',*,*,#4247,.F.);
#5837=ORIENTED_EDGE('',*,*,#4262,.F.);
#5838=ORIENTED_EDGE('',*,*,#4188,.T.);
#5839=ORIENTED_EDGE('',*,*,#4261,.F.);
#5840=ORIENTED_EDGE('',*,*,#4246,.F.);
#5841=ORIENTED_EDGE('',*,*,#4263,.F.);
#5842=ORIENTED_EDGE('',*,*,#4189,.F.);
#5843=ORIENTED_EDGE('',*,*,#4262,.T.);
#5844=ORIENTED_EDGE('',*,*,#4264,.T.);
#5845=ORIENTED_EDGE('',*,*,#4190,.F.);
#5846=ORIENTED_EDGE('',*,*,#4263,.T.);
#5847=ORIENTED_EDGE('',*,*,#4245,.F.);
#5848=ORIENTED_EDGE('',*,*,#4244,.T.);
#5849=ORIENTED_EDGE('',*,*,#4193,.T.);
#5850=ORIENTED_EDGE('',*,*,#4191,.F.);
#5851=ORIENTED_EDGE('',*,*,#4264,.F.);
#5852=ORIENTED_EDGE('',*,*,#3911,.F.);
#5853=ORIENTED_EDGE('',*,*,#3799,.F.);
#5854=ORIENTED_EDGE('',*,*,#3963,.T.);
#5855=ORIENTED_EDGE('',*,*,#4265,.F.);
#5856=ORIENTED_EDGE('',*,*,#3950,.F.);
#5857=ORIENTED_EDGE('',*,*,#3948,.T.);
#5858=ORIENTED_EDGE('',*,*,#3912,.T.);
#5859=ORIENTED_EDGE('',*,*,#4265,.T.);
#5860=ORIENTED_EDGE('',*,*,#3962,.T.);
#5861=ORIENTED_EDGE('',*,*,#3910,.T.);
#5862=ORIENTED_EDGE('',*,*,#4266,.F.);
#5863=ORIENTED_EDGE('',*,*,#3872,.T.);
#5864=ORIENTED_EDGE('',*,*,#3801,.F.);
#5865=ORIENTED_EDGE('',*,*,#3909,.T.);
#5866=ORIENTED_EDGE('',*,*,#3907,.T.);
#5867=ORIENTED_EDGE('',*,*,#3902,.T.);
#5868=ORIENTED_EDGE('',*,*,#3873,.T.);
#5869=ORIENTED_EDGE('',*,*,#4266,.T.);
#5870=ORIENTED_EDGE('',*,*,#3871,.F.);
#5871=ORIENTED_EDGE('',*,*,#4267,.T.);
#5872=ORIENTED_EDGE('',*,*,#4268,.F.);
#5873=ORIENTED_EDGE('',*,*,#4269,.T.);
#5874=ORIENTED_EDGE('',*,*,#4270,.T.);
#5875=ORIENTED_EDGE('',*,*,#3803,.F.);
#5876=ORIENTED_EDGE('',*,*,#4271,.F.);
#5877=ORIENTED_EDGE('',*,*,#3804,.T.);
#5878=ORIENTED_EDGE('',*,*,#4270,.F.);
#5879=ORIENTED_EDGE('',*,*,#4272,.F.);
#5880=ORIENTED_EDGE('',*,*,#3869,.T.);
#5881=ORIENTED_EDGE('',*,*,#3805,.T.);
#5882=ORIENTED_EDGE('',*,*,#4271,.T.);
#5883=ORIENTED_EDGE('',*,*,#4273,.F.);
#5884=ORIENTED_EDGE('',*,*,#4274,.T.);
#5885=ORIENTED_EDGE('',*,*,#4275,.T.);
#5886=ORIENTED_EDGE('',*,*,#4276,.T.);
#5887=ORIENTED_EDGE('',*,*,#4267,.F.);
#5888=ORIENTED_EDGE('',*,*,#3870,.T.);
#5889=ORIENTED_EDGE('',*,*,#4275,.F.);
#5890=ORIENTED_EDGE('',*,*,#4268,.T.);
#5891=ORIENTED_EDGE('',*,*,#4276,.F.);
#5892=ORIENTED_EDGE('',*,*,#4274,.F.);
#5893=ORIENTED_EDGE('',*,*,#4277,.F.);
#5894=ORIENTED_EDGE('',*,*,#4272,.T.);
#5895=ORIENTED_EDGE('',*,*,#4269,.F.);
#5896=ORIENTED_EDGE('',*,*,#4277,.T.);
#5897=ORIENTED_EDGE('',*,*,#4273,.T.);
#5898=ORIENTED_EDGE('',*,*,#3856,.T.);
#5899=ORIENTED_EDGE('',*,*,#4278,.F.);
#5900=ORIENTED_EDGE('',*,*,#3761,.F.);
#5901=ORIENTED_EDGE('',*,*,#3854,.T.);
#5902=ORIENTED_EDGE('',*,*,#3855,.T.);
#5903=ORIENTED_EDGE('',*,*,#4279,.F.);
#5904=ORIENTED_EDGE('',*,*,#4280,.T.);
#5905=ORIENTED_EDGE('',*,*,#3762,.F.);
#5906=ORIENTED_EDGE('',*,*,#4278,.T.);
#5907=ORIENTED_EDGE('',*,*,#4280,.F.);
#5908=ORIENTED_EDGE('',*,*,#4281,.F.);
#5909=ORIENTED_EDGE('',*,*,#4282,.F.);
#5910=ORIENTED_EDGE('',*,*,#3763,.F.);
#5911=ORIENTED_EDGE('',*,*,#4283,.F.);
#5912=ORIENTED_EDGE('',*,*,#4284,.T.);
#5913=ORIENTED_EDGE('',*,*,#4285,.F.);
#5914=ORIENTED_EDGE('',*,*,#3764,.F.);
#5915=ORIENTED_EDGE('',*,*,#4282,.T.);
#5916=ORIENTED_EDGE('',*,*,#4281,.T.);
#5917=ORIENTED_EDGE('',*,*,#4279,.T.);
#5918=ORIENTED_EDGE('',*,*,#3625,.T.);
#5919=ORIENTED_EDGE('',*,*,#4283,.T.);
#5920=ORIENTED_EDGE('',*,*,#4286,.T.);
#5921=ORIENTED_EDGE('',*,*,#4287,.F.);
#5922=ORIENTED_EDGE('',*,*,#3765,.F.);
#5923=ORIENTED_EDGE('',*,*,#4285,.T.);
#5924=ORIENTED_EDGE('',*,*,#4284,.F.);
#5925=ORIENTED_EDGE('',*,*,#3624,.T.);
#5926=ORIENTED_EDGE('',*,*,#4288,.F.);
#5927=ORIENTED_EDGE('',*,*,#4289,.F.);
#5928=ORIENTED_EDGE('',*,*,#4290,.T.);
#5929=ORIENTED_EDGE('',*,*,#4286,.F.);
#5930=ORIENTED_EDGE('',*,*,#4290,.F.);
#5931=ORIENTED_EDGE('',*,*,#4291,.T.);
#5932=ORIENTED_EDGE('',*,*,#3766,.F.);
#5933=ORIENTED_EDGE('',*,*,#4287,.T.);
#5934=ORIENTED_EDGE('',*,*,#4291,.F.);
#5935=ORIENTED_EDGE('',*,*,#4289,.T.);
#5936=ORIENTED_EDGE('',*,*,#4292,.T.);
#5937=ORIENTED_EDGE('',*,*,#3767,.F.);
#5938=ORIENTED_EDGE('',*,*,#3768,.F.);
#5939=ORIENTED_EDGE('',*,*,#4292,.F.);
#5940=ORIENTED_EDGE('',*,*,#4288,.T.);
#5941=ORIENTED_EDGE('',*,*,#3623,.F.);
#5942=ORIENTED_EDGE('',*,*,#4293,.T.);
#5943=ORIENTED_EDGE('',*,*,#4294,.T.);
#5944=ORIENTED_EDGE('',*,*,#4295,.F.);
#5945=ORIENTED_EDGE('',*,*,#3772,.T.);
#5946=ORIENTED_EDGE('',*,*,#3778,.T.);
#5947=ORIENTED_EDGE('',*,*,#4296,.F.);
#5948=ORIENTED_EDGE('',*,*,#4297,.T.);
#5949=ORIENTED_EDGE('',*,*,#4298,.F.);
#5950=ORIENTED_EDGE('',*,*,#4293,.F.);
#5951=ORIENTED_EDGE('',*,*,#4299,.T.);
#5952=ORIENTED_EDGE('',*,*,#4300,.F.);
#5953=ORIENTED_EDGE('',*,*,#4297,.F.);
#5954=ORIENTED_EDGE('',*,*,#4301,.F.);
#5955=ORIENTED_EDGE('',*,*,#3776,.F.);
#5956=ORIENTED_EDGE('',*,*,#3774,.T.);
#5957=ORIENTED_EDGE('',*,*,#4302,.F.);
#5958=ORIENTED_EDGE('',*,*,#4294,.F.);
#5959=ORIENTED_EDGE('',*,*,#4298,.T.);
#5960=ORIENTED_EDGE('',*,*,#4300,.T.);
#5961=ORIENTED_EDGE('',*,*,#4303,.T.);
#5962=ORIENTED_EDGE('',*,*,#3773,.F.);
#5963=ORIENTED_EDGE('',*,*,#4295,.T.);
#5964=ORIENTED_EDGE('',*,*,#4303,.F.);
#5965=ORIENTED_EDGE('',*,*,#4302,.T.);
#5966=ORIENTED_EDGE('',*,*,#4299,.F.);
#5967=ORIENTED_EDGE('',*,*,#4296,.T.);
#5968=ORIENTED_EDGE('',*,*,#3777,.F.);
#5969=ORIENTED_EDGE('',*,*,#4301,.T.);
#5970=ORIENTED_EDGE('',*,*,#3807,.T.);
#5971=ORIENTED_EDGE('',*,*,#4304,.F.);
#5972=ORIENTED_EDGE('',*,*,#4305,.T.);
#5973=ORIENTED_EDGE('',*,*,#4306,.T.);
#5974=ORIENTED_EDGE('',*,*,#4307,.F.);
#5975=ORIENTED_EDGE('',*,*,#3808,.F.);
#5976=ORIENTED_EDGE('',*,*,#4306,.F.);
#5977=ORIENTED_EDGE('',*,*,#4308,.F.);
#5978=ORIENTED_EDGE('',*,*,#4309,.T.);
#5979=ORIENTED_EDGE('',*,*,#4310,.T.);
#5980=ORIENTED_EDGE('',*,*,#3809,.T.);
#5981=ORIENTED_EDGE('',*,*,#4307,.T.);
#5982=ORIENTED_EDGE('',*,*,#4308,.T.);
#5983=ORIENTED_EDGE('',*,*,#4305,.F.);
#5984=ORIENTED_EDGE('',*,*,#4311,.T.);
#5985=ORIENTED_EDGE('',*,*,#4312,.F.);
#5986=ORIENTED_EDGE('',*,*,#4313,.T.);
#5987=ORIENTED_EDGE('',*,*,#4309,.F.);
#5988=ORIENTED_EDGE('',*,*,#4313,.F.);
#5989=ORIENTED_EDGE('',*,*,#4314,.T.);
#5990=ORIENTED_EDGE('',*,*,#3810,.F.);
#5991=ORIENTED_EDGE('',*,*,#4310,.F.);
#5992=ORIENTED_EDGE('',*,*,#4312,.T.);
#5993=ORIENTED_EDGE('',*,*,#4315,.T.);
#5994=ORIENTED_EDGE('',*,*,#3811,.T.);
#5995=ORIENTED_EDGE('',*,*,#4314,.F.);
#5996=ORIENTED_EDGE('',*,*,#3812,.F.);
#5997=ORIENTED_EDGE('',*,*,#4315,.F.);
#5998=ORIENTED_EDGE('',*,*,#4311,.F.);
#5999=ORIENTED_EDGE('',*,*,#4304,.T.);
#6000=ORIENTED_EDGE('',*,*,#4316,.T.);
#6001=ORIENTED_EDGE('',*,*,#4317,.F.);
#6002=ORIENTED_EDGE('',*,*,#3813,.F.);
#6003=ORIENTED_EDGE('',*,*,#4318,.F.);
#6004=ORIENTED_EDGE('',*,*,#4319,.F.);
#6005=ORIENTED_EDGE('',*,*,#4320,.T.);
#6006=ORIENTED_EDGE('',*,*,#4321,.F.);
#6007=ORIENTED_EDGE('',*,*,#4316,.F.);
#6008=ORIENTED_EDGE('',*,*,#4322,.F.);
#6009=ORIENTED_EDGE('',*,*,#4323,.T.);
#6010=ORIENTED_EDGE('',*,*,#4324,.T.);
#6011=ORIENTED_EDGE('',*,*,#4325,.T.);
#6012=ORIENTED_EDGE('',*,*,#4326,.F.);
#6013=ORIENTED_EDGE('',*,*,#4327,.T.);
#6014=ORIENTED_EDGE('',*,*,#3816,.F.);
#6015=ORIENTED_EDGE('',*,*,#4328,.F.);
#6016=ORIENTED_EDGE('',*,*,#4319,.T.);
#6017=ORIENTED_EDGE('',*,*,#4329,.F.);
#6018=ORIENTED_EDGE('',*,*,#3817,.F.);
#6019=ORIENTED_EDGE('',*,*,#4329,.T.);
#6020=ORIENTED_EDGE('',*,*,#4323,.F.);
#6021=ORIENTED_EDGE('',*,*,#4330,.F.);
#6022=ORIENTED_EDGE('',*,*,#4322,.T.);
#6023=ORIENTED_EDGE('',*,*,#4318,.T.);
#6024=ORIENTED_EDGE('',*,*,#3818,.F.);
#6025=ORIENTED_EDGE('',*,*,#4330,.T.);
#6026=ORIENTED_EDGE('',*,*,#4320,.F.);
#6027=ORIENTED_EDGE('',*,*,#4328,.T.);
#6028=ORIENTED_EDGE('',*,*,#3815,.F.);
#6029=ORIENTED_EDGE('',*,*,#4331,.F.);
#6030=ORIENTED_EDGE('',*,*,#4321,.T.);
#6031=ORIENTED_EDGE('',*,*,#4331,.T.);
#6032=ORIENTED_EDGE('',*,*,#3814,.F.);
#6033=ORIENTED_EDGE('',*,*,#4317,.T.);
#6034=ORIENTED_EDGE('',*,*,#4332,.F.);
#6035=ORIENTED_EDGE('',*,*,#4333,.T.);
#6036=ORIENTED_EDGE('',*,*,#4334,.T.);
#6037=ORIENTED_EDGE('',*,*,#4324,.F.);
#6038=ORIENTED_EDGE('',*,*,#4335,.T.);
#6039=ORIENTED_EDGE('',*,*,#4336,.T.);
#6040=ORIENTED_EDGE('',*,*,#4337,.F.);
#6041=ORIENTED_EDGE('',*,*,#4338,.F.);
#6042=ORIENTED_EDGE('',*,*,#4339,.F.);
#6043=ORIENTED_EDGE('',*,*,#4340,.F.);
#6044=ORIENTED_EDGE('',*,*,#4332,.T.);
#6045=ORIENTED_EDGE('',*,*,#4341,.F.);
#6046=ORIENTED_EDGE('',*,*,#4342,.F.);
#6047=ORIENTED_EDGE('',*,*,#4343,.T.);
#6048=ORIENTED_EDGE('',*,*,#4344,.T.);
#6049=ORIENTED_EDGE('',*,*,#4326,.T.);
#6050=ORIENTED_EDGE('',*,*,#4345,.T.);
#6051=ORIENTED_EDGE('',*,*,#4346,.T.);
#6052=ORIENTED_EDGE('',*,*,#4339,.T.);
#6053=ORIENTED_EDGE('',*,*,#4347,.F.);
#6054=ORIENTED_EDGE('',*,*,#4337,.T.);
#6055=ORIENTED_EDGE('',*,*,#4348,.F.);
#6056=ORIENTED_EDGE('',*,*,#4342,.T.);
#6057=ORIENTED_EDGE('',*,*,#4349,.F.);
#6058=ORIENTED_EDGE('',*,*,#4350,.T.);
#6059=ORIENTED_EDGE('',*,*,#4351,.T.);
#6060=ORIENTED_EDGE('',*,*,#4352,.T.);
#6061=ORIENTED_EDGE('',*,*,#4353,.T.);
#6062=ORIENTED_EDGE('',*,*,#4349,.T.);
#6063=ORIENTED_EDGE('',*,*,#4347,.T.);
#6064=ORIENTED_EDGE('',*,*,#4341,.T.);
#6065=ORIENTED_EDGE('',*,*,#4338,.T.);
#6066=ORIENTED_EDGE('',*,*,#4354,.T.);
#6067=ORIENTED_EDGE('',*,*,#4355,.T.);
#6068=ORIENTED_EDGE('',*,*,#4356,.T.);
#6069=ORIENTED_EDGE('',*,*,#4357,.F.);
#6070=ORIENTED_EDGE('',*,*,#4358,.T.);
#6071=ORIENTED_EDGE('',*,*,#4359,.T.);
#6072=ORIENTED_EDGE('',*,*,#4360,.T.);
#6073=ORIENTED_EDGE('',*,*,#4350,.F.);
#6074=ORIENTED_EDGE('',*,*,#4361,.F.);
#6075=ORIENTED_EDGE('',*,*,#4362,.F.);
#6076=ORIENTED_EDGE('',*,*,#4354,.F.);
#6077=ORIENTED_EDGE('',*,*,#4353,.F.);
#6078=ORIENTED_EDGE('',*,*,#4363,.F.);
#6079=ORIENTED_EDGE('',*,*,#4364,.T.);
#6080=ORIENTED_EDGE('',*,*,#4365,.T.);
#6081=ORIENTED_EDGE('',*,*,#4366,.T.);
#6082=ORIENTED_EDGE('',*,*,#4367,.T.);
#6083=ORIENTED_EDGE('',*,*,#4368,.T.);
#6084=ORIENTED_EDGE('',*,*,#4361,.T.);
#6085=ORIENTED_EDGE('',*,*,#4352,.F.);
#6086=ORIENTED_EDGE('',*,*,#4360,.F.);
#6087=ORIENTED_EDGE('',*,*,#4369,.F.);
#6088=ORIENTED_EDGE('',*,*,#4363,.T.);
#6089=ORIENTED_EDGE('',*,*,#4351,.F.);
#6090=ORIENTED_EDGE('',*,*,#4359,.F.);
#6091=ORIENTED_EDGE('',*,*,#4370,.T.);
#6092=ORIENTED_EDGE('',*,*,#4364,.F.);
#6093=ORIENTED_EDGE('',*,*,#4369,.T.);
#6094=ORIENTED_EDGE('',*,*,#4365,.F.);
#6095=ORIENTED_EDGE('',*,*,#4370,.F.);
#6096=ORIENTED_EDGE('',*,*,#4358,.F.);
#6097=ORIENTED_EDGE('',*,*,#4371,.F.);
#6098=ORIENTED_EDGE('',*,*,#4372,.F.);
#6099=ORIENTED_EDGE('',*,*,#4373,.T.);
#6100=ORIENTED_EDGE('',*,*,#4374,.F.);
#6101=ORIENTED_EDGE('',*,*,#4375,.F.);
#6102=ORIENTED_EDGE('',*,*,#4376,.F.);
#6103=ORIENTED_EDGE('',*,*,#4377,.T.);
#6104=ORIENTED_EDGE('',*,*,#4366,.F.);
#6105=ORIENTED_EDGE('',*,*,#4371,.T.);
#6106=ORIENTED_EDGE('',*,*,#4357,.T.);
#6107=ORIENTED_EDGE('',*,*,#4378,.T.);
#6108=ORIENTED_EDGE('',*,*,#3834,.F.);
#6109=ORIENTED_EDGE('',*,*,#4379,.F.);
#6110=ORIENTED_EDGE('',*,*,#4372,.T.);
#6111=ORIENTED_EDGE('',*,*,#4380,.F.);
#6112=ORIENTED_EDGE('',*,*,#3835,.F.);
#6113=ORIENTED_EDGE('',*,*,#4380,.T.);
#6114=ORIENTED_EDGE('',*,*,#4377,.F.);
#6115=ORIENTED_EDGE('',*,*,#4381,.F.);
#6116=ORIENTED_EDGE('',*,*,#4376,.T.);
#6117=ORIENTED_EDGE('',*,*,#4382,.T.);
#6118=ORIENTED_EDGE('',*,*,#3836,.F.);
#6119=ORIENTED_EDGE('',*,*,#4381,.T.);
#6120=ORIENTED_EDGE('',*,*,#3837,.F.);
#6121=ORIENTED_EDGE('',*,*,#4382,.F.);
#6122=ORIENTED_EDGE('',*,*,#4375,.T.);
#6123=ORIENTED_EDGE('',*,*,#4383,.F.);
#6124=ORIENTED_EDGE('',*,*,#4374,.T.);
#6125=ORIENTED_EDGE('',*,*,#4384,.T.);
#6126=ORIENTED_EDGE('',*,*,#3832,.F.);
#6127=ORIENTED_EDGE('',*,*,#4383,.T.);
#6128=ORIENTED_EDGE('',*,*,#4373,.F.);
#6129=ORIENTED_EDGE('',*,*,#4379,.T.);
#6130=ORIENTED_EDGE('',*,*,#3833,.F.);
#6131=ORIENTED_EDGE('',*,*,#4384,.F.);
#6132=ORIENTED_EDGE('',*,*,#4378,.F.);
#6133=ORIENTED_EDGE('',*,*,#4356,.F.);
#6134=ORIENTED_EDGE('',*,*,#4385,.F.);
#6135=ORIENTED_EDGE('',*,*,#4367,.F.);
#6136=ORIENTED_EDGE('',*,*,#4362,.T.);
#6137=ORIENTED_EDGE('',*,*,#4368,.F.);
#6138=ORIENTED_EDGE('',*,*,#4385,.T.);
#6139=ORIENTED_EDGE('',*,*,#4355,.F.);
#6140=ORIENTED_EDGE('',*,*,#4348,.T.);
#6141=ORIENTED_EDGE('',*,*,#4336,.F.);
#6142=ORIENTED_EDGE('',*,*,#4386,.T.);
#6143=ORIENTED_EDGE('',*,*,#4343,.F.);
#6144=ORIENTED_EDGE('',*,*,#4327,.F.);
#6145=ORIENTED_EDGE('',*,*,#4344,.F.);
#6146=ORIENTED_EDGE('',*,*,#4386,.F.);
#6147=ORIENTED_EDGE('',*,*,#4335,.F.);
#6148=ORIENTED_EDGE('',*,*,#4346,.F.);
#6149=ORIENTED_EDGE('',*,*,#4387,.T.);
#6150=ORIENTED_EDGE('',*,*,#4333,.F.);
#6151=ORIENTED_EDGE('',*,*,#4340,.T.);
#6152=ORIENTED_EDGE('',*,*,#4334,.F.);
#6153=ORIENTED_EDGE('',*,*,#4387,.F.);
#6154=ORIENTED_EDGE('',*,*,#4345,.F.);
#6155=ORIENTED_EDGE('',*,*,#4325,.F.);
#6156=ORIENTED_EDGE('',*,*,#3819,.F.);
#6157=ORIENTED_EDGE('',*,*,#4388,.F.);
#6158=ORIENTED_EDGE('',*,*,#4389,.F.);
#6159=ORIENTED_EDGE('',*,*,#4390,.T.);
#6160=ORIENTED_EDGE('',*,*,#3820,.F.);
#6161=ORIENTED_EDGE('',*,*,#4390,.F.);
#6162=ORIENTED_EDGE('',*,*,#4391,.F.);
#6163=ORIENTED_EDGE('',*,*,#4392,.T.);
#6164=ORIENTED_EDGE('',*,*,#3821,.T.);
#6165=ORIENTED_EDGE('',*,*,#4392,.F.);
#6166=ORIENTED_EDGE('',*,*,#4393,.T.);
#6167=ORIENTED_EDGE('',*,*,#4394,.T.);
#6168=ORIENTED_EDGE('',*,*,#3822,.T.);
#6169=ORIENTED_EDGE('',*,*,#4394,.F.);
#6170=ORIENTED_EDGE('',*,*,#4395,.T.);
#6171=ORIENTED_EDGE('',*,*,#4396,.T.);
#6172=ORIENTED_EDGE('',*,*,#3823,.T.);
#6173=ORIENTED_EDGE('',*,*,#4396,.F.);
#6174=ORIENTED_EDGE('',*,*,#4397,.T.);
#6175=ORIENTED_EDGE('',*,*,#4398,.T.);
#6176=ORIENTED_EDGE('',*,*,#3824,.T.);
#6177=ORIENTED_EDGE('',*,*,#4398,.F.);
#6178=ORIENTED_EDGE('',*,*,#4399,.T.);
#6179=ORIENTED_EDGE('',*,*,#4400,.T.);
#6180=ORIENTED_EDGE('',*,*,#3825,.T.);
#6181=ORIENTED_EDGE('',*,*,#4400,.F.);
#6182=ORIENTED_EDGE('',*,*,#4401,.T.);
#6183=ORIENTED_EDGE('',*,*,#4402,.T.);
#6184=ORIENTED_EDGE('',*,*,#3826,.T.);
#6185=ORIENTED_EDGE('',*,*,#4402,.F.);
#6186=ORIENTED_EDGE('',*,*,#4403,.T.);
#6187=ORIENTED_EDGE('',*,*,#4404,.T.);
#6188=ORIENTED_EDGE('',*,*,#3827,.T.);
#6189=ORIENTED_EDGE('',*,*,#4404,.F.);
#6190=ORIENTED_EDGE('',*,*,#4405,.T.);
#6191=ORIENTED_EDGE('',*,*,#4406,.T.);
#6192=ORIENTED_EDGE('',*,*,#3828,.F.);
#6193=ORIENTED_EDGE('',*,*,#4406,.F.);
#6194=ORIENTED_EDGE('',*,*,#4407,.F.);
#6195=ORIENTED_EDGE('',*,*,#4408,.T.);
#6196=ORIENTED_EDGE('',*,*,#3829,.F.);
#6197=ORIENTED_EDGE('',*,*,#4408,.F.);
#6198=ORIENTED_EDGE('',*,*,#4409,.F.);
#6199=ORIENTED_EDGE('',*,*,#4410,.T.);
#6200=ORIENTED_EDGE('',*,*,#3830,.F.);
#6201=ORIENTED_EDGE('',*,*,#4410,.F.);
#6202=ORIENTED_EDGE('',*,*,#4411,.F.);
#6203=ORIENTED_EDGE('',*,*,#4412,.T.);
#6204=ORIENTED_EDGE('',*,*,#3831,.F.);
#6205=ORIENTED_EDGE('',*,*,#4412,.F.);
#6206=ORIENTED_EDGE('',*,*,#4413,.F.);
#6207=ORIENTED_EDGE('',*,*,#4388,.T.);
#6208=ORIENTED_EDGE('',*,*,#4397,.F.);
#6209=ORIENTED_EDGE('',*,*,#4395,.F.);
#6210=ORIENTED_EDGE('',*,*,#4393,.F.);
#6211=ORIENTED_EDGE('',*,*,#4391,.T.);
#6212=ORIENTED_EDGE('',*,*,#4389,.T.);
#6213=ORIENTED_EDGE('',*,*,#4413,.T.);
#6214=ORIENTED_EDGE('',*,*,#4411,.T.);
#6215=ORIENTED_EDGE('',*,*,#4409,.T.);
#6216=ORIENTED_EDGE('',*,*,#4407,.T.);
#6217=ORIENTED_EDGE('',*,*,#4405,.F.);
#6218=ORIENTED_EDGE('',*,*,#4403,.F.);
#6219=ORIENTED_EDGE('',*,*,#4401,.F.);
#6220=ORIENTED_EDGE('',*,*,#4399,.F.);
#6221=ORIENTED_EDGE('',*,*,#4414,.F.);
#6222=ORIENTED_EDGE('',*,*,#4415,.T.);
#6223=ORIENTED_EDGE('',*,*,#3838,.F.);
#6224=ORIENTED_EDGE('',*,*,#4416,.F.);
#6225=ORIENTED_EDGE('',*,*,#4417,.F.);
#6226=ORIENTED_EDGE('',*,*,#4414,.T.);
#6227=ORIENTED_EDGE('',*,*,#4418,.F.);
#6228=ORIENTED_EDGE('',*,*,#4419,.T.);
#6229=ORIENTED_EDGE('',*,*,#4420,.F.);
#6230=ORIENTED_EDGE('',*,*,#4421,.T.);
#6231=ORIENTED_EDGE('',*,*,#4417,.T.);
#6232=ORIENTED_EDGE('',*,*,#4422,.T.);
#6233=ORIENTED_EDGE('',*,*,#3839,.F.);
#6234=ORIENTED_EDGE('',*,*,#4415,.F.);
#6235=ORIENTED_EDGE('',*,*,#4421,.F.);
#6236=ORIENTED_EDGE('',*,*,#4423,.T.);
#6237=ORIENTED_EDGE('',*,*,#3840,.T.);
#6238=ORIENTED_EDGE('',*,*,#4422,.F.);
#6239=ORIENTED_EDGE('',*,*,#4420,.T.);
#6240=ORIENTED_EDGE('',*,*,#4424,.F.);
#6241=ORIENTED_EDGE('',*,*,#3841,.F.);
#6242=ORIENTED_EDGE('',*,*,#4423,.F.);
#6243=ORIENTED_EDGE('',*,*,#4419,.F.);
#6244=ORIENTED_EDGE('',*,*,#4425,.T.);
#6245=ORIENTED_EDGE('',*,*,#3842,.F.);
#6246=ORIENTED_EDGE('',*,*,#4424,.T.);
#6247=ORIENTED_EDGE('',*,*,#4418,.T.);
#6248=ORIENTED_EDGE('',*,*,#4416,.T.);
#6249=ORIENTED_EDGE('',*,*,#3843,.F.);
#6250=ORIENTED_EDGE('',*,*,#4425,.F.);
#6251=ORIENTED_EDGE('',*,*,#3736,.F.);
#6252=ORIENTED_EDGE('',*,*,#4426,.F.);
#6253=ORIENTED_EDGE('',*,*,#4427,.T.);
#6254=ORIENTED_EDGE('',*,*,#3610,.T.);
#6255=ORIENTED_EDGE('',*,*,#4428,.T.);
#6256=ORIENTED_EDGE('',*,*,#4429,.F.);
#6257=ORIENTED_EDGE('',*,*,#3611,.T.);
#6258=ORIENTED_EDGE('',*,*,#4427,.F.);
#6259=ORIENTED_EDGE('',*,*,#3735,.F.);
#6260=ORIENTED_EDGE('',*,*,#4430,.T.);
#6261=ORIENTED_EDGE('',*,*,#4428,.F.);
#6262=ORIENTED_EDGE('',*,*,#4426,.T.);
#6263=ORIENTED_EDGE('',*,*,#4430,.F.);
#6264=ORIENTED_EDGE('',*,*,#3734,.F.);
#6265=ORIENTED_EDGE('',*,*,#3612,.F.);
#6266=ORIENTED_EDGE('',*,*,#4429,.T.);
#6267=ORIENTED_EDGE('',*,*,#4431,.T.);
#6268=ORIENTED_EDGE('',*,*,#3614,.T.);
#6269=ORIENTED_EDGE('',*,*,#3733,.F.);
#6270=ORIENTED_EDGE('',*,*,#4432,.F.);
#6271=ORIENTED_EDGE('',*,*,#4433,.T.);
#6272=ORIENTED_EDGE('',*,*,#4431,.F.);
#6273=ORIENTED_EDGE('',*,*,#4434,.T.);
#6274=ORIENTED_EDGE('',*,*,#4435,.F.);
#6275=ORIENTED_EDGE('',*,*,#3615,.T.);
#6276=ORIENTED_EDGE('',*,*,#3729,.F.);
#6277=ORIENTED_EDGE('',*,*,#3616,.T.);
#6278=ORIENTED_EDGE('',*,*,#4435,.T.);
#6279=ORIENTED_EDGE('',*,*,#4436,.T.);
#6280=ORIENTED_EDGE('',*,*,#4437,.F.);
#6281=ORIENTED_EDGE('',*,*,#4437,.T.);
#6282=ORIENTED_EDGE('',*,*,#4438,.F.);
#6283=ORIENTED_EDGE('',*,*,#4439,.T.);
#6284=ORIENTED_EDGE('',*,*,#3730,.F.);
#6285=ORIENTED_EDGE('',*,*,#4439,.F.);
#6286=ORIENTED_EDGE('',*,*,#4440,.T.);
#6287=ORIENTED_EDGE('',*,*,#4441,.F.);
#6288=ORIENTED_EDGE('',*,*,#3731,.T.);
#6289=ORIENTED_EDGE('',*,*,#3732,.F.);
#6290=ORIENTED_EDGE('',*,*,#4441,.T.);
#6291=ORIENTED_EDGE('',*,*,#4442,.F.);
#6292=ORIENTED_EDGE('',*,*,#4432,.T.);
#6293=ORIENTED_EDGE('',*,*,#4438,.T.);
#6294=ORIENTED_EDGE('',*,*,#4436,.F.);
#6295=ORIENTED_EDGE('',*,*,#4434,.F.);
#6296=ORIENTED_EDGE('',*,*,#4433,.F.);
#6297=ORIENTED_EDGE('',*,*,#4442,.T.);
#6298=ORIENTED_EDGE('',*,*,#4440,.F.);
#6299=ORIENTED_EDGE('',*,*,#3656,.F.);
#6300=ORIENTED_EDGE('',*,*,#4443,.T.);
#6301=ORIENTED_EDGE('',*,*,#4444,.F.);
#6302=ORIENTED_EDGE('',*,*,#4445,.T.);
#6303=ORIENTED_EDGE('',*,*,#3657,.T.);
#6304=ORIENTED_EDGE('',*,*,#4445,.F.);
#6305=ORIENTED_EDGE('',*,*,#4446,.T.);
#6306=ORIENTED_EDGE('',*,*,#4447,.F.);
#6307=ORIENTED_EDGE('',*,*,#3658,.F.);
#6308=ORIENTED_EDGE('',*,*,#4447,.T.);
#6309=ORIENTED_EDGE('',*,*,#4448,.F.);
#6310=ORIENTED_EDGE('',*,*,#4449,.T.);
#6311=ORIENTED_EDGE('',*,*,#3659,.T.);
#6312=ORIENTED_EDGE('',*,*,#4449,.F.);
#6313=ORIENTED_EDGE('',*,*,#4450,.T.);
#6314=ORIENTED_EDGE('',*,*,#4451,.F.);
#6315=ORIENTED_EDGE('',*,*,#3660,.F.);
#6316=ORIENTED_EDGE('',*,*,#4451,.T.);
#6317=ORIENTED_EDGE('',*,*,#4452,.F.);
#6318=ORIENTED_EDGE('',*,*,#4453,.T.);
#6319=ORIENTED_EDGE('',*,*,#3661,.T.);
#6320=ORIENTED_EDGE('',*,*,#4453,.F.);
#6321=ORIENTED_EDGE('',*,*,#4454,.T.);
#6322=ORIENTED_EDGE('',*,*,#4455,.F.);
#6323=ORIENTED_EDGE('',*,*,#4456,.F.);
#6324=ORIENTED_EDGE('',*,*,#4457,.T.);
#6325=ORIENTED_EDGE('',*,*,#3662,.F.);
#6326=ORIENTED_EDGE('',*,*,#4455,.T.);
#6327=ORIENTED_EDGE('',*,*,#4456,.T.);
#6328=ORIENTED_EDGE('',*,*,#4454,.F.);
#6329=ORIENTED_EDGE('',*,*,#4452,.T.);
#6330=ORIENTED_EDGE('',*,*,#4450,.F.);
#6331=ORIENTED_EDGE('',*,*,#4448,.T.);
#6332=ORIENTED_EDGE('',*,*,#4446,.F.);
#6333=ORIENTED_EDGE('',*,*,#4444,.T.);
#6334=ORIENTED_EDGE('',*,*,#4458,.F.);
#6335=ORIENTED_EDGE('',*,*,#3663,.T.);
#6336=ORIENTED_EDGE('',*,*,#4457,.F.);
#6337=ORIENTED_EDGE('',*,*,#4458,.T.);
#6338=ORIENTED_EDGE('',*,*,#4443,.F.);
#6339=ORIENTED_EDGE('',*,*,#3664,.F.);
#6340=ORIENTED_EDGE('',*,*,#4459,.T.);
#6341=ORIENTED_EDGE('',*,*,#4460,.F.);
#6342=ORIENTED_EDGE('',*,*,#4461,.T.);
#6343=ORIENTED_EDGE('',*,*,#3665,.T.);
#6344=ORIENTED_EDGE('',*,*,#4461,.F.);
#6345=ORIENTED_EDGE('',*,*,#4462,.T.);
#6346=ORIENTED_EDGE('',*,*,#4463,.F.);
#6347=ORIENTED_EDGE('',*,*,#3666,.F.);
#6348=ORIENTED_EDGE('',*,*,#4463,.T.);
#6349=ORIENTED_EDGE('',*,*,#4464,.F.);
#6350=ORIENTED_EDGE('',*,*,#4465,.T.);
#6351=ORIENTED_EDGE('',*,*,#3667,.T.);
#6352=ORIENTED_EDGE('',*,*,#4465,.F.);
#6353=ORIENTED_EDGE('',*,*,#4466,.T.);
#6354=ORIENTED_EDGE('',*,*,#4467,.F.);
#6355=ORIENTED_EDGE('',*,*,#3668,.F.);
#6356=ORIENTED_EDGE('',*,*,#4467,.T.);
#6357=ORIENTED_EDGE('',*,*,#4468,.F.);
#6358=ORIENTED_EDGE('',*,*,#4469,.T.);
#6359=ORIENTED_EDGE('',*,*,#3669,.T.);
#6360=ORIENTED_EDGE('',*,*,#4469,.F.);
#6361=ORIENTED_EDGE('',*,*,#4470,.T.);
#6362=ORIENTED_EDGE('',*,*,#4471,.F.);
#6363=ORIENTED_EDGE('',*,*,#3670,.F.);
#6364=ORIENTED_EDGE('',*,*,#4471,.T.);
#6365=ORIENTED_EDGE('',*,*,#4472,.F.);
#6366=ORIENTED_EDGE('',*,*,#4473,.T.);
#6367=ORIENTED_EDGE('',*,*,#3671,.T.);
#6368=ORIENTED_EDGE('',*,*,#4473,.F.);
#6369=ORIENTED_EDGE('',*,*,#4474,.T.);
#6370=ORIENTED_EDGE('',*,*,#4459,.F.);
#6371=ORIENTED_EDGE('',*,*,#4464,.T.);
#6372=ORIENTED_EDGE('',*,*,#4462,.F.);
#6373=ORIENTED_EDGE('',*,*,#4460,.T.);
#6374=ORIENTED_EDGE('',*,*,#4474,.F.);
#6375=ORIENTED_EDGE('',*,*,#4472,.T.);
#6376=ORIENTED_EDGE('',*,*,#4470,.F.);
#6377=ORIENTED_EDGE('',*,*,#4468,.T.);
#6378=ORIENTED_EDGE('',*,*,#4466,.F.);
#6379=ORIENTED_EDGE('',*,*,#3672,.F.);
#6380=ORIENTED_EDGE('',*,*,#4475,.T.);
#6381=ORIENTED_EDGE('',*,*,#4476,.F.);
#6382=ORIENTED_EDGE('',*,*,#4477,.T.);
#6383=ORIENTED_EDGE('',*,*,#3673,.T.);
#6384=ORIENTED_EDGE('',*,*,#4477,.F.);
#6385=ORIENTED_EDGE('',*,*,#4478,.T.);
#6386=ORIENTED_EDGE('',*,*,#4479,.F.);
#6387=ORIENTED_EDGE('',*,*,#3674,.F.);
#6388=ORIENTED_EDGE('',*,*,#4479,.T.);
#6389=ORIENTED_EDGE('',*,*,#4480,.F.);
#6390=ORIENTED_EDGE('',*,*,#4481,.T.);
#6391=ORIENTED_EDGE('',*,*,#3675,.T.);
#6392=ORIENTED_EDGE('',*,*,#4481,.F.);
#6393=ORIENTED_EDGE('',*,*,#4482,.T.);
#6394=ORIENTED_EDGE('',*,*,#4483,.F.);
#6395=ORIENTED_EDGE('',*,*,#3676,.F.);
#6396=ORIENTED_EDGE('',*,*,#4483,.T.);
#6397=ORIENTED_EDGE('',*,*,#4484,.F.);
#6398=ORIENTED_EDGE('',*,*,#4485,.T.);
#6399=ORIENTED_EDGE('',*,*,#3677,.T.);
#6400=ORIENTED_EDGE('',*,*,#4485,.F.);
#6401=ORIENTED_EDGE('',*,*,#4486,.T.);
#6402=ORIENTED_EDGE('',*,*,#4487,.F.);
#6403=ORIENTED_EDGE('',*,*,#3678,.F.);
#6404=ORIENTED_EDGE('',*,*,#4487,.T.);
#6405=ORIENTED_EDGE('',*,*,#4488,.F.);
#6406=ORIENTED_EDGE('',*,*,#4489,.T.);
#6407=ORIENTED_EDGE('',*,*,#3679,.T.);
#6408=ORIENTED_EDGE('',*,*,#4489,.F.);
#6409=ORIENTED_EDGE('',*,*,#4490,.T.);
#6410=ORIENTED_EDGE('',*,*,#4475,.F.);
#6411=ORIENTED_EDGE('',*,*,#4490,.F.);
#6412=ORIENTED_EDGE('',*,*,#4488,.T.);
#6413=ORIENTED_EDGE('',*,*,#4486,.F.);
#6414=ORIENTED_EDGE('',*,*,#4484,.T.);
#6415=ORIENTED_EDGE('',*,*,#4482,.F.);
#6416=ORIENTED_EDGE('',*,*,#4480,.T.);
#6417=ORIENTED_EDGE('',*,*,#4478,.F.);
#6418=ORIENTED_EDGE('',*,*,#4476,.T.);
#6419=ORIENTED_EDGE('',*,*,#4491,.T.);
#6420=ORIENTED_EDGE('',*,*,#4492,.T.);
#6421=ORIENTED_EDGE('',*,*,#4493,.T.);
#6422=ORIENTED_EDGE('',*,*,#4494,.F.);
#6423=ORIENTED_EDGE('',*,*,#4495,.T.);
#6424=ORIENTED_EDGE('',*,*,#4496,.F.);
#6425=ORIENTED_EDGE('',*,*,#3680,.T.);
#6426=ORIENTED_EDGE('',*,*,#4497,.F.);
#6427=ORIENTED_EDGE('',*,*,#4498,.T.);
#6428=ORIENTED_EDGE('',*,*,#4499,.F.);
#6429=ORIENTED_EDGE('',*,*,#4500,.T.);
#6430=ORIENTED_EDGE('',*,*,#4501,.T.);
#6431=ORIENTED_EDGE('',*,*,#4502,.T.);
#6432=ORIENTED_EDGE('',*,*,#4503,.T.);
#6433=ORIENTED_EDGE('',*,*,#4504,.T.);
#6434=ORIENTED_EDGE('',*,*,#4505,.F.);
#6435=ORIENTED_EDGE('',*,*,#4506,.T.);
#6436=ORIENTED_EDGE('',*,*,#4507,.T.);
#6437=ORIENTED_EDGE('',*,*,#4508,.T.);
#6438=ORIENTED_EDGE('',*,*,#4509,.F.);
#6439=ORIENTED_EDGE('',*,*,#4510,.F.);
#6440=ORIENTED_EDGE('',*,*,#4511,.T.);
#6441=ORIENTED_EDGE('',*,*,#4512,.T.);
#6442=ORIENTED_EDGE('',*,*,#4491,.F.);
#6443=ORIENTED_EDGE('',*,*,#4513,.T.);
#6444=ORIENTED_EDGE('',*,*,#4514,.T.);
#6445=ORIENTED_EDGE('',*,*,#4515,.F.);
#6446=ORIENTED_EDGE('',*,*,#4516,.F.);
#6447=ORIENTED_EDGE('',*,*,#4510,.T.);
#6448=ORIENTED_EDGE('',*,*,#4509,.T.);
#6449=ORIENTED_EDGE('',*,*,#4517,.F.);
#6450=ORIENTED_EDGE('',*,*,#4518,.F.);
#6451=ORIENTED_EDGE('',*,*,#4511,.F.);
#6452=ORIENTED_EDGE('',*,*,#4518,.T.);
#6453=ORIENTED_EDGE('',*,*,#4519,.T.);
#6454=ORIENTED_EDGE('',*,*,#4520,.T.);
#6455=ORIENTED_EDGE('',*,*,#4521,.T.);
#6456=ORIENTED_EDGE('',*,*,#4522,.F.);
#6457=ORIENTED_EDGE('',*,*,#4523,.T.);
#6458=ORIENTED_EDGE('',*,*,#4524,.T.);
#6459=ORIENTED_EDGE('',*,*,#4525,.T.);
#6460=ORIENTED_EDGE('',*,*,#4526,.T.);
#6461=ORIENTED_EDGE('',*,*,#4527,.T.);
#6462=ORIENTED_EDGE('',*,*,#4528,.F.);
#6463=ORIENTED_EDGE('',*,*,#4529,.T.);
#6464=ORIENTED_EDGE('',*,*,#4530,.F.);
#6465=ORIENTED_EDGE('',*,*,#3682,.F.);
#6466=ORIENTED_EDGE('',*,*,#4531,.F.);
#6467=ORIENTED_EDGE('',*,*,#4532,.T.);
#6468=ORIENTED_EDGE('',*,*,#4533,.F.);
#6469=ORIENTED_EDGE('',*,*,#4534,.F.);
#6470=ORIENTED_EDGE('',*,*,#4535,.F.);
#6471=ORIENTED_EDGE('',*,*,#4492,.F.);
#6472=ORIENTED_EDGE('',*,*,#4512,.F.);
#6473=ORIENTED_EDGE('',*,*,#4535,.T.);
#6474=ORIENTED_EDGE('',*,*,#4536,.T.);
#6475=ORIENTED_EDGE('',*,*,#4537,.T.);
#6476=ORIENTED_EDGE('',*,*,#4538,.T.);
#6477=ORIENTED_EDGE('',*,*,#4539,.F.);
#6478=ORIENTED_EDGE('',*,*,#4514,.F.);
#6479=ORIENTED_EDGE('',*,*,#4540,.F.);
#6480=ORIENTED_EDGE('',*,*,#4493,.F.);
#6481=ORIENTED_EDGE('',*,*,#4536,.F.);
#6482=ORIENTED_EDGE('',*,*,#4534,.T.);
#6483=ORIENTED_EDGE('',*,*,#4541,.T.);
#6484=ORIENTED_EDGE('',*,*,#4542,.F.);
#6485=ORIENTED_EDGE('',*,*,#4543,.F.);
#6486=ORIENTED_EDGE('',*,*,#4538,.F.);
#6487=ORIENTED_EDGE('',*,*,#4540,.T.);
#6488=ORIENTED_EDGE('',*,*,#4533,.T.);
#6489=ORIENTED_EDGE('',*,*,#4544,.F.);
#6490=ORIENTED_EDGE('',*,*,#4494,.T.);
#6491=ORIENTED_EDGE('',*,*,#4545,.T.);
#6492=ORIENTED_EDGE('',*,*,#4495,.F.);
#6493=ORIENTED_EDGE('',*,*,#4544,.T.);
#6494=ORIENTED_EDGE('',*,*,#4532,.F.);
#6495=ORIENTED_EDGE('',*,*,#3681,.F.);
#6496=ORIENTED_EDGE('',*,*,#4496,.T.);
#6497=ORIENTED_EDGE('',*,*,#4545,.F.);
#6498=ORIENTED_EDGE('',*,*,#4531,.T.);
#6499=ORIENTED_EDGE('',*,*,#4513,.F.);
#6500=ORIENTED_EDGE('',*,*,#4546,.T.);
#6501=ORIENTED_EDGE('',*,*,#4547,.T.);
#6502=ORIENTED_EDGE('',*,*,#4548,.T.);
#6503=ORIENTED_EDGE('',*,*,#4549,.T.);
#6504=ORIENTED_EDGE('',*,*,#4550,.F.);
#6505=ORIENTED_EDGE('',*,*,#4551,.T.);
#6506=ORIENTED_EDGE('',*,*,#4552,.T.);
#6507=ORIENTED_EDGE('',*,*,#4553,.T.);
#6508=ORIENTED_EDGE('',*,*,#4554,.T.);
#6509=ORIENTED_EDGE('',*,*,#4555,.T.);
#6510=ORIENTED_EDGE('',*,*,#4556,.F.);
#6511=ORIENTED_EDGE('',*,*,#4557,.T.);
#6512=ORIENTED_EDGE('',*,*,#4558,.F.);
#6513=ORIENTED_EDGE('',*,*,#3726,.F.);
#6514=ORIENTED_EDGE('',*,*,#4559,.F.);
#6515=ORIENTED_EDGE('',*,*,#4560,.T.);
#6516=ORIENTED_EDGE('',*,*,#4561,.F.);
#6517=ORIENTED_EDGE('',*,*,#4541,.F.);
#6518=ORIENTED_EDGE('',*,*,#4537,.F.);
#6519=ORIENTED_EDGE('',*,*,#4542,.T.);
#6520=ORIENTED_EDGE('',*,*,#4561,.T.);
#6521=ORIENTED_EDGE('',*,*,#4562,.F.);
#6522=ORIENTED_EDGE('',*,*,#4563,.T.);
#6523=ORIENTED_EDGE('',*,*,#4515,.T.);
#6524=ORIENTED_EDGE('',*,*,#4539,.T.);
#6525=ORIENTED_EDGE('',*,*,#4543,.T.);
#6526=ORIENTED_EDGE('',*,*,#4563,.F.);
#6527=ORIENTED_EDGE('',*,*,#4564,.T.);
#6528=ORIENTED_EDGE('',*,*,#4565,.F.);
#6529=ORIENTED_EDGE('',*,*,#3724,.T.);
#6530=ORIENTED_EDGE('',*,*,#4566,.F.);
#6531=ORIENTED_EDGE('',*,*,#4567,.T.);
#6532=ORIENTED_EDGE('',*,*,#4568,.F.);
#6533=ORIENTED_EDGE('',*,*,#4569,.T.);
#6534=ORIENTED_EDGE('',*,*,#4570,.T.);
#6535=ORIENTED_EDGE('',*,*,#4571,.T.);
#6536=ORIENTED_EDGE('',*,*,#4572,.T.);
#6537=ORIENTED_EDGE('',*,*,#4573,.T.);
#6538=ORIENTED_EDGE('',*,*,#4574,.F.);
#6539=ORIENTED_EDGE('',*,*,#4575,.T.);
#6540=ORIENTED_EDGE('',*,*,#4576,.T.);
#6541=ORIENTED_EDGE('',*,*,#4577,.T.);
#6542=ORIENTED_EDGE('',*,*,#4578,.F.);
#6543=ORIENTED_EDGE('',*,*,#4516,.T.);
#6544=ORIENTED_EDGE('',*,*,#4578,.T.);
#6545=ORIENTED_EDGE('',*,*,#4579,.F.);
#6546=ORIENTED_EDGE('',*,*,#4546,.F.);
#6547=ORIENTED_EDGE('',*,*,#4579,.T.);
#6548=ORIENTED_EDGE('',*,*,#4577,.F.);
#6549=ORIENTED_EDGE('',*,*,#4580,.T.);
#6550=ORIENTED_EDGE('',*,*,#4547,.F.);
#6551=ORIENTED_EDGE('',*,*,#4576,.F.);
#6552=ORIENTED_EDGE('',*,*,#4581,.F.);
#6553=ORIENTED_EDGE('',*,*,#4548,.F.);
#6554=ORIENTED_EDGE('',*,*,#4580,.F.);
#6555=ORIENTED_EDGE('',*,*,#4549,.F.);
#6556=ORIENTED_EDGE('',*,*,#4581,.T.);
#6557=ORIENTED_EDGE('',*,*,#4575,.F.);
#6558=ORIENTED_EDGE('',*,*,#4582,.T.);
#6559=ORIENTED_EDGE('',*,*,#4583,.F.);
#6560=ORIENTED_EDGE('',*,*,#4550,.T.);
#6561=ORIENTED_EDGE('',*,*,#4582,.F.);
#6562=ORIENTED_EDGE('',*,*,#4574,.T.);
#6563=ORIENTED_EDGE('',*,*,#4583,.T.);
#6564=ORIENTED_EDGE('',*,*,#4573,.F.);
#6565=ORIENTED_EDGE('',*,*,#4584,.F.);
#6566=ORIENTED_EDGE('',*,*,#4551,.F.);
#6567=ORIENTED_EDGE('',*,*,#4572,.F.);
#6568=ORIENTED_EDGE('',*,*,#4585,.T.);
#6569=ORIENTED_EDGE('',*,*,#4552,.F.);
#6570=ORIENTED_EDGE('',*,*,#4584,.T.);
#6571=ORIENTED_EDGE('',*,*,#4553,.F.);
#6572=ORIENTED_EDGE('',*,*,#4585,.F.);
#6573=ORIENTED_EDGE('',*,*,#4571,.F.);
#6574=ORIENTED_EDGE('',*,*,#4586,.F.);
#6575=ORIENTED_EDGE('',*,*,#4554,.F.);
#6576=ORIENTED_EDGE('',*,*,#4586,.T.);
#6577=ORIENTED_EDGE('',*,*,#4570,.F.);
#6578=ORIENTED_EDGE('',*,*,#4587,.T.);
#6579=ORIENTED_EDGE('',*,*,#4588,.T.);
#6580=ORIENTED_EDGE('',*,*,#4555,.F.);
#6581=ORIENTED_EDGE('',*,*,#4587,.F.);
#6582=ORIENTED_EDGE('',*,*,#4569,.F.);
#6583=ORIENTED_EDGE('',*,*,#4556,.T.);
#6584=ORIENTED_EDGE('',*,*,#4588,.F.);
#6585=ORIENTED_EDGE('',*,*,#4568,.T.);
#6586=ORIENTED_EDGE('',*,*,#4589,.F.);
#6587=ORIENTED_EDGE('',*,*,#4590,.T.);
#6588=ORIENTED_EDGE('',*,*,#4557,.F.);
#6589=ORIENTED_EDGE('',*,*,#4589,.T.);
#6590=ORIENTED_EDGE('',*,*,#4567,.F.);
#6591=ORIENTED_EDGE('',*,*,#3727,.T.);
#6592=ORIENTED_EDGE('',*,*,#4558,.T.);
#6593=ORIENTED_EDGE('',*,*,#4590,.F.);
#6594=ORIENTED_EDGE('',*,*,#4566,.T.);
#6595=ORIENTED_EDGE('',*,*,#3725,.F.);
#6596=ORIENTED_EDGE('',*,*,#4565,.T.);
#6597=ORIENTED_EDGE('',*,*,#4591,.F.);
#6598=ORIENTED_EDGE('',*,*,#4559,.T.);
#6599=ORIENTED_EDGE('',*,*,#4591,.T.);
#6600=ORIENTED_EDGE('',*,*,#4564,.F.);
#6601=ORIENTED_EDGE('',*,*,#4562,.T.);
#6602=ORIENTED_EDGE('',*,*,#4560,.F.);
#6603=ORIENTED_EDGE('',*,*,#3683,.T.);
#6604=ORIENTED_EDGE('',*,*,#4530,.T.);
#6605=ORIENTED_EDGE('',*,*,#4592,.F.);
#6606=ORIENTED_EDGE('',*,*,#4497,.T.);
#6607=ORIENTED_EDGE('',*,*,#4592,.T.);
#6608=ORIENTED_EDGE('',*,*,#4529,.F.);
#6609=ORIENTED_EDGE('',*,*,#4593,.T.);
#6610=ORIENTED_EDGE('',*,*,#4498,.F.);
#6611=ORIENTED_EDGE('',*,*,#4528,.T.);
#6612=ORIENTED_EDGE('',*,*,#4594,.F.);
#6613=ORIENTED_EDGE('',*,*,#4499,.T.);
#6614=ORIENTED_EDGE('',*,*,#4593,.F.);
#6615=ORIENTED_EDGE('',*,*,#4594,.T.);
#6616=ORIENTED_EDGE('',*,*,#4527,.F.);
#6617=ORIENTED_EDGE('',*,*,#4595,.F.);
#6618=ORIENTED_EDGE('',*,*,#4500,.F.);
#6619=ORIENTED_EDGE('',*,*,#4526,.F.);
#6620=ORIENTED_EDGE('',*,*,#4596,.T.);
#6621=ORIENTED_EDGE('',*,*,#4501,.F.);
#6622=ORIENTED_EDGE('',*,*,#4595,.T.);
#6623=ORIENTED_EDGE('',*,*,#4525,.F.);
#6624=ORIENTED_EDGE('',*,*,#4597,.F.);
#6625=ORIENTED_EDGE('',*,*,#4502,.F.);
#6626=ORIENTED_EDGE('',*,*,#4596,.F.);
#6627=ORIENTED_EDGE('',*,*,#4503,.F.);
#6628=ORIENTED_EDGE('',*,*,#4597,.T.);
#6629=ORIENTED_EDGE('',*,*,#4524,.F.);
#6630=ORIENTED_EDGE('',*,*,#4598,.T.);
#6631=ORIENTED_EDGE('',*,*,#4599,.T.);
#6632=ORIENTED_EDGE('',*,*,#4504,.F.);
#6633=ORIENTED_EDGE('',*,*,#4598,.F.);
#6634=ORIENTED_EDGE('',*,*,#4523,.F.);
#6635=ORIENTED_EDGE('',*,*,#4599,.F.);
#6636=ORIENTED_EDGE('',*,*,#4522,.T.);
#6637=ORIENTED_EDGE('',*,*,#4600,.F.);
#6638=ORIENTED_EDGE('',*,*,#4505,.T.);
#6639=ORIENTED_EDGE('',*,*,#4521,.F.);
#6640=ORIENTED_EDGE('',*,*,#4601,.T.);
#6641=ORIENTED_EDGE('',*,*,#4506,.F.);
#6642=ORIENTED_EDGE('',*,*,#4600,.T.);
#6643=ORIENTED_EDGE('',*,*,#4507,.F.);
#6644=ORIENTED_EDGE('',*,*,#4601,.F.);
#6645=ORIENTED_EDGE('',*,*,#4520,.F.);
#6646=ORIENTED_EDGE('',*,*,#4602,.F.);
#6647=ORIENTED_EDGE('',*,*,#4517,.T.);
#6648=ORIENTED_EDGE('',*,*,#4508,.F.);
#6649=ORIENTED_EDGE('',*,*,#4602,.T.);
#6650=ORIENTED_EDGE('',*,*,#4519,.F.);
#6651=ORIENTED_EDGE('',*,*,#3684,.T.);
#6652=ORIENTED_EDGE('',*,*,#4603,.F.);
#6653=ORIENTED_EDGE('',*,*,#4604,.T.);
#6654=ORIENTED_EDGE('',*,*,#4605,.F.);
#6655=ORIENTED_EDGE('',*,*,#3685,.F.);
#6656=ORIENTED_EDGE('',*,*,#4605,.T.);
#6657=ORIENTED_EDGE('',*,*,#4606,.F.);
#6658=ORIENTED_EDGE('',*,*,#4607,.T.);
#6659=ORIENTED_EDGE('',*,*,#3686,.T.);
#6660=ORIENTED_EDGE('',*,*,#4607,.F.);
#6661=ORIENTED_EDGE('',*,*,#4608,.T.);
#6662=ORIENTED_EDGE('',*,*,#4609,.F.);
#6663=ORIENTED_EDGE('',*,*,#3687,.F.);
#6664=ORIENTED_EDGE('',*,*,#4609,.T.);
#6665=ORIENTED_EDGE('',*,*,#4610,.F.);
#6666=ORIENTED_EDGE('',*,*,#4611,.T.);
#6667=ORIENTED_EDGE('',*,*,#3688,.T.);
#6668=ORIENTED_EDGE('',*,*,#4611,.F.);
#6669=ORIENTED_EDGE('',*,*,#4612,.T.);
#6670=ORIENTED_EDGE('',*,*,#4613,.F.);
#6671=ORIENTED_EDGE('',*,*,#3689,.F.);
#6672=ORIENTED_EDGE('',*,*,#4613,.T.);
#6673=ORIENTED_EDGE('',*,*,#4614,.F.);
#6674=ORIENTED_EDGE('',*,*,#4615,.T.);
#6675=ORIENTED_EDGE('',*,*,#3690,.T.);
#6676=ORIENTED_EDGE('',*,*,#4615,.F.);
#6677=ORIENTED_EDGE('',*,*,#4616,.T.);
#6678=ORIENTED_EDGE('',*,*,#4617,.F.);
#6679=ORIENTED_EDGE('',*,*,#3691,.F.);
#6680=ORIENTED_EDGE('',*,*,#4617,.T.);
#6681=ORIENTED_EDGE('',*,*,#4618,.F.);
#6682=ORIENTED_EDGE('',*,*,#4603,.T.);
#6683=ORIENTED_EDGE('',*,*,#4608,.F.);
#6684=ORIENTED_EDGE('',*,*,#4606,.T.);
#6685=ORIENTED_EDGE('',*,*,#4604,.F.);
#6686=ORIENTED_EDGE('',*,*,#4618,.T.);
#6687=ORIENTED_EDGE('',*,*,#4616,.F.);
#6688=ORIENTED_EDGE('',*,*,#4614,.T.);
#6689=ORIENTED_EDGE('',*,*,#4612,.F.);
#6690=ORIENTED_EDGE('',*,*,#4610,.T.);
#6691=ORIENTED_EDGE('',*,*,#3692,.F.);
#6692=ORIENTED_EDGE('',*,*,#4619,.T.);
#6693=ORIENTED_EDGE('',*,*,#4620,.F.);
#6694=ORIENTED_EDGE('',*,*,#4621,.T.);
#6695=ORIENTED_EDGE('',*,*,#3693,.T.);
#6696=ORIENTED_EDGE('',*,*,#4621,.F.);
#6697=ORIENTED_EDGE('',*,*,#4622,.T.);
#6698=ORIENTED_EDGE('',*,*,#4623,.F.);
#6699=ORIENTED_EDGE('',*,*,#3694,.F.);
#6700=ORIENTED_EDGE('',*,*,#4623,.T.);
#6701=ORIENTED_EDGE('',*,*,#4624,.F.);
#6702=ORIENTED_EDGE('',*,*,#4625,.T.);
#6703=ORIENTED_EDGE('',*,*,#3695,.T.);
#6704=ORIENTED_EDGE('',*,*,#4625,.F.);
#6705=ORIENTED_EDGE('',*,*,#4626,.T.);
#6706=ORIENTED_EDGE('',*,*,#4627,.F.);
#6707=ORIENTED_EDGE('',*,*,#3696,.F.);
#6708=ORIENTED_EDGE('',*,*,#4627,.T.);
#6709=ORIENTED_EDGE('',*,*,#4628,.F.);
#6710=ORIENTED_EDGE('',*,*,#4629,.T.);
#6711=ORIENTED_EDGE('',*,*,#3697,.T.);
#6712=ORIENTED_EDGE('',*,*,#4629,.F.);
#6713=ORIENTED_EDGE('',*,*,#4630,.T.);
#6714=ORIENTED_EDGE('',*,*,#4631,.F.);
#6715=ORIENTED_EDGE('',*,*,#3698,.F.);
#6716=ORIENTED_EDGE('',*,*,#4631,.T.);
#6717=ORIENTED_EDGE('',*,*,#4632,.F.);
#6718=ORIENTED_EDGE('',*,*,#4633,.T.);
#6719=ORIENTED_EDGE('',*,*,#3699,.T.);
#6720=ORIENTED_EDGE('',*,*,#4633,.F.);
#6721=ORIENTED_EDGE('',*,*,#4634,.T.);
#6722=ORIENTED_EDGE('',*,*,#4619,.F.);
#6723=ORIENTED_EDGE('',*,*,#4630,.F.);
#6724=ORIENTED_EDGE('',*,*,#4628,.T.);
#6725=ORIENTED_EDGE('',*,*,#4626,.F.);
#6726=ORIENTED_EDGE('',*,*,#4624,.T.);
#6727=ORIENTED_EDGE('',*,*,#4622,.F.);
#6728=ORIENTED_EDGE('',*,*,#4620,.T.);
#6729=ORIENTED_EDGE('',*,*,#4634,.F.);
#6730=ORIENTED_EDGE('',*,*,#4632,.T.);
#6731=ORIENTED_EDGE('',*,*,#3700,.F.);
#6732=ORIENTED_EDGE('',*,*,#4635,.T.);
#6733=ORIENTED_EDGE('',*,*,#4636,.F.);
#6734=ORIENTED_EDGE('',*,*,#4637,.T.);
#6735=ORIENTED_EDGE('',*,*,#3701,.T.);
#6736=ORIENTED_EDGE('',*,*,#4637,.F.);
#6737=ORIENTED_EDGE('',*,*,#4638,.T.);
#6738=ORIENTED_EDGE('',*,*,#4639,.F.);
#6739=ORIENTED_EDGE('',*,*,#3702,.F.);
#6740=ORIENTED_EDGE('',*,*,#4639,.T.);
#6741=ORIENTED_EDGE('',*,*,#4640,.F.);
#6742=ORIENTED_EDGE('',*,*,#4641,.T.);
#6743=ORIENTED_EDGE('',*,*,#3703,.T.);
#6744=ORIENTED_EDGE('',*,*,#4641,.F.);
#6745=ORIENTED_EDGE('',*,*,#4642,.T.);
#6746=ORIENTED_EDGE('',*,*,#4643,.F.);
#6747=ORIENTED_EDGE('',*,*,#3704,.F.);
#6748=ORIENTED_EDGE('',*,*,#4643,.T.);
#6749=ORIENTED_EDGE('',*,*,#4644,.F.);
#6750=ORIENTED_EDGE('',*,*,#4645,.T.);
#6751=ORIENTED_EDGE('',*,*,#3705,.T.);
#6752=ORIENTED_EDGE('',*,*,#4645,.F.);
#6753=ORIENTED_EDGE('',*,*,#4646,.T.);
#6754=ORIENTED_EDGE('',*,*,#4647,.F.);
#6755=ORIENTED_EDGE('',*,*,#3706,.F.);
#6756=ORIENTED_EDGE('',*,*,#4647,.T.);
#6757=ORIENTED_EDGE('',*,*,#4648,.F.);
#6758=ORIENTED_EDGE('',*,*,#4649,.T.);
#6759=ORIENTED_EDGE('',*,*,#3707,.T.);
#6760=ORIENTED_EDGE('',*,*,#4649,.F.);
#6761=ORIENTED_EDGE('',*,*,#4650,.T.);
#6762=ORIENTED_EDGE('',*,*,#4635,.F.);
#6763=ORIENTED_EDGE('',*,*,#4650,.F.);
#6764=ORIENTED_EDGE('',*,*,#4648,.T.);
#6765=ORIENTED_EDGE('',*,*,#4646,.F.);
#6766=ORIENTED_EDGE('',*,*,#4644,.T.);
#6767=ORIENTED_EDGE('',*,*,#4642,.F.);
#6768=ORIENTED_EDGE('',*,*,#4640,.T.);
#6769=ORIENTED_EDGE('',*,*,#4638,.F.);
#6770=ORIENTED_EDGE('',*,*,#4636,.T.);
#6771=ORIENTED_EDGE('',*,*,#3708,.T.);
#6772=ORIENTED_EDGE('',*,*,#4651,.F.);
#6773=ORIENTED_EDGE('',*,*,#4652,.T.);
#6774=ORIENTED_EDGE('',*,*,#4653,.F.);
#6775=ORIENTED_EDGE('',*,*,#3709,.F.);
#6776=ORIENTED_EDGE('',*,*,#4653,.T.);
#6777=ORIENTED_EDGE('',*,*,#4654,.F.);
#6778=ORIENTED_EDGE('',*,*,#4655,.T.);
#6779=ORIENTED_EDGE('',*,*,#3710,.T.);
#6780=ORIENTED_EDGE('',*,*,#4655,.F.);
#6781=ORIENTED_EDGE('',*,*,#4656,.T.);
#6782=ORIENTED_EDGE('',*,*,#4657,.F.);
#6783=ORIENTED_EDGE('',*,*,#3711,.F.);
#6784=ORIENTED_EDGE('',*,*,#4657,.T.);
#6785=ORIENTED_EDGE('',*,*,#4658,.F.);
#6786=ORIENTED_EDGE('',*,*,#4659,.T.);
#6787=ORIENTED_EDGE('',*,*,#3712,.T.);
#6788=ORIENTED_EDGE('',*,*,#4659,.F.);
#6789=ORIENTED_EDGE('',*,*,#4660,.T.);
#6790=ORIENTED_EDGE('',*,*,#4661,.F.);
#6791=ORIENTED_EDGE('',*,*,#3713,.F.);
#6792=ORIENTED_EDGE('',*,*,#4661,.T.);
#6793=ORIENTED_EDGE('',*,*,#4662,.F.);
#6794=ORIENTED_EDGE('',*,*,#4663,.T.);
#6795=ORIENTED_EDGE('',*,*,#3714,.T.);
#6796=ORIENTED_EDGE('',*,*,#4663,.F.);
#6797=ORIENTED_EDGE('',*,*,#4664,.T.);
#6798=ORIENTED_EDGE('',*,*,#4665,.F.);
#6799=ORIENTED_EDGE('',*,*,#3715,.F.);
#6800=ORIENTED_EDGE('',*,*,#4665,.T.);
#6801=ORIENTED_EDGE('',*,*,#4666,.F.);
#6802=ORIENTED_EDGE('',*,*,#4651,.T.);
#6803=ORIENTED_EDGE('',*,*,#4666,.T.);
#6804=ORIENTED_EDGE('',*,*,#4664,.F.);
#6805=ORIENTED_EDGE('',*,*,#4662,.T.);
#6806=ORIENTED_EDGE('',*,*,#4660,.F.);
#6807=ORIENTED_EDGE('',*,*,#4658,.T.);
#6808=ORIENTED_EDGE('',*,*,#4656,.F.);
#6809=ORIENTED_EDGE('',*,*,#4654,.T.);
#6810=ORIENTED_EDGE('',*,*,#4652,.F.);
#6811=ORIENTED_EDGE('',*,*,#4667,.F.);
#6812=ORIENTED_EDGE('',*,*,#4668,.T.);
#6813=ORIENTED_EDGE('',*,*,#3716,.F.);
#6814=ORIENTED_EDGE('',*,*,#4669,.T.);
#6815=ORIENTED_EDGE('',*,*,#4670,.T.);
#6816=ORIENTED_EDGE('',*,*,#4671,.F.);
#6817=ORIENTED_EDGE('',*,*,#4672,.T.);
#6818=ORIENTED_EDGE('',*,*,#4673,.F.);
#6819=ORIENTED_EDGE('',*,*,#4667,.T.);
#6820=ORIENTED_EDGE('',*,*,#4674,.F.);
#6821=ORIENTED_EDGE('',*,*,#4675,.T.);
#6822=ORIENTED_EDGE('',*,*,#4676,.F.);
#6823=ORIENTED_EDGE('',*,*,#3720,.F.);
#6824=ORIENTED_EDGE('',*,*,#4677,.T.);
#6825=ORIENTED_EDGE('',*,*,#4670,.F.);
#6826=ORIENTED_EDGE('',*,*,#4678,.T.);
#6827=ORIENTED_EDGE('',*,*,#3721,.T.);
#6828=ORIENTED_EDGE('',*,*,#4678,.F.);
#6829=ORIENTED_EDGE('',*,*,#4676,.T.);
#6830=ORIENTED_EDGE('',*,*,#4679,.F.);
#6831=ORIENTED_EDGE('',*,*,#3722,.F.);
#6832=ORIENTED_EDGE('',*,*,#4679,.T.);
#6833=ORIENTED_EDGE('',*,*,#4675,.F.);
#6834=ORIENTED_EDGE('',*,*,#4680,.T.);
#6835=ORIENTED_EDGE('',*,*,#3723,.T.);
#6836=ORIENTED_EDGE('',*,*,#4680,.F.);
#6837=ORIENTED_EDGE('',*,*,#4674,.T.);
#6838=ORIENTED_EDGE('',*,*,#4669,.F.);
#6839=ORIENTED_EDGE('',*,*,#3719,.T.);
#6840=ORIENTED_EDGE('',*,*,#4681,.F.);
#6841=ORIENTED_EDGE('',*,*,#4671,.T.);
#6842=ORIENTED_EDGE('',*,*,#4677,.F.);
#6843=ORIENTED_EDGE('',*,*,#3718,.F.);
#6844=ORIENTED_EDGE('',*,*,#4682,.T.);
#6845=ORIENTED_EDGE('',*,*,#4672,.F.);
#6846=ORIENTED_EDGE('',*,*,#4681,.T.);
#6847=ORIENTED_EDGE('',*,*,#3717,.T.);
#6848=ORIENTED_EDGE('',*,*,#4668,.F.);
#6849=ORIENTED_EDGE('',*,*,#4673,.T.);
#6850=ORIENTED_EDGE('',*,*,#4682,.F.);
#6851=PLANE('',#7525);
#6852=PLANE('',#7526);
#6853=PLANE('',#7527);
#6854=PLANE('',#7560);
#6855=PLANE('',#7566);
#6856=PLANE('',#7567);
#6857=PLANE('',#7571);
#6858=PLANE('',#7572);
#6859=PLANE('',#7573);
#6860=PLANE('',#7574);
#6861=PLANE('',#7575);
#6862=PLANE('',#7578);
#6863=PLANE('',#7579);
#6864=PLANE('',#7580);
#6865=PLANE('',#7581);
#6866=PLANE('',#7582);
#6867=PLANE('',#7583);
#6868=PLANE('',#7584);
#6869=PLANE('',#7585);
#6870=PLANE('',#7586);
#6871=PLANE('',#7587);
#6872=PLANE('',#7588);
#6873=PLANE('',#7589);
#6874=PLANE('',#7590);
#6875=PLANE('',#7591);
#6876=PLANE('',#7592);
#6877=PLANE('',#7593);
#6878=PLANE('',#7594);
#6879=PLANE('',#7595);
#6880=PLANE('',#7596);
#6881=PLANE('',#7597);
#6882=PLANE('',#7601);
#6883=PLANE('',#7602);
#6884=PLANE('',#7603);
#6885=PLANE('',#7604);
#6886=PLANE('',#7605);
#6887=PLANE('',#7610);
#6888=PLANE('',#7611);
#6889=PLANE('',#7616);
#6890=PLANE('',#7617);
#6891=PLANE('',#7618);
#6892=PLANE('',#7621);
#6893=PLANE('',#7624);
#6894=PLANE('',#7625);
#6895=PLANE('',#7626);
#6896=PLANE('',#7628);
#6897=PLANE('',#7630);
#6898=PLANE('',#7632);
#6899=PLANE('',#7633);
#6900=PLANE('',#7634);
#6901=PLANE('',#7635);
#6902=PLANE('',#7636);
#6903=PLANE('',#7637);
#6904=PLANE('',#7638);
#6905=PLANE('',#7639);
#6906=PLANE('',#7640);
#6907=PLANE('',#7641);
#6908=PLANE('',#7642);
#6909=PLANE('',#7643);
#6910=PLANE('',#7644);
#6911=PLANE('',#7645);
#6912=PLANE('',#7646);
#6913=PLANE('',#7647);
#6914=PLANE('',#7648);
#6915=PLANE('',#7649);
#6916=PLANE('',#7650);
#6917=PLANE('',#7651);
#6918=PLANE('',#7652);
#6919=PLANE('',#7653);
#6920=PLANE('',#7654);
#6921=PLANE('',#7655);
#6922=PLANE('',#7656);
#6923=PLANE('',#7657);
#6924=PLANE('',#7658);
#6925=PLANE('',#7659);
#6926=PLANE('',#7662);
#6927=PLANE('',#7665);
#6928=PLANE('',#7666);
#6929=PLANE('',#7669);
#6930=PLANE('',#7670);
#6931=PLANE('',#7671);
#6932=PLANE('',#7672);
#6933=PLANE('',#7673);
#6934=PLANE('',#7674);
#6935=PLANE('',#7675);
#6936=PLANE('',#7676);
#6937=PLANE('',#7677);
#6938=PLANE('',#7678);
#6939=PLANE('',#7679);
#6940=PLANE('',#7684);
#6941=PLANE('',#7685);
#6942=PLANE('',#7688);
#6943=PLANE('',#7689);
#6944=PLANE('',#7692);
#6945=PLANE('',#7693);
#6946=PLANE('',#7697);
#6947=PLANE('',#7698);
#6948=PLANE('',#7700);
#6949=PLANE('',#7701);
#6950=PLANE('',#7702);
#6951=PLANE('',#7703);
#6952=PLANE('',#7708);
#6953=PLANE('',#7711);
#6954=PLANE('',#7715);
#6955=PLANE('',#7716);
#6956=PLANE('',#7718);
#6957=PLANE('',#7719);
#6958=PLANE('',#7721);
#6959=PLANE('',#7722);
#6960=PLANE('',#7724);
#6961=PLANE('',#7725);
#6962=PLANE('',#7726);
#6963=PLANE('',#7727);
#6964=PLANE('',#7728);
#6965=PLANE('',#7729);
#6966=PLANE('',#7730);
#6967=PLANE('',#7731);
#6968=PLANE('',#7732);
#6969=PLANE('',#7733);
#6970=PLANE('',#7734);
#6971=PLANE('',#7735);
#6972=PLANE('',#7736);
#6973=PLANE('',#7741);
#6974=PLANE('',#7742);
#6975=PLANE('',#7743);
#6976=PLANE('',#7744);
#6977=PLANE('',#7745);
#6978=PLANE('',#7752);
#6979=PLANE('',#7753);
#6980=PLANE('',#7757);
#6981=PLANE('',#7758);
#6982=PLANE('',#7760);
#6983=PLANE('',#7761);
#6984=PLANE('',#7763);
#6985=PLANE('',#7764);
#6986=PLANE('',#7766);
#6987=PLANE('',#7767);
#6988=PLANE('',#7768);
#6989=PLANE('',#7769);
#6990=PLANE('',#7770);
#6991=PLANE('',#7771);
#6992=PLANE('',#7777);
#6993=PLANE('',#7778);
#6994=PLANE('',#7780);
#6995=PLANE('',#7781);
#6996=PLANE('',#7783);
#6997=PLANE('',#7784);
#6998=PLANE('',#7786);
#6999=PLANE('',#7787);
#7000=PLANE('',#7788);
#7001=PLANE('',#7791);
#7002=PLANE('',#7792);
#7003=PLANE('',#7793);
#7004=PLANE('',#7794);
#7005=PLANE('',#7795);
#7006=PLANE('',#7796);
#7007=PLANE('',#7797);
#7008=PLANE('',#7798);
#7009=PLANE('',#7799);
#7010=PLANE('',#7800);
#7011=PLANE('',#7801);
#7012=PLANE('',#7802);
#7013=PLANE('',#7803);
#7014=PLANE('',#7804);
#7015=PLANE('',#7805);
#7016=PLANE('',#7806);
#7017=PLANE('',#7807);
#7018=PLANE('',#7808);
#7019=PLANE('',#7809);
#7020=PLANE('',#7810);
#7021=PLANE('',#7811);
#7022=PLANE('',#7812);
#7023=PLANE('',#7813);
#7024=PLANE('',#7814);
#7025=PLANE('',#7815);
#7026=PLANE('',#7816);
#7027=PLANE('',#7817);
#7028=PLANE('',#7818);
#7029=PLANE('',#7819);
#7030=PLANE('',#7820);
#7031=PLANE('',#7821);
#7032=PLANE('',#7822);
#7033=PLANE('',#7823);
#7034=PLANE('',#7824);
#7035=PLANE('',#7825);
#7036=PLANE('',#7826);
#7037=PLANE('',#7827);
#7038=PLANE('',#7828);
#7039=PLANE('',#7831);
#7040=PLANE('',#7832);
#7041=PLANE('',#7835);
#7042=PLANE('',#7836);
#7043=PLANE('',#7837);
#7044=PLANE('',#7838);
#7045=PLANE('',#7841);
#7046=PLANE('',#7842);
#7047=PLANE('',#7845);
#7048=PLANE('',#7847);
#7049=PLANE('',#7848);
#7050=PLANE('',#7849);
#7051=PLANE('',#7850);
#7052=PLANE('',#7851);
#7053=PLANE('',#7852);
#7054=PLANE('',#7853);
#7055=PLANE('',#7854);
#7056=PLANE('',#7855);
#7057=PLANE('',#7858);
#7058=PLANE('',#7860);
#7059=PLANE('',#7861);
#7060=PLANE('',#7862);
#7061=PLANE('',#7863);
#7062=PLANE('',#7864);
#7063=PLANE('',#7865);
#7064=PLANE('',#7866);
#7065=PLANE('',#7867);
#7066=PLANE('',#7868);
#7067=PLANE('',#7869);
#7068=PLANE('',#7870);
#7069=PLANE('',#7871);
#7070=PLANE('',#7872);
#7071=PLANE('',#7873);
#7072=PLANE('',#7874);
#7073=PLANE('',#7875);
#7074=PLANE('',#7876);
#7075=PLANE('',#7877);
#7076=PLANE('',#7878);
#7077=PLANE('',#7879);
#7078=PLANE('',#7880);
#7079=PLANE('',#7881);
#7080=PLANE('',#7882);
#7081=PLANE('',#7883);
#7082=PLANE('',#7886);
#7083=PLANE('',#7887);
#7084=PLANE('',#7888);
#7085=PLANE('',#7889);
#7086=PLANE('',#7892);
#7087=PLANE('',#7895);
#7088=PLANE('',#7915);
#7089=PLANE('',#7937);
#7090=PLANE('',#7958);
#7091=PLANE('',#7959);
#7092=PLANE('',#7966);
#7093=PLANE('',#7967);
#7094=PLANE('',#7968);
#7095=PLANE('',#7969);
#7096=PLANE('',#7976);
#7097=PLANE('',#7977);
#7098=PLANE('',#7978);
#7099=PLANE('',#7979);
#7100=PLANE('',#7980);
#7101=PLANE('',#7982);
#7102=PLANE('',#7983);
#7103=PLANE('',#7990);
#7104=PLANE('',#7991);
#7105=PLANE('',#7998);
#7106=PLANE('',#8000);
#7107=PLANE('',#8002);
#7108=PLANE('',#8003);
#7109=PLANE('',#8005);
#7110=PLANE('',#8007);
#7111=PLANE('',#8008);
#7112=PLANE('',#8010);
#7113=PLANE('',#8011);
#7114=PLANE('',#8013);
#7115=PLANE('',#8015);
#7116=PLANE('',#8016);
#7117=PLANE('',#8018);
#7118=PLANE('',#8020);
#7119=PLANE('',#8021);
#7120=PLANE('',#8023);
#7121=PLANE('',#8045);
#7122=PLANE('',#8066);
#7123=PLANE('',#8087);
#7124=PLANE('',#8108);
#7125=PLANE('',#8113);
#7126=ADVANCED_FACE('',(#366),#6851,.T.);
#7127=ADVANCED_FACE('',(#367),#6852,.T.);
#7128=ADVANCED_FACE('',(#368,#125,#126,#127,#128,#129,#130,#131,#132,#133,
#134),#6853,.F.);
#7129=ADVANCED_FACE('',(#369),#6854,.F.);
#7130=ADVANCED_FACE('',(#370),#6855,.F.);
#7131=ADVANCED_FACE('',(#371),#6856,.T.);
#7132=ADVANCED_FACE('',(#372),#47,.F.);
#7133=ADVANCED_FACE('',(#373),#6857,.F.);
#7134=ADVANCED_FACE('',(#374),#6858,.F.);
#7135=ADVANCED_FACE('',(#375),#6859,.F.);
#7136=ADVANCED_FACE('',(#376),#6860,.F.);
#7137=ADVANCED_FACE('',(#377,#135,#136,#137,#138,#139),#6861,.T.);
#7138=ADVANCED_FACE('',(#378),#6862,.T.);
#7139=ADVANCED_FACE('',(#379),#6863,.F.);
#7140=ADVANCED_FACE('',(#380),#6864,.F.);
#7141=ADVANCED_FACE('',(#381),#6865,.T.);
#7142=ADVANCED_FACE('',(#382),#6866,.F.);
#7143=ADVANCED_FACE('',(#383),#6867,.T.);
#7144=ADVANCED_FACE('',(#384),#6868,.T.);
#7145=ADVANCED_FACE('',(#385),#6869,.F.);
#7146=ADVANCED_FACE('',(#386),#6870,.F.);
#7147=ADVANCED_FACE('',(#387),#6871,.F.);
#7148=ADVANCED_FACE('',(#388),#6872,.T.);
#7149=ADVANCED_FACE('',(#389),#6873,.T.);
#7150=ADVANCED_FACE('',(#390),#6874,.F.);
#7151=ADVANCED_FACE('',(#391),#6875,.T.);
#7152=ADVANCED_FACE('',(#392),#6876,.T.);
#7153=ADVANCED_FACE('',(#393),#6877,.T.);
#7154=ADVANCED_FACE('',(#394),#6878,.T.);
#7155=ADVANCED_FACE('',(#395),#6879,.F.);
#7156=ADVANCED_FACE('',(#396),#6880,.F.);
#7157=ADVANCED_FACE('',(#397),#6881,.T.);
#7158=ADVANCED_FACE('',(#398),#48,.F.);
#7159=ADVANCED_FACE('',(#399),#6882,.T.);
#7160=ADVANCED_FACE('',(#400),#6883,.F.);
#7161=ADVANCED_FACE('',(#401),#6884,.T.);
#7162=ADVANCED_FACE('',(#402),#6885,.T.);
#7163=ADVANCED_FACE('',(#403),#6886,.T.);
#7164=ADVANCED_FACE('',(#404),#49,.F.);
#7165=ADVANCED_FACE('',(#405),#6887,.T.);
#7166=ADVANCED_FACE('',(#406),#6888,.T.);
#7167=ADVANCED_FACE('',(#407),#6889,.T.);
#7168=ADVANCED_FACE('',(#408),#6890,.T.);
#7169=ADVANCED_FACE('',(#409),#6891,.F.);
#7170=ADVANCED_FACE('',(#410),#50,.F.);
#7171=ADVANCED_FACE('',(#411),#6892,.F.);
#7172=ADVANCED_FACE('',(#412),#51,.F.);
#7173=ADVANCED_FACE('',(#413),#6893,.T.);
#7174=ADVANCED_FACE('',(#414),#6894,.F.);
#7175=ADVANCED_FACE('',(#415),#6895,.T.);
#7176=ADVANCED_FACE('',(#416),#6896,.F.);
#7177=ADVANCED_FACE('',(#417),#52,.F.);
#7178=ADVANCED_FACE('',(#418),#6897,.T.);
#7179=ADVANCED_FACE('',(#419),#53,.F.);
#7180=ADVANCED_FACE('',(#420),#6898,.T.);
#7181=ADVANCED_FACE('',(#421),#6899,.F.);
#7182=ADVANCED_FACE('',(#422),#6900,.T.);
#7183=ADVANCED_FACE('',(#423),#6901,.T.);
#7184=ADVANCED_FACE('',(#424),#6902,.T.);
#7185=ADVANCED_FACE('',(#425),#6903,.T.);
#7186=ADVANCED_FACE('',(#426),#6904,.F.);
#7187=ADVANCED_FACE('',(#427),#6905,.T.);
#7188=ADVANCED_FACE('',(#428),#6906,.T.);
#7189=ADVANCED_FACE('',(#429),#6907,.T.);
#7190=ADVANCED_FACE('',(#430),#6908,.T.);
#7191=ADVANCED_FACE('',(#431),#6909,.T.);
#7192=ADVANCED_FACE('',(#432),#6910,.F.);
#7193=ADVANCED_FACE('',(#433),#6911,.F.);
#7194=ADVANCED_FACE('',(#434),#6912,.F.);
#7195=ADVANCED_FACE('',(#435),#6913,.T.);
#7196=ADVANCED_FACE('',(#436),#6914,.F.);
#7197=ADVANCED_FACE('',(#437),#6915,.T.);
#7198=ADVANCED_FACE('',(#438),#6916,.T.);
#7199=ADVANCED_FACE('',(#439),#6917,.F.);
#7200=ADVANCED_FACE('',(#440),#6918,.T.);
#7201=ADVANCED_FACE('',(#441),#6919,.T.);
#7202=ADVANCED_FACE('',(#442),#6920,.T.);
#7203=ADVANCED_FACE('',(#443),#6921,.T.);
#7204=ADVANCED_FACE('',(#444),#6922,.T.);
#7205=ADVANCED_FACE('',(#445),#6923,.T.);
#7206=ADVANCED_FACE('',(#446),#6924,.F.);
#7207=ADVANCED_FACE('',(#447),#6925,.F.);
#7208=ADVANCED_FACE('',(#448),#54,.F.);
#7209=ADVANCED_FACE('',(#449),#6926,.F.);
#7210=ADVANCED_FACE('',(#450),#55,.F.);
#7211=ADVANCED_FACE('',(#451),#6927,.F.);
#7212=ADVANCED_FACE('',(#452),#6928,.F.);
#7213=ADVANCED_FACE('',(#453),#56,.T.);
#7214=ADVANCED_FACE('',(#454),#6929,.T.);
#7215=ADVANCED_FACE('',(#455),#6930,.F.);
#7216=ADVANCED_FACE('',(#456),#6931,.F.);
#7217=ADVANCED_FACE('',(#457),#6932,.F.);
#7218=ADVANCED_FACE('',(#458),#6933,.F.);
#7219=ADVANCED_FACE('',(#459),#6934,.F.);
#7220=ADVANCED_FACE('',(#460),#6935,.F.);
#7221=ADVANCED_FACE('',(#461,#140,#141),#6936,.T.);
#7222=ADVANCED_FACE('',(#462),#6937,.F.);
#7223=ADVANCED_FACE('',(#463),#6938,.F.);
#7224=ADVANCED_FACE('',(#464),#6939,.F.);
#7225=ADVANCED_FACE('',(#465),#6940,.T.);
#7226=ADVANCED_FACE('',(#466),#6941,.T.);
#7227=ADVANCED_FACE('',(#467),#57,.F.);
#7228=ADVANCED_FACE('',(#468),#6942,.T.);
#7229=ADVANCED_FACE('',(#469),#6943,.T.);
#7230=ADVANCED_FACE('',(#470),#58,.F.);
#7231=ADVANCED_FACE('',(#471),#6944,.T.);
#7232=ADVANCED_FACE('',(#472),#6945,.T.);
#7233=ADVANCED_FACE('',(#473),#59,.F.);
#7234=ADVANCED_FACE('',(#474),#6946,.F.);
#7235=ADVANCED_FACE('',(#475),#6947,.T.);
#7236=ADVANCED_FACE('',(#476),#60,.F.);
#7237=ADVANCED_FACE('',(#477),#6948,.T.);
#7238=ADVANCED_FACE('',(#478),#6949,.F.);
#7239=ADVANCED_FACE('',(#479),#6950,.T.);
#7240=ADVANCED_FACE('',(#480),#6951,.F.);
#7241=ADVANCED_FACE('',(#481),#6952,.T.);
#7242=ADVANCED_FACE('',(#482),#61,.F.);
#7243=ADVANCED_FACE('',(#483),#6953,.T.);
#7244=ADVANCED_FACE('',(#484),#6954,.F.);
#7245=ADVANCED_FACE('',(#485),#6955,.T.);
#7246=ADVANCED_FACE('',(#486),#62,.F.);
#7247=ADVANCED_FACE('',(#487),#6956,.T.);
#7248=ADVANCED_FACE('',(#488),#6957,.T.);
#7249=ADVANCED_FACE('',(#489),#63,.F.);
#7250=ADVANCED_FACE('',(#490),#6958,.T.);
#7251=ADVANCED_FACE('',(#491),#6959,.T.);
#7252=ADVANCED_FACE('',(#492),#64,.F.);
#7253=ADVANCED_FACE('',(#493),#6960,.T.);
#7254=ADVANCED_FACE('',(#494),#6961,.T.);
#7255=ADVANCED_FACE('',(#495),#6962,.T.);
#7256=ADVANCED_FACE('',(#496),#6963,.F.);
#7257=ADVANCED_FACE('',(#497),#6964,.F.);
#7258=ADVANCED_FACE('',(#498),#6965,.T.);
#7259=ADVANCED_FACE('',(#499),#6966,.T.);
#7260=ADVANCED_FACE('',(#500),#6967,.T.);
#7261=ADVANCED_FACE('',(#501),#6968,.T.);
#7262=ADVANCED_FACE('',(#502),#6969,.T.);
#7263=ADVANCED_FACE('',(#503,#142,#143),#6970,.T.);
#7264=ADVANCED_FACE('',(#504),#6971,.T.);
#7265=ADVANCED_FACE('',(#505),#6972,.T.);
#7266=ADVANCED_FACE('',(#506),#6973,.F.);
#7267=ADVANCED_FACE('',(#507),#6974,.F.);
#7268=ADVANCED_FACE('',(#508),#6975,.T.);
#7269=ADVANCED_FACE('',(#509),#6976,.F.);
#7270=ADVANCED_FACE('',(#510),#6977,.T.);
#7271=ADVANCED_FACE('',(#511),#65,.F.);
#7272=ADVANCED_FACE('',(#512),#6978,.F.);
#7273=ADVANCED_FACE('',(#513),#6979,.F.);
#7274=ADVANCED_FACE('',(#514),#6980,.F.);
#7275=ADVANCED_FACE('',(#515),#6981,.F.);
#7276=ADVANCED_FACE('',(#516),#66,.F.);
#7277=ADVANCED_FACE('',(#517),#6982,.F.);
#7278=ADVANCED_FACE('',(#518),#6983,.F.);
#7279=ADVANCED_FACE('',(#519),#67,.F.);
#7280=ADVANCED_FACE('',(#520),#6984,.F.);
#7281=ADVANCED_FACE('',(#521),#6985,.F.);
#7282=ADVANCED_FACE('',(#522),#68,.F.);
#7283=ADVANCED_FACE('',(#523),#6986,.T.);
#7284=ADVANCED_FACE('',(#524),#6987,.F.);
#7285=ADVANCED_FACE('',(#525),#6988,.T.);
#7286=ADVANCED_FACE('',(#526),#6989,.T.);
#7287=ADVANCED_FACE('',(#527),#6990,.T.);
#7288=ADVANCED_FACE('',(#528),#6991,.F.);
#7289=ADVANCED_FACE('',(#529),#69,.F.);
#7290=ADVANCED_FACE('',(#530),#6992,.T.);
#7291=ADVANCED_FACE('',(#531),#6993,.F.);
#7292=ADVANCED_FACE('',(#532),#70,.F.);
#7293=ADVANCED_FACE('',(#533),#6994,.F.);
#7294=ADVANCED_FACE('',(#534),#6995,.F.);
#7295=ADVANCED_FACE('',(#535),#71,.F.);
#7296=ADVANCED_FACE('',(#536),#6996,.F.);
#7297=ADVANCED_FACE('',(#537),#6997,.F.);
#7298=ADVANCED_FACE('',(#538),#72,.F.);
#7299=ADVANCED_FACE('',(#539),#6998,.F.);
#7300=ADVANCED_FACE('',(#540),#6999,.F.);
#7301=ADVANCED_FACE('',(#541),#7000,.T.);
#7302=ADVANCED_FACE('',(#542),#73,.T.);
#7303=ADVANCED_FACE('',(#543),#7001,.T.);
#7304=ADVANCED_FACE('',(#544),#7002,.F.);
#7305=ADVANCED_FACE('',(#545),#7003,.T.);
#7306=ADVANCED_FACE('',(#546),#7004,.T.);
#7307=ADVANCED_FACE('',(#547),#7005,.T.);
#7308=ADVANCED_FACE('',(#548),#7006,.T.);
#7309=ADVANCED_FACE('',(#549),#7007,.F.);
#7310=ADVANCED_FACE('',(#550),#7008,.T.);
#7311=ADVANCED_FACE('',(#551),#7009,.T.);
#7312=ADVANCED_FACE('',(#552),#7010,.F.);
#7313=ADVANCED_FACE('',(#553),#7011,.T.);
#7314=ADVANCED_FACE('',(#554),#7012,.T.);
#7315=ADVANCED_FACE('',(#555),#7013,.T.);
#7316=ADVANCED_FACE('',(#556),#7014,.T.);
#7317=ADVANCED_FACE('',(#557),#7015,.T.);
#7318=ADVANCED_FACE('',(#558),#7016,.T.);
#7319=ADVANCED_FACE('',(#559),#7017,.T.);
#7320=ADVANCED_FACE('',(#560),#7018,.T.);
#7321=ADVANCED_FACE('',(#561),#7019,.T.);
#7322=ADVANCED_FACE('',(#562),#7020,.F.);
#7323=ADVANCED_FACE('',(#563),#7021,.T.);
#7324=ADVANCED_FACE('',(#564),#7022,.F.);
#7325=ADVANCED_FACE('',(#565),#7023,.F.);
#7326=ADVANCED_FACE('',(#566),#7024,.T.);
#7327=ADVANCED_FACE('',(#567),#7025,.T.);
#7328=ADVANCED_FACE('',(#568),#7026,.T.);
#7329=ADVANCED_FACE('',(#569),#7027,.T.);
#7330=ADVANCED_FACE('',(#570),#7028,.F.);
#7331=ADVANCED_FACE('',(#571),#7029,.T.);
#7332=ADVANCED_FACE('',(#572),#7030,.T.);
#7333=ADVANCED_FACE('',(#573),#7031,.F.);
#7334=ADVANCED_FACE('',(#574,#144),#7032,.T.);
#7335=ADVANCED_FACE('',(#575),#7033,.F.);
#7336=ADVANCED_FACE('',(#576),#7034,.F.);
#7337=ADVANCED_FACE('',(#577),#7035,.F.);
#7338=ADVANCED_FACE('',(#578),#7036,.F.);
#7339=ADVANCED_FACE('',(#579),#7037,.F.);
#7340=ADVANCED_FACE('',(#580),#7038,.T.);
#7341=ADVANCED_FACE('',(#581),#7039,.T.);
#7342=ADVANCED_FACE('',(#582),#7040,.T.);
#7343=ADVANCED_FACE('',(#583),#7041,.F.);
#7344=ADVANCED_FACE('',(#584),#7042,.T.);
#7345=ADVANCED_FACE('',(#585),#7043,.T.);
#7346=ADVANCED_FACE('',(#586),#7044,.T.);
#7347=ADVANCED_FACE('',(#587),#7045,.F.);
#7348=ADVANCED_FACE('',(#588),#7046,.T.);
#7349=ADVANCED_FACE('',(#589),#7047,.T.);
#7350=ADVANCED_FACE('',(#590),#74,.F.);
#7351=ADVANCED_FACE('',(#591),#7048,.T.);
#7352=ADVANCED_FACE('',(#592,#145),#7049,.F.);
#7353=ADVANCED_FACE('',(#593),#7050,.F.);
#7354=ADVANCED_FACE('',(#594),#7051,.F.);
#7355=ADVANCED_FACE('',(#595),#7052,.F.);
#7356=ADVANCED_FACE('',(#596),#7053,.F.);
#7357=ADVANCED_FACE('',(#597),#7054,.F.);
#7358=ADVANCED_FACE('',(#598),#7055,.F.);
#7359=ADVANCED_FACE('',(#599),#7056,.F.);
#7360=ADVANCED_FACE('',(#600),#75,.F.);
#7361=ADVANCED_FACE('',(#601),#76,.F.);
#7362=ADVANCED_FACE('',(#602),#7057,.F.);
#7363=ADVANCED_FACE('',(#603),#77,.F.);
#7364=ADVANCED_FACE('',(#604),#7058,.T.);
#7365=ADVANCED_FACE('',(#605),#7059,.T.);
#7366=ADVANCED_FACE('',(#606),#7060,.T.);
#7367=ADVANCED_FACE('',(#607),#7061,.T.);
#7368=ADVANCED_FACE('',(#608),#7062,.T.);
#7369=ADVANCED_FACE('',(#609),#7063,.T.);
#7370=ADVANCED_FACE('',(#610),#7064,.T.);
#7371=ADVANCED_FACE('',(#611),#7065,.T.);
#7372=ADVANCED_FACE('',(#612),#7066,.T.);
#7373=ADVANCED_FACE('',(#613),#7067,.T.);
#7374=ADVANCED_FACE('',(#614),#7068,.T.);
#7375=ADVANCED_FACE('',(#615),#7069,.T.);
#7376=ADVANCED_FACE('',(#616),#7070,.T.);
#7377=ADVANCED_FACE('',(#617),#7071,.T.);
#7378=ADVANCED_FACE('',(#618),#7072,.T.);
#7379=ADVANCED_FACE('',(#619),#7073,.F.);
#7380=ADVANCED_FACE('',(#620),#7074,.F.);
#7381=ADVANCED_FACE('',(#621),#7075,.F.);
#7382=ADVANCED_FACE('',(#622),#7076,.T.);
#7383=ADVANCED_FACE('',(#623),#7077,.F.);
#7384=ADVANCED_FACE('',(#624),#7078,.F.);
#7385=ADVANCED_FACE('',(#625),#7079,.F.);
#7386=ADVANCED_FACE('',(#626),#7080,.T.);
#7387=ADVANCED_FACE('',(#627),#7081,.F.);
#7388=ADVANCED_FACE('',(#628),#78,.F.);
#7389=ADVANCED_FACE('',(#629),#7082,.T.);
#7390=ADVANCED_FACE('',(#630),#7083,.T.);
#7391=ADVANCED_FACE('',(#631),#7084,.F.);
#7392=ADVANCED_FACE('',(#632),#7085,.T.);
#7393=ADVANCED_FACE('',(#633),#79,.F.);
#7394=ADVANCED_FACE('',(#634),#7086,.T.);
#7395=ADVANCED_FACE('',(#635),#80,.F.);
#7396=ADVANCED_FACE('',(#636),#7087,.F.);
#7397=ADVANCED_FACE('',(#637),#15,.T.);
#7398=ADVANCED_FACE('',(#638),#81,.T.);
#7399=ADVANCED_FACE('',(#639),#16,.T.);
#7400=ADVANCED_FACE('',(#640),#82,.T.);
#7401=ADVANCED_FACE('',(#641),#17,.T.);
#7402=ADVANCED_FACE('',(#642),#83,.T.);
#7403=ADVANCED_FACE('',(#643),#18,.T.);
#7404=ADVANCED_FACE('',(#644),#7088,.T.);
#7405=ADVANCED_FACE('',(#645),#84,.T.);
#7406=ADVANCED_FACE('',(#646),#19,.T.);
#7407=ADVANCED_FACE('',(#647),#85,.T.);
#7408=ADVANCED_FACE('',(#648),#20,.T.);
#7409=ADVANCED_FACE('',(#649),#86,.T.);
#7410=ADVANCED_FACE('',(#650),#21,.T.);
#7411=ADVANCED_FACE('',(#651),#87,.T.);
#7412=ADVANCED_FACE('',(#652),#22,.T.);
#7413=ADVANCED_FACE('',(#653),#88,.T.);
#7414=ADVANCED_FACE('',(#654),#7089,.T.);
#7415=ADVANCED_FACE('',(#655),#23,.T.);
#7416=ADVANCED_FACE('',(#656),#89,.T.);
#7417=ADVANCED_FACE('',(#657),#24,.T.);
#7418=ADVANCED_FACE('',(#658),#90,.T.);
#7419=ADVANCED_FACE('',(#659),#25,.T.);
#7420=ADVANCED_FACE('',(#660),#91,.T.);
#7421=ADVANCED_FACE('',(#661),#26,.T.);
#7422=ADVANCED_FACE('',(#662),#92,.T.);
#7423=ADVANCED_FACE('',(#663),#7090,.T.);
#7424=ADVANCED_FACE('',(#664),#7091,.T.);
#7425=ADVANCED_FACE('',(#665),#7092,.F.);
#7426=ADVANCED_FACE('',(#666),#7093,.F.);
#7427=ADVANCED_FACE('',(#667),#7094,.F.);
#7428=ADVANCED_FACE('',(#668),#7095,.T.);
#7429=ADVANCED_FACE('',(#669),#7096,.F.);
#7430=ADVANCED_FACE('',(#670),#7097,.F.);
#7431=ADVANCED_FACE('',(#671),#7098,.F.);
#7432=ADVANCED_FACE('',(#672),#7099,.F.);
#7433=ADVANCED_FACE('',(#673),#7100,.T.);
#7434=ADVANCED_FACE('',(#674),#93,.F.);
#7435=ADVANCED_FACE('',(#675),#7101,.T.);
#7436=ADVANCED_FACE('',(#676),#7102,.T.);
#7437=ADVANCED_FACE('',(#677),#7103,.T.);
#7438=ADVANCED_FACE('',(#678),#7104,.T.);
#7439=ADVANCED_FACE('',(#679),#7105,.F.);
#7440=ADVANCED_FACE('',(#680),#94,.F.);
#7441=ADVANCED_FACE('',(#681),#7106,.F.);
#7442=ADVANCED_FACE('',(#682),#95,.F.);
#7443=ADVANCED_FACE('',(#683),#7107,.F.);
#7444=ADVANCED_FACE('',(#684),#7108,.F.);
#7445=ADVANCED_FACE('',(#685),#96,.F.);
#7446=ADVANCED_FACE('',(#686),#7109,.F.);
#7447=ADVANCED_FACE('',(#687),#97,.F.);
#7448=ADVANCED_FACE('',(#688),#7110,.F.);
#7449=ADVANCED_FACE('',(#689),#7111,.F.);
#7450=ADVANCED_FACE('',(#690),#98,.T.);
#7451=ADVANCED_FACE('',(#691),#7112,.F.);
#7452=ADVANCED_FACE('',(#692),#7113,.T.);
#7453=ADVANCED_FACE('',(#693),#99,.F.);
#7454=ADVANCED_FACE('',(#694),#7114,.F.);
#7455=ADVANCED_FACE('',(#695),#100,.T.);
#7456=ADVANCED_FACE('',(#696),#7115,.F.);
#7457=ADVANCED_FACE('',(#697),#7116,.F.);
#7458=ADVANCED_FACE('',(#698),#101,.F.);
#7459=ADVANCED_FACE('',(#699),#7117,.F.);
#7460=ADVANCED_FACE('',(#700),#102,.F.);
#7461=ADVANCED_FACE('',(#701),#7118,.F.);
#7462=ADVANCED_FACE('',(#702),#7119,.F.);
#7463=ADVANCED_FACE('',(#703),#103,.F.);
#7464=ADVANCED_FACE('',(#704),#7120,.F.);
#7465=ADVANCED_FACE('',(#705),#104,.F.);
#7466=ADVANCED_FACE('',(#706),#105,.T.);
#7467=ADVANCED_FACE('',(#707),#27,.T.);
#7468=ADVANCED_FACE('',(#708),#106,.T.);
#7469=ADVANCED_FACE('',(#709),#28,.T.);
#7470=ADVANCED_FACE('',(#710),#107,.T.);
#7471=ADVANCED_FACE('',(#711),#29,.T.);
#7472=ADVANCED_FACE('',(#712),#108,.T.);
#7473=ADVANCED_FACE('',(#713),#30,.T.);
#7474=ADVANCED_FACE('',(#714),#7121,.T.);
#7475=ADVANCED_FACE('',(#715),#31,.T.);
#7476=ADVANCED_FACE('',(#716),#109,.T.);
#7477=ADVANCED_FACE('',(#717),#32,.T.);
#7478=ADVANCED_FACE('',(#718),#110,.T.);
#7479=ADVANCED_FACE('',(#719),#33,.T.);
#7480=ADVANCED_FACE('',(#720),#111,.T.);
#7481=ADVANCED_FACE('',(#721),#34,.T.);
#7482=ADVANCED_FACE('',(#722),#112,.T.);
#7483=ADVANCED_FACE('',(#723),#7122,.T.);
#7484=ADVANCED_FACE('',(#724),#35,.T.);
#7485=ADVANCED_FACE('',(#725),#113,.T.);
#7486=ADVANCED_FACE('',(#726),#36,.T.);
#7487=ADVANCED_FACE('',(#727),#114,.T.);
#7488=ADVANCED_FACE('',(#728),#37,.T.);
#7489=ADVANCED_FACE('',(#729),#115,.T.);
#7490=ADVANCED_FACE('',(#730),#38,.T.);
#7491=ADVANCED_FACE('',(#731),#116,.T.);
#7492=ADVANCED_FACE('',(#732),#7123,.T.);
#7493=ADVANCED_FACE('',(#733),#117,.T.);
#7494=ADVANCED_FACE('',(#734),#39,.T.);
#7495=ADVANCED_FACE('',(#735),#118,.T.);
#7496=ADVANCED_FACE('',(#736),#40,.T.);
#7497=ADVANCED_FACE('',(#737),#119,.T.);
#7498=ADVANCED_FACE('',(#738),#41,.T.);
#7499=ADVANCED_FACE('',(#739),#120,.T.);
#7500=ADVANCED_FACE('',(#740),#42,.T.);
#7501=ADVANCED_FACE('',(#741),#7124,.T.);
#7502=ADVANCED_FACE('',(#742),#43,.T.);
#7503=ADVANCED_FACE('',(#743),#7125,.T.);
#7504=ADVANCED_FACE('',(#744),#44,.T.);
#7505=ADVANCED_FACE('',(#745),#121,.T.);
#7506=ADVANCED_FACE('',(#746),#45,.T.);
#7507=ADVANCED_FACE('',(#747),#122,.T.);
#7508=ADVANCED_FACE('',(#748),#123,.T.);
#7509=ADVANCED_FACE('',(#749),#46,.T.);
#7510=ADVANCED_FACE('',(#750),#124,.T.);
#7511=CLOSED_SHELL('',(#7126,#7127,#7128,#7129,#7130,#7131,#7132,#7133,
#7134,#7135,#7136,#7137,#7138,#7139,#7140,#7141,#7142,#7143,#7144,#7145,
#7146,#7147,#7148,#7149,#7150,#7151,#7152,#7153,#7154,#7155,#7156,#7157,
#7158,#7159,#7160,#7161,#7162,#7163,#7164,#7165,#7166,#7167,#7168,#7169,
#7170,#7171,#7172,#7173,#7174,#7175,#7176,#7177,#7178,#7179,#7180,#7181,
#7182,#7183,#7184,#7185,#7186,#7187,#7188,#7189,#7190,#7191,#7192,#7193,
#7194,#7195,#7196,#7197,#7198,#7199,#7200,#7201,#7202,#7203,#7204,#7205,
#7206,#7207,#7208,#7209,#7210,#7211,#7212,#7213,#7214,#7215,#7216,#7217,
#7218,#7219,#7220,#7221,#7222,#7223,#7224,#7225,#7226,#7227,#7228,#7229,
#7230,#7231,#7232,#7233,#7234,#7235,#7236,#7237,#7238,#7239,#7240,#7241,
#7242,#7243,#7244,#7245,#7246,#7247,#7248,#7249,#7250,#7251,#7252,#7253,
#7254,#7255,#7256,#7257,#7258,#7259,#7260,#7261,#7262,#7263,#7264,#7265,
#7266,#7267,#7268,#7269,#7270,#7271,#7272,#7273,#7274,#7275,#7276,#7277,
#7278,#7279,#7280,#7281,#7282,#7283,#7284,#7285,#7286,#7287,#7288,#7289,
#7290,#7291,#7292,#7293,#7294,#7295,#7296,#7297,#7298,#7299,#7300,#7301,
#7302,#7303,#7304,#7305,#7306,#7307,#7308,#7309,#7310,#7311,#7312,#7313,
#7314,#7315,#7316,#7317,#7318,#7319,#7320,#7321,#7322,#7323,#7324,#7325,
#7326,#7327,#7328,#7329,#7330,#7331,#7332,#7333,#7334,#7335,#7336,#7337,
#7338,#7339,#7340,#7341,#7342,#7343,#7344,#7345,#7346,#7347,#7348,#7349,
#7350,#7351,#7352,#7353,#7354,#7355,#7356,#7357,#7358,#7359,#7360,#7361,
#7362,#7363,#7364,#7365,#7366,#7367,#7368,#7369,#7370,#7371,#7372,#7373,
#7374,#7375,#7376,#7377,#7378,#7379,#7380,#7381,#7382,#7383,#7384,#7385,
#7386,#7387,#7388,#7389,#7390,#7391,#7392,#7393,#7394,#7395,#7396,#7397,
#7398,#7399,#7400,#7401,#7402,#7403,#7404,#7405,#7406,#7407,#7408,#7409,
#7410,#7411,#7412,#7413,#7414,#7415,#7416,#7417,#7418,#7419,#7420,#7421,
#7422,#7423,#7424,#7425,#7426,#7427,#7428,#7429,#7430,#7431,#7432,#7433,
#7434,#7435,#7436,#7437,#7438,#7439,#7440,#7441,#7442,#7443,#7444,#7445,
#7446,#7447,#7448,#7449,#7450,#7451,#7452,#7453,#7454,#7455,#7456,#7457,
#7458,#7459,#7460,#7461,#7462,#7463,#7464,#7465,#7466,#7467,#7468,#7469,
#7470,#7471,#7472,#7473,#7474,#7475,#7476,#7477,#7478,#7479,#7480,#7481,
#7482,#7483,#7484,#7485,#7486,#7487,#7488,#7489,#7490,#7491,#7492,#7493,
#7494,#7495,#7496,#7497,#7498,#7499,#7500,#7501,#7502,#7503,#7504,#7505,
#7506,#7507,#7508,#7509,#7510));
#7512=DERIVED_UNIT_ELEMENT(#7514,1.);
#7513=DERIVED_UNIT_ELEMENT(#12395,3.);
#7514=(
MASS_UNIT()
NAMED_UNIT(*)
SI_UNIT(.KILO.,.GRAM.)
);
#7515=DERIVED_UNIT((#7512,#7513));
#7516=MEASURE_REPRESENTATION_ITEM('density measure',
POSITIVE_RATIO_MEASURE(7850.),#7515);
#7517=PROPERTY_DEFINITION_REPRESENTATION(#7522,#7519);
#7518=PROPERTY_DEFINITION_REPRESENTATION(#7523,#7520);
#7519=REPRESENTATION('material name',(#7521),#12392);
#7520=REPRESENTATION('density',(#7516),#12392);
#7521=DESCRIPTIVE_REPRESENTATION_ITEM('Steel','Steel');
#7522=PROPERTY_DEFINITION('material property','material name',#12402);
#7523=PROPERTY_DEFINITION('material property','density of part',#12402);
#7524=AXIS2_PLACEMENT_3D('placement',#10206,#8130,#8131);
#7525=AXIS2_PLACEMENT_3D('',#10207,#8132,#8133);
#7526=AXIS2_PLACEMENT_3D('',#10218,#8139,#8140);
#7527=AXIS2_PLACEMENT_3D('',#10228,#8146,#8147);
#7528=AXIS2_PLACEMENT_3D('',#10324,#8195,#8196);
#7529=AXIS2_PLACEMENT_3D('',#10328,#8198,#8199);
#7530=AXIS2_PLACEMENT_3D('',#10332,#8201,#8202);
#7531=AXIS2_PLACEMENT_3D('',#10336,#8204,#8205);
#7532=AXIS2_PLACEMENT_3D('',#10340,#8207,#8208);
#7533=AXIS2_PLACEMENT_3D('',#10344,#8210,#8211);
#7534=AXIS2_PLACEMENT_3D('',#10348,#8213,#8214);
#7535=AXIS2_PLACEMENT_3D('',#10352,#8216,#8217);
#7536=AXIS2_PLACEMENT_3D('',#10356,#8219,#8220);
#7537=AXIS2_PLACEMENT_3D('',#10360,#8222,#8223);
#7538=AXIS2_PLACEMENT_3D('',#10364,#8225,#8226);
#7539=AXIS2_PLACEMENT_3D('',#10368,#8228,#8229);
#7540=AXIS2_PLACEMENT_3D('',#10382,#8236,#8237);
#7541=AXIS2_PLACEMENT_3D('',#10386,#8239,#8240);
#7542=AXIS2_PLACEMENT_3D('',#10390,#8242,#8243);
#7543=AXIS2_PLACEMENT_3D('',#10393,#8245,#8246);
#7544=AXIS2_PLACEMENT_3D('',#10396,#8247,#8248);
#7545=AXIS2_PLACEMENT_3D('',#10400,#8250,#8251);
#7546=AXIS2_PLACEMENT_3D('',#10404,#8253,#8254);
#7547=AXIS2_PLACEMENT_3D('',#10408,#8256,#8257);
#7548=AXIS2_PLACEMENT_3D('',#10412,#8259,#8260);
#7549=AXIS2_PLACEMENT_3D('',#10416,#8262,#8263);
#7550=AXIS2_PLACEMENT_3D('',#10420,#8265,#8266);
#7551=AXIS2_PLACEMENT_3D('',#10424,#8268,#8269);
#7552=AXIS2_PLACEMENT_3D('',#10430,#8272,#8273);
#7553=AXIS2_PLACEMENT_3D('',#10434,#8275,#8276);
#7554=AXIS2_PLACEMENT_3D('',#10438,#8278,#8279);
#7555=AXIS2_PLACEMENT_3D('',#10441,#8281,#8282);
#7556=AXIS2_PLACEMENT_3D('',#10444,#8283,#8284);
#7557=AXIS2_PLACEMENT_3D('',#10448,#8286,#8287);
#7558=AXIS2_PLACEMENT_3D('',#10452,#8289,#8290);
#7559=AXIS2_PLACEMENT_3D('',#10456,#8292,#8293);
#7560=AXIS2_PLACEMENT_3D('',#10466,#8299,#8300);
#7561=AXIS2_PLACEMENT_3D('',#10472,#8303,#8304);
#7562=AXIS2_PLACEMENT_3D('',#10476,#8306,#8307);
#7563=AXIS2_PLACEMENT_3D('',#10481,#8310,#8311);
#7564=AXIS2_PLACEMENT_3D('',#10486,#8314,#8315);
#7565=AXIS2_PLACEMENT_3D('',#10489,#8317,#8318);
#7566=AXIS2_PLACEMENT_3D('',#10490,#8319,#8320);
#7567=AXIS2_PLACEMENT_3D('',#10498,#8325,#8326);
#7568=AXIS2_PLACEMENT_3D('',#10501,#8327,#8328);
#7569=AXIS2_PLACEMENT_3D('',#10508,#8333,#8334);
#7570=AXIS2_PLACEMENT_3D('',#10513,#8337,#8338);
#7571=AXIS2_PLACEMENT_3D('',#10514,#8339,#8340);
#7572=AXIS2_PLACEMENT_3D('',#10516,#8342,#8343);
#7573=AXIS2_PLACEMENT_3D('',#10520,#8346,#8347);
#7574=AXIS2_PLACEMENT_3D('',#10522,#8349,#8350);
#7575=AXIS2_PLACEMENT_3D('',#10558,#8369,#8370);
#7576=AXIS2_PLACEMENT_3D('',#10567,#8375,#8376);
#7577=AXIS2_PLACEMENT_3D('',#10611,#8398,#8399);
#7578=AXIS2_PLACEMENT_3D('',#10695,#8442,#8443);
#7579=AXIS2_PLACEMENT_3D('',#10701,#8447,#8448);
#7580=AXIS2_PLACEMENT_3D('',#10709,#8453,#8454);
#7581=AXIS2_PLACEMENT_3D('',#10713,#8457,#8458);
#7582=AXIS2_PLACEMENT_3D('',#10717,#8461,#8462);
#7583=AXIS2_PLACEMENT_3D('',#10732,#8471,#8472);
#7584=AXIS2_PLACEMENT_3D('',#10740,#8477,#8478);
#7585=AXIS2_PLACEMENT_3D('',#10742,#8480,#8481);
#7586=AXIS2_PLACEMENT_3D('',#10744,#8483,#8484);
#7587=AXIS2_PLACEMENT_3D('',#10773,#8501,#8502);
#7588=AXIS2_PLACEMENT_3D('',#10778,#8506,#8507);
#7589=AXIS2_PLACEMENT_3D('',#10780,#8509,#8510);
#7590=AXIS2_PLACEMENT_3D('',#10781,#8511,#8512);
#7591=AXIS2_PLACEMENT_3D('',#10783,#8514,#8515);
#7592=AXIS2_PLACEMENT_3D('',#10785,#8517,#8518);
#7593=AXIS2_PLACEMENT_3D('',#10786,#8519,#8520);
#7594=AXIS2_PLACEMENT_3D('',#10788,#8522,#8523);
#7595=AXIS2_PLACEMENT_3D('',#10790,#8525,#8526);
#7596=AXIS2_PLACEMENT_3D('',#10792,#8528,#8529);
#7597=AXIS2_PLACEMENT_3D('',#10793,#8530,#8531);
#7598=AXIS2_PLACEMENT_3D('',#10796,#8532,#8533);
#7599=AXIS2_PLACEMENT_3D('',#10799,#8536,#8537);
#7600=AXIS2_PLACEMENT_3D('',#10803,#8539,#8540);
#7601=AXIS2_PLACEMENT_3D('',#10805,#8542,#8543);
#7602=AXIS2_PLACEMENT_3D('',#10807,#8545,#8546);
#7603=AXIS2_PLACEMENT_3D('',#10812,#8550,#8551);
#7604=AXIS2_PLACEMENT_3D('',#10813,#8552,#8553);
#7605=AXIS2_PLACEMENT_3D('',#10821,#8558,#8559);
#7606=AXIS2_PLACEMENT_3D('',#10823,#8560,#8561);
#7607=AXIS2_PLACEMENT_3D('',#10834,#8567,#8568);
#7608=AXIS2_PLACEMENT_3D('',#10836,#8570,#8571);
#7609=AXIS2_PLACEMENT_3D('',#10839,#8573,#8574);
#7610=AXIS2_PLACEMENT_3D('',#10840,#8575,#8576);
#7611=AXIS2_PLACEMENT_3D('',#10844,#8579,#8580);
#7612=AXIS2_PLACEMENT_3D('',#10846,#8581,#8582);
#7613=AXIS2_PLACEMENT_3D('',#10851,#8585,#8586);
#7614=AXIS2_PLACEMENT_3D('',#10856,#8589,#8590);
#7615=AXIS2_PLACEMENT_3D('',#10860,#8592,#8593);
#7616=AXIS2_PLACEMENT_3D('',#10862,#8595,#8596);
#7617=AXIS2_PLACEMENT_3D('',#10868,#8600,#8601);
#7618=AXIS2_PLACEMENT_3D('',#10872,#8604,#8605);
#7619=AXIS2_PLACEMENT_3D('',#10876,#8608,#8609);
#7620=AXIS2_PLACEMENT_3D('',#10878,#8610,#8611);
#7621=AXIS2_PLACEMENT_3D('',#10880,#8613,#8614);
#7622=AXIS2_PLACEMENT_3D('',#10884,#8617,#8618);
#7623=AXIS2_PLACEMENT_3D('',#10885,#8619,#8620);
#7624=AXIS2_PLACEMENT_3D('',#10886,#8621,#8622);
#7625=AXIS2_PLACEMENT_3D('',#10887,#8623,#8624);
#7626=AXIS2_PLACEMENT_3D('',#10891,#8627,#8628);
#7627=AXIS2_PLACEMENT_3D('',#10893,#8629,#8630);
#7628=AXIS2_PLACEMENT_3D('',#10895,#8632,#8633);
#7629=AXIS2_PLACEMENT_3D('',#10897,#8635,#8636);
#7630=AXIS2_PLACEMENT_3D('',#10898,#8637,#8638);
#7631=AXIS2_PLACEMENT_3D('',#10903,#8642,#8643);
#7632=AXIS2_PLACEMENT_3D('',#10904,#8644,#8645);
#7633=AXIS2_PLACEMENT_3D('',#10908,#8648,#8649);
#7634=AXIS2_PLACEMENT_3D('',#10964,#8680,#8681);
#7635=AXIS2_PLACEMENT_3D('',#10970,#8685,#8686);
#7636=AXIS2_PLACEMENT_3D('',#10974,#8689,#8690);
#7637=AXIS2_PLACEMENT_3D('',#10978,#8693,#8694);
#7638=AXIS2_PLACEMENT_3D('',#10983,#8698,#8699);
#7639=AXIS2_PLACEMENT_3D('',#10987,#8702,#8703);
#7640=AXIS2_PLACEMENT_3D('',#10989,#8705,#8706);
#7641=AXIS2_PLACEMENT_3D('',#10993,#8709,#8710);
#7642=AXIS2_PLACEMENT_3D('',#10997,#8713,#8714);
#7643=AXIS2_PLACEMENT_3D('',#11001,#8717,#8718);
#7644=AXIS2_PLACEMENT_3D('',#11005,#8721,#8722);
#7645=AXIS2_PLACEMENT_3D('',#11007,#8724,#8725);
#7646=AXIS2_PLACEMENT_3D('',#11008,#8726,#8727);
#7647=AXIS2_PLACEMENT_3D('',#11014,#8731,#8732);
#7648=AXIS2_PLACEMENT_3D('',#11019,#8736,#8737);
#7649=AXIS2_PLACEMENT_3D('',#11023,#8740,#8741);
#7650=AXIS2_PLACEMENT_3D('',#11028,#8745,#8746);
#7651=AXIS2_PLACEMENT_3D('',#11029,#8747,#8748);
#7652=AXIS2_PLACEMENT_3D('',#11037,#8753,#8754);
#7653=AXIS2_PLACEMENT_3D('',#11039,#8756,#8757);
#7654=AXIS2_PLACEMENT_3D('',#11041,#8759,#8760);
#7655=AXIS2_PLACEMENT_3D('',#11043,#8762,#8763);
#7656=AXIS2_PLACEMENT_3D('',#11044,#8764,#8765);
#7657=AXIS2_PLACEMENT_3D('',#11046,#8767,#8768);
#7658=AXIS2_PLACEMENT_3D('',#11047,#8769,#8770);
#7659=AXIS2_PLACEMENT_3D('',#11051,#8773,#8774);
#7660=AXIS2_PLACEMENT_3D('',#11057,#8778,#8779);
#7661=AXIS2_PLACEMENT_3D('',#11059,#8780,#8781);
#7662=AXIS2_PLACEMENT_3D('',#11061,#8783,#8784);
#7663=AXIS2_PLACEMENT_3D('',#11065,#8787,#8788);
#7664=AXIS2_PLACEMENT_3D('',#11066,#8789,#8790);
#7665=AXIS2_PLACEMENT_3D('',#11067,#8791,#8792);
#7666=AXIS2_PLACEMENT_3D('',#11074,#8797,#8798);
#7667=AXIS2_PLACEMENT_3D('',#11075,#8799,#8800);
#7668=AXIS2_PLACEMENT_3D('',#11076,#8801,#8802);
#7669=AXIS2_PLACEMENT_3D('',#11077,#8803,#8804);
#7670=AXIS2_PLACEMENT_3D('',#11079,#8806,#8807);
#7671=AXIS2_PLACEMENT_3D('',#11080,#8808,#8809);
#7672=AXIS2_PLACEMENT_3D('',#11092,#8816,#8817);
#7673=AXIS2_PLACEMENT_3D('',#11096,#8820,#8821);
#7674=AXIS2_PLACEMENT_3D('',#11108,#8828,#8829);
#7675=AXIS2_PLACEMENT_3D('',#11117,#8835,#8836);
#7676=AXIS2_PLACEMENT_3D('',#11120,#8839,#8840);
#7677=AXIS2_PLACEMENT_3D('',#11138,#8850,#8851);
#7678=AXIS2_PLACEMENT_3D('',#11139,#8852,#8853);
#7679=AXIS2_PLACEMENT_3D('',#11147,#8859,#8860);
#7680=AXIS2_PLACEMENT_3D('',#11153,#8863,#8864);
#7681=AXIS2_PLACEMENT_3D('',#11159,#8867,#8868);
#7682=AXIS2_PLACEMENT_3D('',#11165,#8871,#8872);
#7683=AXIS2_PLACEMENT_3D('',#11170,#8875,#8876);
#7684=AXIS2_PLACEMENT_3D('',#11171,#8877,#8878);
#7685=AXIS2_PLACEMENT_3D('',#11177,#8883,#8884);
#7686=AXIS2_PLACEMENT_3D('',#11181,#8887,#8888);
#7687=AXIS2_PLACEMENT_3D('',#11183,#8889,#8890);
#7688=AXIS2_PLACEMENT_3D('',#11185,#8892,#8893);
#7689=AXIS2_PLACEMENT_3D('',#11189,#8896,#8897);
#7690=AXIS2_PLACEMENT_3D('',#11193,#8900,#8901);
#7691=AXIS2_PLACEMENT_3D('',#11195,#8902,#8903);
#7692=AXIS2_PLACEMENT_3D('',#11197,#8905,#8906);
#7693=AXIS2_PLACEMENT_3D('',#11201,#8909,#8910);
#7694=AXIS2_PLACEMENT_3D('',#11203,#8911,#8912);
#7695=AXIS2_PLACEMENT_3D('',#11209,#8915,#8916);
#7696=AXIS2_PLACEMENT_3D('',#11211,#8918,#8919);
#7697=AXIS2_PLACEMENT_3D('',#11213,#8921,#8922);
#7698=AXIS2_PLACEMENT_3D('',#11215,#8924,#8925);
#7699=AXIS2_PLACEMENT_3D('',#11217,#8927,#8928);
#7700=AXIS2_PLACEMENT_3D('',#11219,#8930,#8931);
#7701=AXIS2_PLACEMENT_3D('',#11220,#8932,#8933);
#7702=AXIS2_PLACEMENT_3D('',#11222,#8935,#8936);
#7703=AXIS2_PLACEMENT_3D('',#11229,#8941,#8942);
#7704=AXIS2_PLACEMENT_3D('',#11235,#8945,#8946);
#7705=AXIS2_PLACEMENT_3D('',#11241,#8949,#8950);
#7706=AXIS2_PLACEMENT_3D('',#11247,#8953,#8954);
#7707=AXIS2_PLACEMENT_3D('',#11252,#8957,#8958);
#7708=AXIS2_PLACEMENT_3D('',#11253,#8959,#8960);
#7709=AXIS2_PLACEMENT_3D('',#11257,#8963,#8964);
#7710=AXIS2_PLACEMENT_3D('',#11260,#8966,#8967);
#7711=AXIS2_PLACEMENT_3D('',#11261,#8968,#8969);
#7712=AXIS2_PLACEMENT_3D('',#11269,#8973,#8974);
#7713=AXIS2_PLACEMENT_3D('',#11275,#8977,#8978);
#7714=AXIS2_PLACEMENT_3D('',#11280,#8981,#8982);
#7715=AXIS2_PLACEMENT_3D('',#11281,#8983,#8984);
#7716=AXIS2_PLACEMENT_3D('',#11284,#8987,#8988);
#7717=AXIS2_PLACEMENT_3D('',#11285,#8989,#8990);
#7718=AXIS2_PLACEMENT_3D('',#11287,#8992,#8993);
#7719=AXIS2_PLACEMENT_3D('',#11289,#8995,#8996);
#7720=AXIS2_PLACEMENT_3D('',#11291,#8998,#8999);
#7721=AXIS2_PLACEMENT_3D('',#11293,#9001,#9002);
#7722=AXIS2_PLACEMENT_3D('',#11295,#9004,#9005);
#7723=AXIS2_PLACEMENT_3D('',#11297,#9007,#9008);
#7724=AXIS2_PLACEMENT_3D('',#11299,#9010,#9011);
#7725=AXIS2_PLACEMENT_3D('',#11301,#9013,#9014);
#7726=AXIS2_PLACEMENT_3D('',#11302,#9015,#9016);
#7727=AXIS2_PLACEMENT_3D('',#11303,#9017,#9018);
#7728=AXIS2_PLACEMENT_3D('',#11304,#9019,#9020);
#7729=AXIS2_PLACEMENT_3D('',#11305,#9021,#9022);
#7730=AXIS2_PLACEMENT_3D('',#11309,#9025,#9026);
#7731=AXIS2_PLACEMENT_3D('',#11313,#9029,#9030);
#7732=AXIS2_PLACEMENT_3D('',#11323,#9036,#9037);
#7733=AXIS2_PLACEMENT_3D('',#11334,#9044,#9045);
#7734=AXIS2_PLACEMENT_3D('',#11336,#9047,#9048);
#7735=AXIS2_PLACEMENT_3D('',#11353,#9057,#9058);
#7736=AXIS2_PLACEMENT_3D('',#11362,#9064,#9065);
#7737=AXIS2_PLACEMENT_3D('',#11364,#9066,#9067);
#7738=AXIS2_PLACEMENT_3D('',#11370,#9070,#9071);
#7739=AXIS2_PLACEMENT_3D('',#11376,#9074,#9075);
#7740=AXIS2_PLACEMENT_3D('',#11382,#9078,#9079);
#7741=AXIS2_PLACEMENT_3D('',#11386,#9082,#9083);
#7742=AXIS2_PLACEMENT_3D('',#11393,#9088,#9089);
#7743=AXIS2_PLACEMENT_3D('',#11394,#9090,#9091);
#7744=AXIS2_PLACEMENT_3D('',#11398,#9094,#9095);
#7745=AXIS2_PLACEMENT_3D('',#11405,#9100,#9101);
#7746=AXIS2_PLACEMENT_3D('',#11408,#9102,#9103);
#7747=AXIS2_PLACEMENT_3D('',#11414,#9106,#9107);
#7748=AXIS2_PLACEMENT_3D('',#11420,#9110,#9111);
#7749=AXIS2_PLACEMENT_3D('',#11426,#9114,#9115);
#7750=AXIS2_PLACEMENT_3D('',#11429,#9118,#9119);
#7751=AXIS2_PLACEMENT_3D('',#11433,#9121,#9122);
#7752=AXIS2_PLACEMENT_3D('',#11435,#9124,#9125);
#7753=AXIS2_PLACEMENT_3D('',#11437,#9127,#9128);
#7754=AXIS2_PLACEMENT_3D('',#11443,#9131,#9132);
#7755=AXIS2_PLACEMENT_3D('',#11449,#9135,#9136);
#7756=AXIS2_PLACEMENT_3D('',#11455,#9139,#9140);
#7757=AXIS2_PLACEMENT_3D('',#11459,#9143,#9144);
#7758=AXIS2_PLACEMENT_3D('',#11461,#9146,#9147);
#7759=AXIS2_PLACEMENT_3D('',#11463,#9149,#9150);
#7760=AXIS2_PLACEMENT_3D('',#11465,#9152,#9153);
#7761=AXIS2_PLACEMENT_3D('',#11467,#9155,#9156);
#7762=AXIS2_PLACEMENT_3D('',#11469,#9158,#9159);
#7763=AXIS2_PLACEMENT_3D('',#11471,#9161,#9162);
#7764=AXIS2_PLACEMENT_3D('',#11473,#9164,#9165);
#7765=AXIS2_PLACEMENT_3D('',#11475,#9167,#9168);
#7766=AXIS2_PLACEMENT_3D('',#11477,#9170,#9171);
#7767=AXIS2_PLACEMENT_3D('',#11480,#9174,#9175);
#7768=AXIS2_PLACEMENT_3D('',#11481,#9176,#9177);
#7769=AXIS2_PLACEMENT_3D('',#11483,#9179,#9180);
#7770=AXIS2_PLACEMENT_3D('',#11486,#9183,#9184);
#7771=AXIS2_PLACEMENT_3D('',#11487,#9185,#9186);
#7772=AXIS2_PLACEMENT_3D('',#11491,#9188,#9189);
#7773=AXIS2_PLACEMENT_3D('',#11497,#9192,#9193);
#7774=AXIS2_PLACEMENT_3D('',#11503,#9196,#9197);
#7775=AXIS2_PLACEMENT_3D('',#11508,#9200,#9201);
#7776=AXIS2_PLACEMENT_3D('',#11509,#9202,#9203);
#7777=AXIS2_PLACEMENT_3D('',#11511,#9205,#9206);
#7778=AXIS2_PLACEMENT_3D('',#11513,#9208,#9209);
#7779=AXIS2_PLACEMENT_3D('',#11515,#9211,#9212);
#7780=AXIS2_PLACEMENT_3D('',#11517,#9214,#9215);
#7781=AXIS2_PLACEMENT_3D('',#11519,#9217,#9218);
#7782=AXIS2_PLACEMENT_3D('',#11521,#9220,#9221);
#7783=AXIS2_PLACEMENT_3D('',#11523,#9223,#9224);
#7784=AXIS2_PLACEMENT_3D('',#11525,#9226,#9227);
#7785=AXIS2_PLACEMENT_3D('',#11527,#9229,#9230);
#7786=AXIS2_PLACEMENT_3D('',#11529,#9232,#9233);
#7787=AXIS2_PLACEMENT_3D('',#11530,#9234,#9235);
#7788=AXIS2_PLACEMENT_3D('',#11532,#9237,#9238);
#7789=AXIS2_PLACEMENT_3D('',#11533,#9239,#9240);
#7790=AXIS2_PLACEMENT_3D('',#11534,#9241,#9242);
#7791=AXIS2_PLACEMENT_3D('',#11535,#9243,#9244);
#7792=AXIS2_PLACEMENT_3D('',#11536,#9245,#9246);
#7793=AXIS2_PLACEMENT_3D('',#11544,#9251,#9252);
#7794=AXIS2_PLACEMENT_3D('',#11548,#9255,#9256);
#7795=AXIS2_PLACEMENT_3D('',#11554,#9260,#9261);
#7796=AXIS2_PLACEMENT_3D('',#11556,#9263,#9264);
#7797=AXIS2_PLACEMENT_3D('',#11558,#9266,#9267);
#7798=AXIS2_PLACEMENT_3D('',#11559,#9268,#9269);
#7799=AXIS2_PLACEMENT_3D('',#11561,#9271,#9272);
#7800=AXIS2_PLACEMENT_3D('',#11565,#9275,#9276);
#7801=AXIS2_PLACEMENT_3D('',#11569,#9279,#9280);
#7802=AXIS2_PLACEMENT_3D('',#11574,#9284,#9285);
#7803=AXIS2_PLACEMENT_3D('',#11575,#9286,#9287);
#7804=AXIS2_PLACEMENT_3D('',#11579,#9290,#9291);
#7805=AXIS2_PLACEMENT_3D('',#11585,#9295,#9296);
#7806=AXIS2_PLACEMENT_3D('',#11587,#9298,#9299);
#7807=AXIS2_PLACEMENT_3D('',#11589,#9301,#9302);
#7808=AXIS2_PLACEMENT_3D('',#11590,#9303,#9304);
#7809=AXIS2_PLACEMENT_3D('',#11598,#9309,#9310);
#7810=AXIS2_PLACEMENT_3D('',#11604,#9314,#9315);
#7811=AXIS2_PLACEMENT_3D('',#11609,#9319,#9320);
#7812=AXIS2_PLACEMENT_3D('',#11611,#9322,#9323);
#7813=AXIS2_PLACEMENT_3D('',#11612,#9324,#9325);
#7814=AXIS2_PLACEMENT_3D('',#11613,#9326,#9327);
#7815=AXIS2_PLACEMENT_3D('',#11619,#9331,#9332);
#7816=AXIS2_PLACEMENT_3D('',#11623,#9335,#9336);
#7817=AXIS2_PLACEMENT_3D('',#11627,#9339,#9340);
#7818=AXIS2_PLACEMENT_3D('',#11633,#9344,#9345);
#7819=AXIS2_PLACEMENT_3D('',#11635,#9347,#9348);
#7820=AXIS2_PLACEMENT_3D('',#11637,#9350,#9351);
#7821=AXIS2_PLACEMENT_3D('',#11638,#9352,#9353);
#7822=AXIS2_PLACEMENT_3D('',#11644,#9357,#9358);
#7823=AXIS2_PLACEMENT_3D('',#11662,#9368,#9369);
#7824=AXIS2_PLACEMENT_3D('',#11665,#9372,#9373);
#7825=AXIS2_PLACEMENT_3D('',#11667,#9375,#9376);
#7826=AXIS2_PLACEMENT_3D('',#11668,#9377,#9378);
#7827=AXIS2_PLACEMENT_3D('',#11670,#9380,#9381);
#7828=AXIS2_PLACEMENT_3D('',#11671,#9382,#9383);
#7829=AXIS2_PLACEMENT_3D('',#11676,#9385,#9386);
#7830=AXIS2_PLACEMENT_3D('',#11681,#9389,#9390);
#7831=AXIS2_PLACEMENT_3D('',#11685,#9393,#9394);
#7832=AXIS2_PLACEMENT_3D('',#11691,#9398,#9399);
#7833=AXIS2_PLACEMENT_3D('',#11696,#9401,#9402);
#7834=AXIS2_PLACEMENT_3D('',#11700,#9405,#9406);
#7835=AXIS2_PLACEMENT_3D('',#11702,#9408,#9409);
#7836=AXIS2_PLACEMENT_3D('',#11705,#9412,#9413);
#7837=AXIS2_PLACEMENT_3D('',#11714,#9418,#9419);
#7838=AXIS2_PLACEMENT_3D('',#11715,#9420,#9421);
#7839=AXIS2_PLACEMENT_3D('',#11719,#9423,#9424);
#7840=AXIS2_PLACEMENT_3D('',#11727,#9428,#9429);
#7841=AXIS2_PLACEMENT_3D('',#11729,#9431,#9432);
#7842=AXIS2_PLACEMENT_3D('',#11733,#9435,#9436);
#7843=AXIS2_PLACEMENT_3D('',#11737,#9438,#9439);
#7844=AXIS2_PLACEMENT_3D('',#11744,#9443,#9444);
#7845=AXIS2_PLACEMENT_3D('',#11745,#9445,#9446);
#7846=AXIS2_PLACEMENT_3D('',#11747,#9448,#9449);
#7847=AXIS2_PLACEMENT_3D('',#11749,#9451,#9452);
#7848=AXIS2_PLACEMENT_3D('',#11751,#9454,#9455);
#7849=AXIS2_PLACEMENT_3D('',#11765,#9463,#9464);
#7850=AXIS2_PLACEMENT_3D('',#11768,#9467,#9468);
#7851=AXIS2_PLACEMENT_3D('',#11770,#9470,#9471);
#7852=AXIS2_PLACEMENT_3D('',#11772,#9473,#9474);
#7853=AXIS2_PLACEMENT_3D('',#11774,#9476,#9477);
#7854=AXIS2_PLACEMENT_3D('',#11776,#9479,#9480);
#7855=AXIS2_PLACEMENT_3D('',#11777,#9481,#9482);
#7856=AXIS2_PLACEMENT_3D('',#11779,#9484,#9485);
#7857=AXIS2_PLACEMENT_3D('',#11780,#9486,#9487);
#7858=AXIS2_PLACEMENT_3D('',#11782,#9489,#9490);
#7859=AXIS2_PLACEMENT_3D('',#11783,#9491,#9492);
#7860=AXIS2_PLACEMENT_3D('',#11785,#9494,#9495);
#7861=AXIS2_PLACEMENT_3D('',#11786,#9496,#9497);
#7862=AXIS2_PLACEMENT_3D('',#11792,#9501,#9502);
#7863=AXIS2_PLACEMENT_3D('',#11796,#9505,#9506);
#7864=AXIS2_PLACEMENT_3D('',#11800,#9509,#9510);
#7865=AXIS2_PLACEMENT_3D('',#11804,#9513,#9514);
#7866=AXIS2_PLACEMENT_3D('',#11808,#9517,#9518);
#7867=AXIS2_PLACEMENT_3D('',#11812,#9521,#9522);
#7868=AXIS2_PLACEMENT_3D('',#11816,#9525,#9526);
#7869=AXIS2_PLACEMENT_3D('',#11820,#9529,#9530);
#7870=AXIS2_PLACEMENT_3D('',#11824,#9533,#9534);
#7871=AXIS2_PLACEMENT_3D('',#11828,#9537,#9538);
#7872=AXIS2_PLACEMENT_3D('',#11832,#9541,#9542);
#7873=AXIS2_PLACEMENT_3D('',#11836,#9545,#9546);
#7874=AXIS2_PLACEMENT_3D('',#11838,#9548,#9549);
#7875=AXIS2_PLACEMENT_3D('',#11839,#9550,#9551);
#7876=AXIS2_PLACEMENT_3D('',#11845,#9555,#9556);
#7877=AXIS2_PLACEMENT_3D('',#11855,#9562,#9563);
#7878=AXIS2_PLACEMENT_3D('',#11857,#9565,#9566);
#7879=AXIS2_PLACEMENT_3D('',#11859,#9568,#9569);
#7880=AXIS2_PLACEMENT_3D('',#11861,#9571,#9572);
#7881=AXIS2_PLACEMENT_3D('',#11863,#9574,#9575);
#7882=AXIS2_PLACEMENT_3D('',#11864,#9576,#9577);
#7883=AXIS2_PLACEMENT_3D('',#11868,#9580,#9581);
#7884=AXIS2_PLACEMENT_3D('',#11870,#9582,#9583);
#7885=AXIS2_PLACEMENT_3D('',#11872,#9585,#9586);
#7886=AXIS2_PLACEMENT_3D('',#11874,#9588,#9589);
#7887=AXIS2_PLACEMENT_3D('',#11875,#9590,#9591);
#7888=AXIS2_PLACEMENT_3D('',#11881,#9595,#9596);
#7889=AXIS2_PLACEMENT_3D('',#11885,#9599,#9600);
#7890=AXIS2_PLACEMENT_3D('',#11889,#9603,#9604);
#7891=AXIS2_PLACEMENT_3D('',#11891,#9605,#9606);
#7892=AXIS2_PLACEMENT_3D('',#11893,#9608,#9609);
#7893=AXIS2_PLACEMENT_3D('',#11897,#9612,#9613);
#7894=AXIS2_PLACEMENT_3D('',#11898,#9614,#9615);
#7895=AXIS2_PLACEMENT_3D('',#11899,#9616,#9617);
#7896=AXIS2_PLACEMENT_3D('',#11900,#9618,#9619);
#7897=AXIS2_PLACEMENT_3D('',#11902,#9620,#9621);
#7898=AXIS2_PLACEMENT_3D('',#11904,#9622,#9623);
#7899=AXIS2_PLACEMENT_3D('',#11905,#9624,#9625);
#7900=AXIS2_PLACEMENT_3D('',#11906,#9626,#9627);
#7901=AXIS2_PLACEMENT_3D('',#11909,#9629,#9630);
#7902=AXIS2_PLACEMENT_3D('',#11910,#9631,#9632);
#7903=AXIS2_PLACEMENT_3D('',#11912,#9633,#9634);
#7904=AXIS2_PLACEMENT_3D('',#11913,#9635,#9636);
#7905=AXIS2_PLACEMENT_3D('',#11914,#9637,#9638);
#7906=AXIS2_PLACEMENT_3D('',#11917,#9640,#9641);
#7907=AXIS2_PLACEMENT_3D('',#11918,#9642,#9643);
#7908=AXIS2_PLACEMENT_3D('',#11920,#9644,#9645);
#7909=AXIS2_PLACEMENT_3D('',#11921,#9646,#9647);
#7910=AXIS2_PLACEMENT_3D('',#11922,#9648,#9649);
#7911=AXIS2_PLACEMENT_3D('',#11925,#9651,#9652);
#7912=AXIS2_PLACEMENT_3D('',#11926,#9653,#9654);
#7913=AXIS2_PLACEMENT_3D('',#11928,#9655,#9656);
#7914=AXIS2_PLACEMENT_3D('',#11929,#9657,#9658);
#7915=AXIS2_PLACEMENT_3D('',#11930,#9659,#9660);
#7916=AXIS2_PLACEMENT_3D('',#11932,#9662,#9663);
#7917=AXIS2_PLACEMENT_3D('',#11933,#9664,#9665);
#7918=AXIS2_PLACEMENT_3D('',#11935,#9666,#9667);
#7919=AXIS2_PLACEMENT_3D('',#11937,#9668,#9669);
#7920=AXIS2_PLACEMENT_3D('',#11938,#9670,#9671);
#7921=AXIS2_PLACEMENT_3D('',#11939,#9672,#9673);
#7922=AXIS2_PLACEMENT_3D('',#11942,#9675,#9676);
#7923=AXIS2_PLACEMENT_3D('',#11943,#9677,#9678);
#7924=AXIS2_PLACEMENT_3D('',#11945,#9679,#9680);
#7925=AXIS2_PLACEMENT_3D('',#11946,#9681,#9682);
#7926=AXIS2_PLACEMENT_3D('',#11947,#9683,#9684);
#7927=AXIS2_PLACEMENT_3D('',#11950,#9686,#9687);
#7928=AXIS2_PLACEMENT_3D('',#11951,#9688,#9689);
#7929=AXIS2_PLACEMENT_3D('',#11953,#9690,#9691);
#7930=AXIS2_PLACEMENT_3D('',#11954,#9692,#9693);
#7931=AXIS2_PLACEMENT_3D('',#11955,#9694,#9695);
#7932=AXIS2_PLACEMENT_3D('',#11958,#9697,#9698);
#7933=AXIS2_PLACEMENT_3D('',#11959,#9699,#9700);
#7934=AXIS2_PLACEMENT_3D('',#11961,#9701,#9702);
#7935=AXIS2_PLACEMENT_3D('',#11962,#9703,#9704);
#7936=AXIS2_PLACEMENT_3D('',#11963,#9705,#9706);
#7937=AXIS2_PLACEMENT_3D('',#11965,#9708,#9709);
#7938=AXIS2_PLACEMENT_3D('',#11966,#9710,#9711);
#7939=AXIS2_PLACEMENT_3D('',#11968,#9712,#9713);
#7940=AXIS2_PLACEMENT_3D('',#11970,#9714,#9715);
#7941=AXIS2_PLACEMENT_3D('',#11971,#9716,#9717);
#7942=AXIS2_PLACEMENT_3D('',#11972,#9718,#9719);
#7943=AXIS2_PLACEMENT_3D('',#11975,#9721,#9722);
#7944=AXIS2_PLACEMENT_3D('',#11976,#9723,#9724);
#7945=AXIS2_PLACEMENT_3D('',#11978,#9725,#9726);
#7946=AXIS2_PLACEMENT_3D('',#11979,#9727,#9728);
#7947=AXIS2_PLACEMENT_3D('',#11980,#9729,#9730);
#7948=AXIS2_PLACEMENT_3D('',#11983,#9732,#9733);
#7949=AXIS2_PLACEMENT_3D('',#11984,#9734,#9735);
#7950=AXIS2_PLACEMENT_3D('',#11986,#9736,#9737);
#7951=AXIS2_PLACEMENT_3D('',#11987,#9738,#9739);
#7952=AXIS2_PLACEMENT_3D('',#11988,#9740,#9741);
#7953=AXIS2_PLACEMENT_3D('',#11991,#9743,#9744);
#7954=AXIS2_PLACEMENT_3D('',#11992,#9745,#9746);
#7955=AXIS2_PLACEMENT_3D('',#11994,#9747,#9748);
#7956=AXIS2_PLACEMENT_3D('',#11995,#9749,#9750);
#7957=AXIS2_PLACEMENT_3D('',#11996,#9751,#9752);
#7958=AXIS2_PLACEMENT_3D('',#11998,#9754,#9755);
#7959=AXIS2_PLACEMENT_3D('',#11999,#9756,#9757);
#7960=AXIS2_PLACEMENT_3D('',#12010,#9762,#9763);
#7961=AXIS2_PLACEMENT_3D('',#12015,#9766,#9767);
#7962=AXIS2_PLACEMENT_3D('',#12021,#9770,#9771);
#7963=AXIS2_PLACEMENT_3D('',#12025,#9773,#9774);
#7964=AXIS2_PLACEMENT_3D('',#12031,#9777,#9778);
#7965=AXIS2_PLACEMENT_3D('',#12035,#9780,#9781);
#7966=AXIS2_PLACEMENT_3D('',#12037,#9783,#9784);
#7967=AXIS2_PLACEMENT_3D('',#12043,#9788,#9789);
#7968=AXIS2_PLACEMENT_3D('',#12052,#9794,#9795);
#7969=AXIS2_PLACEMENT_3D('',#12056,#9798,#9799);
#7970=AXIS2_PLACEMENT_3D('',#12058,#9800,#9801);
#7971=AXIS2_PLACEMENT_3D('',#12062,#9803,#9804);
#7972=AXIS2_PLACEMENT_3D('',#12068,#9807,#9808);
#7973=AXIS2_PLACEMENT_3D('',#12072,#9810,#9811);
#7974=AXIS2_PLACEMENT_3D('',#12078,#9814,#9815);
#7975=AXIS2_PLACEMENT_3D('',#12083,#9818,#9819);
#7976=AXIS2_PLACEMENT_3D('',#12089,#9823,#9824);
#7977=AXIS2_PLACEMENT_3D('',#12091,#9826,#9827);
#7978=AXIS2_PLACEMENT_3D('',#12097,#9831,#9832);
#7979=AXIS2_PLACEMENT_3D('',#12099,#9834,#9835);
#7980=AXIS2_PLACEMENT_3D('',#12105,#9839,#9840);
#7981=AXIS2_PLACEMENT_3D('',#12107,#9842,#9843);
#7982=AXIS2_PLACEMENT_3D('',#12109,#9845,#9846);
#7983=AXIS2_PLACEMENT_3D('',#12110,#9847,#9848);
#7984=AXIS2_PLACEMENT_3D('',#12114,#9850,#9851);
#7985=AXIS2_PLACEMENT_3D('',#12118,#9853,#9854);
#7986=AXIS2_PLACEMENT_3D('',#12124,#9857,#9858);
#7987=AXIS2_PLACEMENT_3D('',#12128,#9860,#9861);
#7988=AXIS2_PLACEMENT_3D('',#12134,#9864,#9865);
#7989=AXIS2_PLACEMENT_3D('',#12139,#9868,#9869);
#7990=AXIS2_PLACEMENT_3D('',#12141,#9871,#9872);
#7991=AXIS2_PLACEMENT_3D('',#12145,#9875,#9876);
#7992=AXIS2_PLACEMENT_3D('',#12147,#9877,#9878);
#7993=AXIS2_PLACEMENT_3D('',#12152,#9881,#9882);
#7994=AXIS2_PLACEMENT_3D('',#12158,#9885,#9886);
#7995=AXIS2_PLACEMENT_3D('',#12162,#9888,#9889);
#7996=AXIS2_PLACEMENT_3D('',#12168,#9892,#9893);
#7997=AXIS2_PLACEMENT_3D('',#12172,#9895,#9896);
#7998=AXIS2_PLACEMENT_3D('',#12174,#9898,#9899);
#7999=AXIS2_PLACEMENT_3D('',#12176,#9901,#9902);
#8000=AXIS2_PLACEMENT_3D('',#12178,#9904,#9905);
#8001=AXIS2_PLACEMENT_3D('',#12180,#9907,#9908);
#8002=AXIS2_PLACEMENT_3D('',#12182,#9910,#9911);
#8003=AXIS2_PLACEMENT_3D('',#12184,#9913,#9914);
#8004=AXIS2_PLACEMENT_3D('',#12186,#9916,#9917);
#8005=AXIS2_PLACEMENT_3D('',#12188,#9919,#9920);
#8006=AXIS2_PLACEMENT_3D('',#12190,#9922,#9923);
#8007=AXIS2_PLACEMENT_3D('',#12192,#9925,#9926);
#8008=AXIS2_PLACEMENT_3D('',#12194,#9928,#9929);
#8009=AXIS2_PLACEMENT_3D('',#12196,#9931,#9932);
#8010=AXIS2_PLACEMENT_3D('',#12198,#9934,#9935);
#8011=AXIS2_PLACEMENT_3D('',#12199,#9936,#9937);
#8012=AXIS2_PLACEMENT_3D('',#12201,#9939,#9940);
#8013=AXIS2_PLACEMENT_3D('',#12202,#9941,#9942);
#8014=AXIS2_PLACEMENT_3D('',#12204,#9944,#9945);
#8015=AXIS2_PLACEMENT_3D('',#12206,#9947,#9948);
#8016=AXIS2_PLACEMENT_3D('',#12208,#9950,#9951);
#8017=AXIS2_PLACEMENT_3D('',#12210,#9953,#9954);
#8018=AXIS2_PLACEMENT_3D('',#12212,#9956,#9957);
#8019=AXIS2_PLACEMENT_3D('',#12214,#9959,#9960);
#8020=AXIS2_PLACEMENT_3D('',#12216,#9962,#9963);
#8021=AXIS2_PLACEMENT_3D('',#12218,#9965,#9966);
#8022=AXIS2_PLACEMENT_3D('',#12220,#9968,#9969);
#8023=AXIS2_PLACEMENT_3D('',#12222,#9971,#9972);
#8024=AXIS2_PLACEMENT_3D('',#12224,#9974,#9975);
#8025=AXIS2_PLACEMENT_3D('',#12225,#9976,#9977);
#8026=AXIS2_PLACEMENT_3D('',#12227,#9978,#9979);
#8027=AXIS2_PLACEMENT_3D('',#12230,#9981,#9982);
#8028=AXIS2_PLACEMENT_3D('',#12231,#9983,#9984);
#8029=AXIS2_PLACEMENT_3D('',#12233,#9985,#9986);
#8030=AXIS2_PLACEMENT_3D('',#12234,#9987,#9988);
#8031=AXIS2_PLACEMENT_3D('',#12235,#9989,#9990);
#8032=AXIS2_PLACEMENT_3D('',#12238,#9992,#9993);
#8033=AXIS2_PLACEMENT_3D('',#12239,#9994,#9995);
#8034=AXIS2_PLACEMENT_3D('',#12241,#9996,#9997);
#8035=AXIS2_PLACEMENT_3D('',#12242,#9998,#9999);
#8036=AXIS2_PLACEMENT_3D('',#12243,#10000,#10001);
#8037=AXIS2_PLACEMENT_3D('',#12246,#10003,#10004);
#8038=AXIS2_PLACEMENT_3D('',#12247,#10005,#10006);
#8039=AXIS2_PLACEMENT_3D('',#12249,#10007,#10008);
#8040=AXIS2_PLACEMENT_3D('',#12250,#10009,#10010);
#8041=AXIS2_PLACEMENT_3D('',#12251,#10011,#10012);
#8042=AXIS2_PLACEMENT_3D('',#12254,#10014,#10015);
#8043=AXIS2_PLACEMENT_3D('',#12255,#10016,#10017);
#8044=AXIS2_PLACEMENT_3D('',#12256,#10018,#10019);
#8045=AXIS2_PLACEMENT_3D('',#12257,#10020,#10021);
#8046=AXIS2_PLACEMENT_3D('',#12258,#10022,#10023);
#8047=AXIS2_PLACEMENT_3D('',#12260,#10024,#10025);
#8048=AXIS2_PLACEMENT_3D('',#12262,#10026,#10027);
#8049=AXIS2_PLACEMENT_3D('',#12263,#10028,#10029);
#8050=AXIS2_PLACEMENT_3D('',#12264,#10030,#10031);
#8051=AXIS2_PLACEMENT_3D('',#12267,#10033,#10034);
#8052=AXIS2_PLACEMENT_3D('',#12268,#10035,#10036);
#8053=AXIS2_PLACEMENT_3D('',#12270,#10037,#10038);
#8054=AXIS2_PLACEMENT_3D('',#12271,#10039,#10040);
#8055=AXIS2_PLACEMENT_3D('',#12272,#10041,#10042);
#8056=AXIS2_PLACEMENT_3D('',#12275,#10044,#10045);
#8057=AXIS2_PLACEMENT_3D('',#12276,#10046,#10047);
#8058=AXIS2_PLACEMENT_3D('',#12278,#10048,#10049);
#8059=AXIS2_PLACEMENT_3D('',#12279,#10050,#10051);
#8060=AXIS2_PLACEMENT_3D('',#12280,#10052,#10053);
#8061=AXIS2_PLACEMENT_3D('',#12283,#10055,#10056);
#8062=AXIS2_PLACEMENT_3D('',#12284,#10057,#10058);
#8063=AXIS2_PLACEMENT_3D('',#12286,#10059,#10060);
#8064=AXIS2_PLACEMENT_3D('',#12287,#10061,#10062);
#8065=AXIS2_PLACEMENT_3D('',#12288,#10063,#10064);
#8066=AXIS2_PLACEMENT_3D('',#12290,#10066,#10067);
#8067=AXIS2_PLACEMENT_3D('',#12291,#10068,#10069);
#8068=AXIS2_PLACEMENT_3D('',#12293,#10070,#10071);
#8069=AXIS2_PLACEMENT_3D('',#12295,#10072,#10073);
#8070=AXIS2_PLACEMENT_3D('',#12296,#10074,#10075);
#8071=AXIS2_PLACEMENT_3D('',#12297,#10076,#10077);
#8072=AXIS2_PLACEMENT_3D('',#12300,#10079,#10080);
#8073=AXIS2_PLACEMENT_3D('',#12301,#10081,#10082);
#8074=AXIS2_PLACEMENT_3D('',#12303,#10083,#10084);
#8075=AXIS2_PLACEMENT_3D('',#12304,#10085,#10086);
#8076=AXIS2_PLACEMENT_3D('',#12305,#10087,#10088);
#8077=AXIS2_PLACEMENT_3D('',#12308,#10090,#10091);
#8078=AXIS2_PLACEMENT_3D('',#12309,#10092,#10093);
#8079=AXIS2_PLACEMENT_3D('',#12311,#10094,#10095);
#8080=AXIS2_PLACEMENT_3D('',#12312,#10096,#10097);
#8081=AXIS2_PLACEMENT_3D('',#12313,#10098,#10099);
#8082=AXIS2_PLACEMENT_3D('',#12316,#10101,#10102);
#8083=AXIS2_PLACEMENT_3D('',#12317,#10103,#10104);
#8084=AXIS2_PLACEMENT_3D('',#12319,#10105,#10106);
#8085=AXIS2_PLACEMENT_3D('',#12320,#10107,#10108);
#8086=AXIS2_PLACEMENT_3D('',#12321,#10109,#10110);
#8087=AXIS2_PLACEMENT_3D('',#12323,#10112,#10113);
#8088=AXIS2_PLACEMENT_3D('',#12324,#10114,#10115);
#8089=AXIS2_PLACEMENT_3D('',#12326,#10116,#10117);
#8090=AXIS2_PLACEMENT_3D('',#12329,#10119,#10120);
#8091=AXIS2_PLACEMENT_3D('',#12330,#10121,#10122);
#8092=AXIS2_PLACEMENT_3D('',#12332,#10123,#10124);
#8093=AXIS2_PLACEMENT_3D('',#12333,#10125,#10126);
#8094=AXIS2_PLACEMENT_3D('',#12334,#10127,#10128);
#8095=AXIS2_PLACEMENT_3D('',#12337,#10130,#10131);
#8096=AXIS2_PLACEMENT_3D('',#12338,#10132,#10133);
#8097=AXIS2_PLACEMENT_3D('',#12340,#10134,#10135);
#8098=AXIS2_PLACEMENT_3D('',#12341,#10136,#10137);
#8099=AXIS2_PLACEMENT_3D('',#12342,#10138,#10139);
#8100=AXIS2_PLACEMENT_3D('',#12345,#10141,#10142);
#8101=AXIS2_PLACEMENT_3D('',#12346,#10143,#10144);
#8102=AXIS2_PLACEMENT_3D('',#12348,#10145,#10146);
#8103=AXIS2_PLACEMENT_3D('',#12349,#10147,#10148);
#8104=AXIS2_PLACEMENT_3D('',#12350,#10149,#10150);
#8105=AXIS2_PLACEMENT_3D('',#12353,#10152,#10153);
#8106=AXIS2_PLACEMENT_3D('',#12354,#10154,#10155);
#8107=AXIS2_PLACEMENT_3D('',#12355,#10156,#10157);
#8108=AXIS2_PLACEMENT_3D('',#12356,#10158,#10159);
#8109=AXIS2_PLACEMENT_3D('',#12357,#10160,#10161);
#8110=AXIS2_PLACEMENT_3D('',#12360,#10162,#10163);
#8111=AXIS2_PLACEMENT_3D('',#12361,#10164,#10165);
#8112=AXIS2_PLACEMENT_3D('',#12362,#10166,#10167);
#8113=AXIS2_PLACEMENT_3D('',#12363,#10168,#10169);
#8114=AXIS2_PLACEMENT_3D('',#12366,#10170,#10171);
#8115=AXIS2_PLACEMENT_3D('',#12370,#10173,#10174);
#8116=AXIS2_PLACEMENT_3D('',#12375,#10177,#10178);
#8117=AXIS2_PLACEMENT_3D('',#12377,#10180,#10181);
#8118=AXIS2_PLACEMENT_3D('',#12378,#10182,#10183);
#8119=AXIS2_PLACEMENT_3D('',#12379,#10184,#10185);
#8120=AXIS2_PLACEMENT_3D('',#12380,#10186,#10187);
#8121=AXIS2_PLACEMENT_3D('',#12381,#10188,#10189);
#8122=AXIS2_PLACEMENT_3D('',#12382,#10190,#10191);
#8123=AXIS2_PLACEMENT_3D('',#12383,#10192,#10193);
#8124=AXIS2_PLACEMENT_3D('',#12384,#10194,#10195);
#8125=AXIS2_PLACEMENT_3D('',#12385,#10196,#10197);
#8126=AXIS2_PLACEMENT_3D('',#12386,#10198,#10199);
#8127=AXIS2_PLACEMENT_3D('',#12387,#10200,#10201);
#8128=AXIS2_PLACEMENT_3D('',#12388,#10202,#10203);
#8129=AXIS2_PLACEMENT_3D('',#12389,#10204,#10205);
#8130=DIRECTION('axis',(0.,0.,1.));
#8131=DIRECTION('refdir',(1.,0.,0.));
#8132=DIRECTION('center_axis',(0.0174524064372798,-2.13730336808334E-18,
0.999847695156391));
#8133=DIRECTION('ref_axis',(0.999847695156391,-1.22446027950813E-16,-0.0174524064372798));
#8134=DIRECTION('',(0.999695459881888,-0.0174497491606799,-0.0174497491606798));
#8135=DIRECTION('',(-0.999695459881888,-0.0174497491606797,0.0174497491606798));
#8136=DIRECTION('',(1.22464679914735E-16,1.,0.));
#8137=DIRECTION('',(0.999847695156391,-1.22446027950813E-16,-0.0174524064372798));
#8138=DIRECTION('',(2.72704023146485E-13,-1.,0.));
#8139=DIRECTION('center_axis',(0.01745240643728,0.999847695156391,0.));
#8140=DIRECTION('ref_axis',(0.999847695156391,-0.01745240643728,1.49259570690011E-32));
#8141=DIRECTION('',(0.999847695156391,-0.01745240643728,1.53082862410981E-32));
#8142=DIRECTION('',(-0.999695459881887,0.0174497491606799,0.0174497491606798));
#8143=DIRECTION('',(-1.49975978266186E-32,0.,1.));
#8144=DIRECTION('',(-0.999695459881888,0.0174497491606799,-0.0174497491606798));
#8145=DIRECTION('',(4.067352665342E-14,-4.97821101951765E-30,-1.));
#8146=DIRECTION('center_axis',(-1.,1.22464679914735E-16,-1.49975978266186E-32));
#8147=DIRECTION('ref_axis',(-1.22464679914735E-16,-1.,0.));
#8148=DIRECTION('',(1.22464679914735E-16,1.,0.));
#8149=DIRECTION('',(1.49975978266186E-32,0.,-1.));
#8150=DIRECTION('',(-1.22464679914735E-16,-1.,0.));
#8151=DIRECTION('',(1.49975978266186E-32,0.,-1.));
#8152=DIRECTION('',(1.22464679914735E-16,1.,0.));
#8153=DIRECTION('',(1.49975978266186E-32,0.,-1.));
#8154=DIRECTION('',(-1.22464679914735E-16,-1.,0.));
#8155=DIRECTION('',(-1.49975978266186E-32,0.,1.));
#8156=DIRECTION('',(1.22464679914735E-16,1.,0.));
#8157=DIRECTION('',(1.49975978266186E-32,0.,-1.));
#8158=DIRECTION('',(1.22464679914735E-16,1.,0.));
#8159=DIRECTION('',(-1.49975978266186E-32,0.,1.));
#8160=DIRECTION('',(-1.22464679914735E-16,-1.,0.));
#8161=DIRECTION('',(1.49975978266186E-32,0.,-1.));
#8162=DIRECTION('',(-1.22464679914735E-16,-1.,0.));
#8163=DIRECTION('',(-4.067352665342E-14,4.97821101951765E-30,-1.));
#8164=DIRECTION('',(2.26869387674734E-30,1.840282668023E-14,-1.));
#8165=DIRECTION('',(1.49975978266186E-32,0.,-1.));
#8166=DIRECTION('',(-2.2386986810941E-30,-1.840282668023E-14,-1.));
#8167=DIRECTION('',(-1.22464679914735E-16,-1.,0.));
#8168=DIRECTION('',(-1.49975978266186E-32,0.,1.));
#8169=DIRECTION('',(-1.22464679914735E-16,-1.,0.));
#8170=DIRECTION('',(1.49975978266186E-32,0.,-1.));
#8171=DIRECTION('',(1.22464679914735E-16,1.,0.));
#8172=DIRECTION('',(-1.49975978266186E-32,0.,1.));
#8173=DIRECTION('',(1.22464679914735E-16,1.,0.));
#8174=DIRECTION('',(-1.49975978266186E-32,0.,1.));
#8175=DIRECTION('',(-1.22464679914735E-16,-1.,0.));
#8176=DIRECTION('',(-1.49975978266186E-32,0.,1.));
#8177=DIRECTION('',(1.22464679914735E-16,1.,0.));
#8178=DIRECTION('',(-1.49975978266186E-32,0.,1.));
#8179=DIRECTION('',(-1.22464679914735E-16,-1.,0.));
#8180=DIRECTION('',(-1.49975978266186E-32,0.,1.));
#8181=DIRECTION('',(-1.22464679914735E-16,-1.,0.));
#8182=DIRECTION('',(1.49975978266186E-32,0.,-1.));
#8183=DIRECTION('',(1.22464679914735E-16,1.,0.));
#8184=DIRECTION('',(1.49975978266186E-32,0.,-1.));
#8185=DIRECTION('',(-1.22464679914735E-16,-1.,0.));
#8186=DIRECTION('',(-4.067352665342E-14,4.97821101951765E-30,1.));
#8187=DIRECTION('',(-1.49975978266186E-32,0.,1.));
#8188=DIRECTION('',(-1.49975978266186E-32,0.,1.));
#8189=DIRECTION('',(-1.49975978266186E-32,0.,1.));
#8190=DIRECTION('',(-4.180334683824E-14,5.11540581139412E-30,-1.));
#8191=DIRECTION('',(-1.22464679914735E-16,-1.,0.));
#8192=DIRECTION('',(1.49975978266186E-32,0.,-1.));
#8193=DIRECTION('',(1.22464679914735E-16,1.,0.));
#8194=DIRECTION('',(-1.49975978266186E-32,0.,1.));
#8195=DIRECTION('center_axis',(-1.,1.22464679914735E-16,-1.49975978266186E-32));
#8196=DIRECTION('ref_axis',(1.49975978266186E-32,0.,-1.));
#8197=DIRECTION('',(1.49975978266186E-32,0.,-1.));
#8198=DIRECTION('center_axis',(-1.,1.22464679914735E-16,-1.49975978266186E-32));
#8199=DIRECTION('ref_axis',(-1.22464679914735E-16,-1.,0.));
#8200=DIRECTION('',(-1.22464679914735E-16,-1.,0.));
#8201=DIRECTION('center_axis',(-1.,1.22464679914735E-16,-1.49975978266186E-32));
#8202=DIRECTION('ref_axis',(-1.49975978266186E-32,0.,1.));
#8203=DIRECTION('',(-1.49975978266186E-32,0.,1.));
#8204=DIRECTION('center_axis',(-1.,1.22464679914735E-16,-1.49975978266186E-32));
#8205=DIRECTION('ref_axis',(1.22464679914735E-16,1.,0.));
#8206=DIRECTION('',(1.22464679914735E-16,1.,0.));
#8207=DIRECTION('center_axis',(-1.,1.22464679914735E-16,-1.49975978266186E-32));
#8208=DIRECTION('ref_axis',(-1.49975978266186E-32,0.,1.));
#8209=DIRECTION('',(-1.49975978266186E-32,0.,1.));
#8210=DIRECTION('center_axis',(-1.,1.22464679914735E-16,-1.49975978266186E-32));
#8211=DIRECTION('ref_axis',(1.22464679914735E-16,1.,0.));
#8212=DIRECTION('',(1.22464679914735E-16,1.,0.));
#8213=DIRECTION('center_axis',(-1.,1.22464679914735E-16,-1.49975978266186E-32));
#8214=DIRECTION('ref_axis',(1.49975978266186E-32,0.,-1.));
#8215=DIRECTION('',(1.49975978266186E-32,0.,-1.));
#8216=DIRECTION('center_axis',(-1.,1.22464679914735E-16,-1.49975978266186E-32));
#8217=DIRECTION('ref_axis',(-1.22464679914735E-16,-1.,0.));
#8218=DIRECTION('',(-1.22464679914735E-16,-1.,0.));
#8219=DIRECTION('center_axis',(-1.,1.22464679914735E-16,-1.49975978266186E-32));
#8220=DIRECTION('ref_axis',(-1.22464679914735E-16,-1.,0.));
#8221=DIRECTION('',(-1.22464679914735E-16,-1.,0.));
#8222=DIRECTION('center_axis',(-1.,1.22464679914735E-16,-1.49975978266186E-32));
#8223=DIRECTION('ref_axis',(-1.49975978266186E-32,0.,1.));
#8224=DIRECTION('',(-1.49975978266186E-32,0.,1.));
#8225=DIRECTION('center_axis',(-1.,1.22464679914735E-16,-1.49975978266186E-32));
#8226=DIRECTION('ref_axis',(1.22464679914735E-16,1.,0.));
#8227=DIRECTION('',(1.22464679914735E-16,1.,0.));
#8228=DIRECTION('center_axis',(-1.,1.22464679914735E-16,-1.49975978266186E-32));
#8229=DIRECTION('ref_axis',(1.49975978266186E-32,0.,-1.));
#8230=DIRECTION('',(1.49975978266186E-32,0.,-1.));
#8231=DIRECTION('',(1.22464679914735E-16,1.,0.));
#8232=DIRECTION('',(-1.49975978266186E-32,0.,1.));
#8233=DIRECTION('',(1.22464679914735E-16,1.,0.));
#8234=DIRECTION('',(-1.49975978266186E-32,0.,1.));
#8235=DIRECTION('',(-1.22464679914735E-16,-1.,0.));
#8236=DIRECTION('center_axis',(-1.,1.22464679914735E-16,-1.49975978266186E-32));
#8237=DIRECTION('ref_axis',(-1.49975978266186E-32,0.,1.));
#8238=DIRECTION('',(-1.49975978266186E-32,0.,1.));
#8239=DIRECTION('center_axis',(-1.,1.22464679914735E-16,-1.49975978266186E-32));
#8240=DIRECTION('ref_axis',(1.22464679914735E-16,1.,0.));
#8241=DIRECTION('',(1.22464679914735E-16,1.,0.));
#8242=DIRECTION('center_axis',(-1.,1.22464679914735E-16,-1.49975978266186E-32));
#8243=DIRECTION('ref_axis',(1.49975978266186E-32,0.,-1.));
#8244=DIRECTION('',(1.49975978266186E-32,0.,-1.));
#8245=DIRECTION('center_axis',(-1.,1.22464679914735E-16,-1.49975978266186E-32));
#8246=DIRECTION('ref_axis',(-1.22464679914735E-16,-1.,0.));
#8247=DIRECTION('center_axis',(-1.,1.22464679914735E-16,-1.49975978266186E-32));
#8248=DIRECTION('ref_axis',(8.54960758924101E-30,6.993530863781E-14,1.));
#8249=DIRECTION('',(-1.49975978266186E-32,0.,1.));
#8250=DIRECTION('center_axis',(-1.,1.22464679914735E-16,-1.49975978266186E-32));
#8251=DIRECTION('ref_axis',(1.22464679914735E-16,1.,0.));
#8252=DIRECTION('',(1.22464679914735E-16,1.,0.));
#8253=DIRECTION('center_axis',(-1.,1.22464679914735E-16,-1.49975978266186E-32));
#8254=DIRECTION('ref_axis',(1.49975978266186E-32,0.,-1.));
#8255=DIRECTION('',(1.49975978266186E-32,0.,-1.));
#8256=DIRECTION('center_axis',(-1.,1.22464679914735E-16,-1.49975978266186E-32));
#8257=DIRECTION('ref_axis',(-1.22464679914735E-16,-1.,0.));
#8258=DIRECTION('',(-1.22464679914735E-16,-1.,0.));
#8259=DIRECTION('center_axis',(-1.,1.22464679914735E-16,-1.49975978266186E-32));
#8260=DIRECTION('ref_axis',(1.49975978266186E-32,0.,-1.));
#8261=DIRECTION('',(1.49975978266186E-32,0.,-1.));
#8262=DIRECTION('center_axis',(-1.,1.22464679914735E-16,-1.49975978266186E-32));
#8263=DIRECTION('ref_axis',(-1.22464679914735E-16,-1.,0.));
#8264=DIRECTION('',(-1.22464679914735E-16,-1.,0.));
#8265=DIRECTION('center_axis',(-1.,1.22464679914735E-16,-1.49975978266186E-32));
#8266=DIRECTION('ref_axis',(8.54960758924101E-30,6.993530863781E-14,1.));
#8267=DIRECTION('',(-1.49975978266186E-32,0.,1.));
#8268=DIRECTION('center_axis',(-1.,1.22464679914735E-16,-1.49975978266186E-32));
#8269=DIRECTION('ref_axis',(1.22464679914735E-16,1.,0.));
#8270=DIRECTION('',(1.22464679914735E-16,1.,0.));
#8271=DIRECTION('',(-1.22464679914735E-16,-1.,0.));
#8272=DIRECTION('center_axis',(-1.,1.22464679914735E-16,-1.49975978266186E-32));
#8273=DIRECTION('ref_axis',(-1.49975978266186E-32,0.,1.));
#8274=DIRECTION('',(-1.49975978266186E-32,0.,1.));
#8275=DIRECTION('center_axis',(-1.,1.22464679914735E-16,-1.49975978266186E-32));
#8276=DIRECTION('ref_axis',(1.22464679914735E-16,1.,0.));
#8277=DIRECTION('',(1.22464679914735E-16,1.,0.));
#8278=DIRECTION('center_axis',(-1.,1.22464679914735E-16,-1.49975978266186E-32));
#8279=DIRECTION('ref_axis',(1.49975978266186E-32,0.,-1.));
#8280=DIRECTION('',(1.49975978266186E-32,0.,-1.));
#8281=DIRECTION('center_axis',(-1.,1.22464679914735E-16,-1.49975978266186E-32));
#8282=DIRECTION('ref_axis',(-1.22464679914735E-16,-1.,0.));
#8283=DIRECTION('center_axis',(-1.,1.22464679914735E-16,-1.49975978266186E-32));
#8284=DIRECTION('ref_axis',(1.22464679914735E-16,1.,0.));
#8285=DIRECTION('',(1.22464679914735E-16,1.,0.));
#8286=DIRECTION('center_axis',(-1.,1.22464679914735E-16,-1.49975978266186E-32));
#8287=DIRECTION('ref_axis',(1.49975978266186E-32,0.,-1.));
#8288=DIRECTION('',(1.49975978266186E-32,0.,-1.));
#8289=DIRECTION('center_axis',(-1.,1.22464679914735E-16,-1.49975978266186E-32));
#8290=DIRECTION('ref_axis',(-1.22464679914735E-16,-1.,0.));
#8291=DIRECTION('',(-1.22464679914735E-16,-1.,0.));
#8292=DIRECTION('center_axis',(-1.,1.22464679914735E-16,-1.49975978266186E-32));
#8293=DIRECTION('ref_axis',(-1.49975978266186E-32,0.,1.));
#8294=DIRECTION('',(-1.49975978266186E-32,0.,1.));
#8295=DIRECTION('',(1.22464679914735E-16,1.,0.));
#8296=DIRECTION('',(-1.49975978266186E-32,0.,1.));
#8297=DIRECTION('',(1.22464679914735E-16,1.,0.));
#8298=DIRECTION('',(-1.49975978266186E-32,0.,1.));
#8299=DIRECTION('center_axis',(-1.49975978266186E-32,0.,1.));
#8300=DIRECTION('ref_axis',(1.22464679914735E-16,1.,0.));
#8301=DIRECTION('',(1.,-1.22464679914735E-16,1.49975978266186E-32));
#8302=DIRECTION('',(-1.,1.22464679914735E-16,-1.49975978266186E-32));
#8303=DIRECTION('center_axis',(-1.49975978266186E-32,0.,1.));
#8304=DIRECTION('ref_axis',(1.22464679914735E-16,1.,0.));
#8305=DIRECTION('',(-1.,1.22464679914735E-16,-1.49975978266186E-32));
#8306=DIRECTION('center_axis',(-1.49975978266186E-32,0.,1.));
#8307=DIRECTION('ref_axis',(-1.,1.22464679914735E-16,-1.49975978266186E-32));
#8308=DIRECTION('',(1.,-1.22464679914735E-16,1.49975978266186E-32));
#8309=DIRECTION('',(-1.,1.22464679914735E-16,-1.49975978266186E-32));
#8310=DIRECTION('center_axis',(-1.49975978266186E-32,0.,1.));
#8311=DIRECTION('ref_axis',(1.22464679914735E-16,1.,0.));
#8312=DIRECTION('',(1.,-1.22464679914735E-16,1.49975978266186E-32));
#8313=DIRECTION('',(-1.,1.22464679914735E-16,-1.49975978266186E-32));
#8314=DIRECTION('center_axis',(1.49975978266186E-32,0.,-1.));
#8315=DIRECTION('ref_axis',(-1.22464679914735E-16,-1.,0.));
#8316=DIRECTION('',(1.22464679914735E-16,1.,0.));
#8317=DIRECTION('center_axis',(1.49975978266186E-32,0.,-1.));
#8318=DIRECTION('ref_axis',(-1.,1.22464679914735E-16,-1.49975978266186E-32));
#8319=DIRECTION('center_axis',(1.22464679914735E-16,1.,0.));
#8320=DIRECTION('ref_axis',(1.49975978266186E-32,0.,-1.));
#8321=DIRECTION('',(-1.49975978266186E-32,0.,1.));
#8322=DIRECTION('',(1.,-1.22464679914735E-16,1.49975978266186E-32));
#8323=DIRECTION('',(-1.49975978266186E-32,0.,1.));
#8324=DIRECTION('',(-1.,1.22464679914735E-16,-1.49975978266186E-32));
#8325=DIRECTION('center_axis',(-1.49975978266186E-32,0.,1.));
#8326=DIRECTION('ref_axis',(1.22464679914735E-16,1.,0.));
#8327=DIRECTION('center_axis',(-1.49975978266186E-32,0.,1.));
#8328=DIRECTION('ref_axis',(-1.,1.22464679914735E-16,-1.49975978266186E-32));
#8329=DIRECTION('',(0.999847695156391,-0.01745240643728,1.46528046866114E-32));
#8330=DIRECTION('',(1.22464679914735E-16,1.,0.));
#8331=DIRECTION('',(-1.,1.22464679914735E-16,-1.49975978266186E-32));
#8332=DIRECTION('',(1.22464679914735E-16,1.,0.));
#8333=DIRECTION('center_axis',(1.49975978266186E-32,0.,-1.));
#8334=DIRECTION('ref_axis',(1.22464679914735E-16,1.,0.));
#8335=DIRECTION('',(1.49975978266186E-32,0.,-1.));
#8336=DIRECTION('',(-1.49975978266186E-32,0.,1.));
#8337=DIRECTION('center_axis',(1.49975978266186E-32,0.,-1.));
#8338=DIRECTION('ref_axis',(-0.0174524064384896,-0.99984769515637,0.));
#8339=DIRECTION('center_axis',(-0.01745240643728,-0.999847695156391,0.));
#8340=DIRECTION('ref_axis',(0.999847695156391,-0.01745240643728,1.49259570690011E-32));
#8341=DIRECTION('',(-0.999847695156391,0.01745240643728,-1.46528046866114E-32));
#8342=DIRECTION('center_axis',(-1.49975978266186E-32,0.,1.));
#8343=DIRECTION('ref_axis',(1.22464679914735E-16,1.,0.));
#8344=DIRECTION('',(-1.22464679914735E-16,-1.,0.));
#8345=DIRECTION('',(1.,-1.22464679914735E-16,1.49975978266186E-32));
#8346=DIRECTION('center_axis',(-1.,1.22464679914735E-16,-1.49975978266186E-32));
#8347=DIRECTION('ref_axis',(-1.22464679914735E-16,-1.,0.));
#8348=DIRECTION('',(-1.49975978266186E-32,0.,1.));
#8349=DIRECTION('center_axis',(-1.22464679914735E-16,-1.,0.));
#8350=DIRECTION('ref_axis',(1.49975978266186E-32,0.,-1.));
#8351=DIRECTION('',(-1.49975978266186E-32,0.,1.));
#8352=DIRECTION('',(0.999390827019096,-1.22390077740616E-16,0.0348994967024899));
#8353=DIRECTION('',(1.49975978266186E-32,0.,-1.));
#8354=DIRECTION('',(0.999847695156391,-1.22446027950813E-16,-0.0174524064372799));
#8355=DIRECTION('',(1.,-1.22464679914735E-16,1.49975978266186E-32));
#8356=DIRECTION('',(0.999847695156391,-1.22446027950813E-16,-0.0174524064372798));
#8357=DIRECTION('',(1.49975978266186E-32,0.,-1.));
#8358=DIRECTION('',(-0.999847695156391,1.22446027950813E-16,-0.0174524064372898));
#8359=DIRECTION('',(-1.,1.22464679914735E-16,-1.49975978266186E-32));
#8360=DIRECTION('',(-0.999847695156391,1.22446027950813E-16,-0.0174524064372799));
#8361=DIRECTION('',(1.49975978266186E-32,0.,-1.));
#8362=DIRECTION('',(0.999847695156391,-1.22446027950813E-16,-0.0174524064372798));
#8363=DIRECTION('',(1.49975978266186E-32,0.,-1.));
#8364=DIRECTION('',(1.,-1.22464679914735E-16,1.49975978266186E-32));
#8365=DIRECTION('',(-1.49975978266186E-32,0.,1.));
#8366=DIRECTION('',(-1.,1.22464679914735E-16,-1.49975978266186E-32));
#8367=DIRECTION('',(-1.49975978266186E-32,0.,1.));
#8368=DIRECTION('',(1.,-1.22464679914735E-16,1.49975978266186E-32));
#8369=DIRECTION('center_axis',(-1.,1.22464679914735E-16,-1.49975978266186E-32));
#8370=DIRECTION('ref_axis',(1.49975978266186E-32,0.,-1.));
#8371=DIRECTION('',(1.49975978266186E-32,0.,-1.));
#8372=DIRECTION('',(-1.22464679914735E-16,-1.,0.));
#8373=DIRECTION('',(1.49975978266186E-32,0.,-1.));
#8374=DIRECTION('',(-1.22464679914735E-16,-1.,0.));
#8375=DIRECTION('center_axis',(-1.,1.22464679914735E-16,-1.49975978266186E-32));
#8376=DIRECTION('ref_axis',(1.22464679914735E-16,1.,0.));
#8377=DIRECTION('',(-1.22464679914735E-16,-1.,0.));
#8378=DIRECTION('',(-8.65956056235493E-17,-0.707106781186547,0.707106781186547));
#8379=DIRECTION('',(5.90179714704947E-30,4.831429559115E-14,1.));
#8380=DIRECTION('',(1.06057523872489E-16,0.866025403784429,0.500000000000017));
#8381=DIRECTION('',(-1.22464679914735E-16,-1.,-2.851921001029E-14));
#8382=DIRECTION('',(-1.49975978266186E-32,0.,1.));
#8383=DIRECTION('',(-1.22464679914735E-16,-1.,0.));
#8384=DIRECTION('',(-1.49975978266186E-32,0.,1.));
#8385=DIRECTION('',(1.22464679914735E-16,1.,1.695401421523E-14));
#8386=DIRECTION('',(-1.06057523872489E-16,-0.866025403784429,0.500000000000017));
#8387=DIRECTION('',(-1.49975978266186E-32,0.,1.));
#8388=DIRECTION('',(1.06057523872489E-16,0.866025403784429,0.500000000000017));
#8389=DIRECTION('',(-1.22464679914735E-16,-1.,-1.695401421523E-14));
#8390=DIRECTION('',(1.49975978266186E-32,0.,-1.));
#8391=DIRECTION('',(1.22464679914735E-16,1.,0.));
#8392=DIRECTION('',(-1.49975978266186E-32,0.,1.));
#8393=DIRECTION('',(1.22464679914735E-16,1.,1.425960500514E-14));
#8394=DIRECTION('',(-1.06057523872489E-16,-0.866025403784429,0.500000000000017));
#8395=DIRECTION('',(-1.49975978266186E-32,0.,1.));
#8396=DIRECTION('',(8.65956056235493E-17,0.707106781186547,0.707106781186547));
#8397=DIRECTION('',(-1.22464679914735E-16,-1.,0.));
#8398=DIRECTION('center_axis',(-1.,1.22464679914735E-16,-1.49975978266186E-32));
#8399=DIRECTION('ref_axis',(1.42593443806215E-29,1.165588477297E-13,1.));
#8400=DIRECTION('',(-1.49975978266186E-32,0.,1.));
#8401=DIRECTION('',(-1.22464679914735E-16,-1.,0.));
#8402=DIRECTION('',(-1.49975978266186E-32,0.,1.));
#8403=DIRECTION('',(-1.22464679914735E-16,-1.,0.));
#8404=DIRECTION('',(-1.49975978266186E-32,0.,1.));
#8405=DIRECTION('',(-1.22464679914735E-16,-1.,0.));
#8406=DIRECTION('',(1.0605752387249E-16,0.866025403784429,0.500000000000017));
#8407=DIRECTION('',(1.44243179567143E-30,1.165588477297E-14,-1.));
#8408=DIRECTION('',(-1.22464679914735E-16,-1.,0.));
#8409=DIRECTION('',(-1.49975978266186E-32,0.,1.));
#8410=DIRECTION('',(1.0605752387249E-16,0.866025403784429,-0.500000000000017));
#8411=DIRECTION('',(-1.49975978266186E-32,0.,1.));
#8412=DIRECTION('',(-1.22464679914735E-16,-1.,0.));
#8413=DIRECTION('',(-8.65956056235493E-17,-0.707106781186548,-0.707106781186548));
#8414=DIRECTION('',(1.49975978266186E-32,0.,-1.));
#8415=DIRECTION('',(8.65956056235494E-17,0.707106781186548,-0.707106781186548));
#8416=DIRECTION('',(1.22464679914735E-16,1.,0.));
#8417=DIRECTION('',(9.79717439317883E-17,0.8,0.6));
#8418=DIRECTION('',(1.16180196436218E-16,0.948683298050564,0.316227766016688));
#8419=DIRECTION('',(1.49975978266186E-32,0.,-1.));
#8420=DIRECTION('',(1.22464679914735E-16,1.,0.));
#8421=DIRECTION('',(-1.49975978266186E-32,0.,1.));
#8422=DIRECTION('',(-1.22464679914735E-16,-1.,0.));
#8423=DIRECTION('',(-1.49975978266186E-32,0.,1.));
#8424=DIRECTION('',(-1.22464679914735E-16,-1.,0.));
#8425=DIRECTION('',(1.49975978266186E-32,0.,-1.));
#8426=DIRECTION('',(2.4017299715815E-17,0.196116135138203,0.980580675690916));
#8427=DIRECTION('',(3.87267321454112E-17,0.316227766016898,0.948683298050494));
#8428=DIRECTION('',(5.47678698264154E-17,0.447213595499918,0.894427190999936));
#8429=DIRECTION('',(8.65956056235432E-17,0.707106781186498,0.707106781186597));
#8430=DIRECTION('',(-1.22464679914735E-16,-1.,0.));
#8431=DIRECTION('',(-8.65956056235493E-17,-0.707106781186548,-0.707106781186548));
#8432=DIRECTION('',(1.49975978266186E-32,0.,-1.));
#8433=DIRECTION('',(8.65956056235494E-17,0.707106781186548,-0.707106781186548));
#8434=DIRECTION('',(1.22464679914735E-16,1.,0.));
#8435=DIRECTION('',(-1.49975978266186E-32,0.,1.));
#8436=DIRECTION('',(-1.0605752387249E-16,-0.866025403784429,-0.500000000000017));
#8437=DIRECTION('',(1.49975978266186E-32,0.,-1.));
#8438=DIRECTION('',(-1.22464679914735E-16,-1.,0.));
#8439=DIRECTION('',(1.41243660001819E-30,1.165588477297E-14,1.));
#8440=DIRECTION('',(-1.0605752387249E-16,-0.866025403784429,0.500000000000017));
#8441=DIRECTION('',(-1.22464679914735E-16,-1.,0.));
#8442=DIRECTION('center_axis',(-0.516575527307578,0.856241627455064,-1.23259516440783E-32));
#8443=DIRECTION('ref_axis',(0.856241627455064,0.516575527307578,1.54074395550979E-32));
#8444=DIRECTION('',(0.855859123845784,0.51634476066729,-0.0298872591812294));
#8445=DIRECTION('',(-1.49975978266186E-32,0.,1.));
#8446=DIRECTION('',(-0.855859123845784,-0.51634476066729,-0.0298872591812294));
#8447=DIRECTION('center_axis',(-0.0348994967024999,4.273955692857E-18,0.999390827019096));
#8448=DIRECTION('ref_axis',(-0.999390827019096,1.22390077740616E-16,-0.0348994967024999));
#8449=DIRECTION('',(-0.999390827019095,1.22390077740616E-16,-0.0348994967025298));
#8450=DIRECTION('',(0.139171457361195,0.990256373927966,0.00485997438234083));
#8451=DIRECTION('',(0.999238800303651,-0.0174417781380993,0.0348941878126183));
#8452=DIRECTION('',(-1.22464679914735E-16,-1.,0.));
#8453=DIRECTION('center_axis',(-1.,1.22464679914735E-16,-1.49975978266186E-32));
#8454=DIRECTION('ref_axis',(-1.22464679914735E-16,-1.,0.));
#8455=DIRECTION('',(1.49975978266186E-32,0.,-1.));
#8456=DIRECTION('',(1.22464679914735E-16,1.,0.));
#8457=DIRECTION('center_axis',(0.0174524064372798,-2.13730336808334E-18,
0.999847695156391));
#8458=DIRECTION('ref_axis',(0.999847695156391,-1.22446027950813E-16,-0.0174524064372798));
#8459=DIRECTION('',(0.999695459881887,-0.0174497491606799,-0.0174497491606798));
#8460=DIRECTION('',(1.90615936166185E-13,-1.,0.));
#8461=DIRECTION('center_axis',(-0.01745240643728,-0.999847695156391,0.));
#8462=DIRECTION('ref_axis',(0.999847695156391,-0.01745240643728,1.49259570690011E-32));
#8463=DIRECTION('',(0.999695459881888,-0.0174497491606799,-0.0174497491606798));
#8464=DIRECTION('',(0.999847695156391,-0.01745240643728,1.53082862410981E-32));
#8465=DIRECTION('',(1.49975978266186E-32,0.,-1.));
#8466=DIRECTION('',(-0.999238800303651,0.0174417781380993,0.0348941878126083));
#8467=DIRECTION('',(1.49975978266186E-32,0.,-1.));
#8468=DIRECTION('',(0.999695459881887,-0.0174497491606799,0.0174497491606798));
#8469=DIRECTION('',(-0.999847695156391,0.01745240643728,-1.53082862410981E-32));
#8470=DIRECTION('',(0.999695459881888,-0.0174497491606799,0.0174497491606798));
#8471=DIRECTION('center_axis',(0.0174524064372798,-2.13730336808334E-18,
-0.999847695156391));
#8472=DIRECTION('ref_axis',(-0.999847695156391,1.22446027950813E-16,-0.0174524064372798));
#8473=DIRECTION('',(2.72704023146485E-13,-1.,0.));
#8474=DIRECTION('',(-0.999847695156391,1.22446027950813E-16,-0.0174524064372898));
#8475=DIRECTION('',(-1.22464679914735E-16,-1.,0.));
#8476=DIRECTION('',(0.999695459881887,0.0174497491606996,0.0174497491606998));
#8477=DIRECTION('center_axis',(0.0174524064372797,-0.999847695156391,0.));
#8478=DIRECTION('ref_axis',(-0.999847695156391,-0.0174524064372797,-1.49259570690011E-32));
#8479=DIRECTION('',(-1.49975978266186E-32,0.,1.));
#8480=DIRECTION('center_axis',(-1.,1.22464679914735E-16,-1.49975978266186E-32));
#8481=DIRECTION('ref_axis',(-1.49975978266186E-32,0.,1.));
#8482=DIRECTION('',(1.49975978266186E-32,0.,-1.));
#8483=DIRECTION('center_axis',(-1.22464679914735E-16,-1.,0.));
#8484=DIRECTION('ref_axis',(1.49975978266186E-32,0.,-1.));
#8485=DIRECTION('',(-1.,1.22464679914735E-16,-1.49975978266186E-32));
#8486=DIRECTION('',(1.49975978266186E-32,0.,-1.));
#8487=DIRECTION('',(-1.,1.22464679914735E-16,-1.49975978266186E-32));
#8488=DIRECTION('',(-1.,1.22464679914735E-16,-1.49975978266186E-32));
#8489=DIRECTION('',(-1.49975978266186E-32,0.,1.));
#8490=DIRECTION('',(-1.,1.22464679914735E-16,-1.49975978266186E-32));
#8491=DIRECTION('',(1.49975978266186E-32,0.,-1.));
#8492=DIRECTION('',(1.,-1.22464679914735E-16,1.49975978266186E-32));
#8493=DIRECTION('',(-0.999847695156391,1.22446027950813E-16,-0.0174524064372798));
#8494=DIRECTION('',(-1.49975978266186E-32,0.,1.));
#8495=DIRECTION('',(0.999847695156391,-1.22446027950813E-16,-0.0174524064372799));
#8496=DIRECTION('',(1.,-1.22464679914735E-16,1.49975978266186E-32));
#8497=DIRECTION('',(-1.,1.22464679914735E-16,-1.49975978266186E-32));
#8498=DIRECTION('',(-0.999847695156391,1.22446027950813E-16,-0.0174524064372799));
#8499=DIRECTION('',(1.49975978266186E-32,0.,-1.));
#8500=DIRECTION('',(-0.999390827019094,1.22390077740616E-16,0.0348994967025398));
#8501=DIRECTION('center_axis',(-0.0348994967024999,4.273955692857E-18,-0.999390827019096));
#8502=DIRECTION('ref_axis',(0.999390827019096,-1.22390077740616E-16,-0.0348994967024999));
#8503=DIRECTION('',(1.22464679914735E-16,1.,-2.108054262911E-14));
#8504=DIRECTION('',(-0.139171457361195,-0.990256373927966,0.00485997438234983));
#8505=DIRECTION('',(0.999390827019095,-1.22390077740616E-16,-0.0348994967025298));
#8506=DIRECTION('center_axis',(1.22464679914735E-16,1.,0.));
#8507=DIRECTION('ref_axis',(1.,-1.22464679914735E-16,1.49975978266186E-32));
#8508=DIRECTION('',(-1.49975978266186E-32,0.,1.));
#8509=DIRECTION('center_axis',(0.990268068741566,-0.139173100960095,1.23259516440783E-32));
#8510=DIRECTION('ref_axis',(-0.139173100960095,-0.990268068741566,0.));
#8511=DIRECTION('center_axis',(-1.,1.22464679914735E-16,-1.49975978266186E-32));
#8512=DIRECTION('ref_axis',(-1.22464679914735E-16,-1.,0.));
#8513=DIRECTION('',(1.22464679914735E-16,1.,0.));
#8514=DIRECTION('center_axis',(0.0174524064372798,-2.13730336808334E-18,
-0.999847695156391));
#8515=DIRECTION('ref_axis',(-0.999847695156391,1.22446027950813E-16,-0.0174524064372798));
#8516=DIRECTION('',(1.90557373562285E-13,-1.,0.));
#8517=DIRECTION('center_axis',(1.49975978266186E-32,0.,-1.));
#8518=DIRECTION('ref_axis',(-1.,1.22464679914735E-16,-1.49975978266186E-32));
#8519=DIRECTION('center_axis',(-1.49975978266186E-32,0.,1.));
#8520=DIRECTION('ref_axis',(1.,-1.22464679914735E-16,1.49975978266186E-32));
#8521=DIRECTION('',(1.90606175732185E-13,-1.,0.));
#8522=DIRECTION('center_axis',(0.0174524064372798,-2.13730336808334E-18,
0.999847695156391));
#8523=DIRECTION('ref_axis',(0.999847695156391,-1.22446027950813E-16,-0.0174524064372798));
#8524=DIRECTION('',(-1.22464679914735E-16,-1.,0.));
#8525=DIRECTION('center_axis',(-1.,1.22464679914735E-16,-1.49975978266186E-32));
#8526=DIRECTION('ref_axis',(-1.22464679914735E-16,-1.,0.));
#8527=DIRECTION('',(-1.22464679914735E-16,-1.,0.));
#8528=DIRECTION('center_axis',(-0.0174524064372798,2.13730336808334E-18,
0.999847695156391));
#8529=DIRECTION('ref_axis',(1.22464679914735E-16,1.,0.));
#8530=DIRECTION('center_axis',(-1.49975978266186E-32,0.,1.));
#8531=DIRECTION('ref_axis',(1.22464679914735E-16,1.,0.));
#8532=DIRECTION('center_axis',(-1.49975978266186E-32,0.,1.));
#8533=DIRECTION('ref_axis',(-1.,1.22464679914735E-16,-1.49975978266186E-32));
#8534=DIRECTION('',(0.999847695156391,-0.01745240643728,1.46528046866114E-32));
#8535=DIRECTION('',(-1.22464679914735E-16,-1.,0.));
#8536=DIRECTION('center_axis',(-1.49975978266186E-32,0.,1.));
#8537=DIRECTION('ref_axis',(1.22464679914735E-16,1.,0.));
#8538=DIRECTION('',(-1.49975978266186E-32,0.,1.));
#8539=DIRECTION('center_axis',(1.49975978266186E-32,0.,-1.));
#8540=DIRECTION('ref_axis',(-0.0174524064384896,-0.99984769515637,0.));
#8541=DIRECTION('',(1.49975978266186E-32,0.,-1.));
#8542=DIRECTION('center_axis',(0.01745240643728,0.999847695156391,0.));
#8543=DIRECTION('ref_axis',(0.999847695156391,-0.01745240643728,1.49259570690011E-32));
#8544=DIRECTION('',(-0.999847695156391,0.01745240643728,-1.46528046866114E-32));
#8545=DIRECTION('center_axis',(-1.49975978266186E-32,0.,1.));
#8546=DIRECTION('ref_axis',(1.22464679914735E-16,1.,0.));
#8547=DIRECTION('',(1.22464679914735E-16,1.,0.));
#8548=DIRECTION('',(1.22464679914735E-16,1.,0.));
#8549=DIRECTION('',(-1.,1.22464679914735E-16,-1.49975978266186E-32));
#8550=DIRECTION('center_axis',(1.,-1.22464679914735E-16,1.49975978266186E-32));
#8551=DIRECTION('ref_axis',(-1.22464679914735E-16,-1.,0.));
#8552=DIRECTION('center_axis',(-1.22464679914735E-16,-1.,0.));
#8553=DIRECTION('ref_axis',(-1.49975978266186E-32,0.,1.));
#8554=DIRECTION('',(-1.,1.22464679914735E-16,-1.49975978266186E-32));
#8555=DIRECTION('',(-1.49975978266186E-32,0.,1.));
#8556=DIRECTION('',(-1.,1.22464679914735E-16,-1.49975978266186E-32));
#8557=DIRECTION('',(1.49975978266186E-32,0.,-1.));
#8558=DIRECTION('center_axis',(-1.49975978266186E-32,0.,1.));
#8559=DIRECTION('ref_axis',(1.22464679914735E-16,1.,0.));
#8560=DIRECTION('center_axis',(1.49975978266186E-32,0.,-1.));
#8561=DIRECTION('ref_axis',(-1.,1.22464679914735E-16,-1.49975978266186E-32));
#8562=DIRECTION('',(-1.22464679914735E-16,-1.,0.));
#8563=DIRECTION('',(1.,-1.22464679914735E-16,1.49975978266186E-32));
#8564=DIRECTION('',(1.,-1.22464679914735E-16,1.49975978266186E-32));
#8565=DIRECTION('',(-1.22464679914735E-16,-1.,0.));
#8566=DIRECTION('',(1.,-1.22464679914735E-16,1.49975978266186E-32));
#8567=DIRECTION('center_axis',(1.49975978266186E-32,0.,-1.));
#8568=DIRECTION('ref_axis',(-1.22464679914735E-16,-1.,0.));
#8569=DIRECTION('',(-1.22464679914735E-16,-1.,0.));
#8570=DIRECTION('center_axis',(-1.49975978266186E-32,0.,1.));
#8571=DIRECTION('ref_axis',(-1.22464679914735E-16,-1.,0.));
#8572=DIRECTION('',(1.49975978266186E-32,0.,-1.));
#8573=DIRECTION('center_axis',(-1.49975978266186E-32,0.,1.));
#8574=DIRECTION('ref_axis',(1.22464679914735E-16,1.,0.));
#8575=DIRECTION('center_axis',(1.,-1.22464679914735E-16,1.49975978266186E-32));
#8576=DIRECTION('ref_axis',(-1.22464679914735E-16,-1.,0.));
#8577=DIRECTION('',(-1.49975978266186E-32,0.,1.));
#8578=DIRECTION('',(-1.22464679914735E-16,-1.,0.));
#8579=DIRECTION('center_axis',(-1.49975978266186E-32,0.,1.));
#8580=DIRECTION('ref_axis',(1.22464679914735E-16,1.,0.));
#8581=DIRECTION('center_axis',(-1.49975978266186E-32,0.,1.));
#8582=DIRECTION('ref_axis',(-1.,1.22464679914735E-16,-1.49975978266186E-32));
#8583=DIRECTION('',(1.,-1.22464679914735E-16,1.49975978266186E-32));
#8584=DIRECTION('',(-1.,1.22464679914735E-16,-1.49975978266186E-32));
#8585=DIRECTION('center_axis',(1.49975978266186E-32,0.,-1.));
#8586=DIRECTION('ref_axis',(-3.56729132374647E-14,-1.,0.));
#8587=DIRECTION('',(1.,-1.22464679914735E-16,1.49975978266186E-32));
#8588=DIRECTION('',(-1.,1.22464679914735E-16,-1.49975978266186E-32));
#8589=DIRECTION('center_axis',(1.49975978266186E-32,0.,-1.));
#8590=DIRECTION('ref_axis',(-1.22464679914735E-16,-1.,0.));
#8591=DIRECTION('',(-1.,1.22464679914735E-16,-1.49975978266186E-32));
#8592=DIRECTION('center_axis',(1.49975978266186E-32,0.,-1.));
#8593=DIRECTION('ref_axis',(-1.22464679914735E-16,-1.,0.));
#8594=DIRECTION('',(1.,-1.22464679914735E-16,1.49975978266186E-32));
#8595=DIRECTION('center_axis',(-1.22464679914735E-16,-1.,0.));
#8596=DIRECTION('ref_axis',(-1.,1.22464679914735E-16,-1.49975978266186E-32));
#8597=DIRECTION('',(0.866025403784429,-1.06057523872489E-16,-0.500000000000017));
#8598=DIRECTION('',(-1.49975978266186E-32,0.,1.));
#8599=DIRECTION('',(-1.,1.22464679914735E-16,-1.49975978266186E-32));
#8600=DIRECTION('center_axis',(0.500000000000017,-6.12323399573697E-17,
0.866025403784429));
#8601=DIRECTION('ref_axis',(0.866025403784429,-1.0605752387249E-16,-0.500000000000017));
#8602=DIRECTION('',(1.22464679914735E-16,1.,0.));
#8603=DIRECTION('',(-0.866025403784429,1.06057523872489E-16,0.500000000000017));
#8604=DIRECTION('center_axis',(-1.22464679914735E-16,-1.,0.));
#8605=DIRECTION('ref_axis',(-1.,1.22464679914735E-16,-1.49975978266186E-32));
#8606=DIRECTION('',(1.,-1.22464679914735E-16,1.49975978266186E-32));
#8607=DIRECTION('',(1.49975978266186E-32,0.,-1.));
#8608=DIRECTION('center_axis',(-1.49975978266186E-32,0.,1.));
#8609=DIRECTION('ref_axis',(1.22464679914735E-16,1.,0.));
#8610=DIRECTION('center_axis',(-1.49975978266186E-32,0.,1.));
#8611=DIRECTION('ref_axis',(-1.,1.22464679914735E-16,-1.49975978266186E-32));
#8612=DIRECTION('',(-1.49975978266186E-32,0.,1.));
#8613=DIRECTION('center_axis',(-1.22464679914735E-16,-1.,0.));
#8614=DIRECTION('ref_axis',(-1.,1.22464679914735E-16,-1.49975978266186E-32));
#8615=DIRECTION('',(-1.,1.22464679914735E-16,-1.49975978266186E-32));
#8616=DIRECTION('',(1.49975978266186E-32,0.,-1.));
#8617=DIRECTION('center_axis',(-1.49975978266186E-32,0.,1.));
#8618=DIRECTION('ref_axis',(1.22464679914735E-16,1.,0.));
#8619=DIRECTION('center_axis',(-1.49975978266186E-32,0.,1.));
#8620=DIRECTION('ref_axis',(1.22464679914735E-16,1.,0.));
#8621=DIRECTION('center_axis',(-1.49975978266186E-32,0.,1.));
#8622=DIRECTION('ref_axis',(1.22464679914735E-16,1.,0.));
#8623=DIRECTION('center_axis',(1.22464679914735E-16,1.,0.));
#8624=DIRECTION('ref_axis',(1.,-1.22464679914735E-16,1.49975978266186E-32));
#8625=DIRECTION('',(-1.49975978266186E-32,0.,1.));
#8626=DIRECTION('',(-1.,1.22464679914735E-16,-1.49975978266186E-32));
#8627=DIRECTION('center_axis',(-1.49975978266186E-32,0.,1.));
#8628=DIRECTION('ref_axis',(1.22464679914735E-16,1.,0.));
#8629=DIRECTION('center_axis',(-1.49975978266186E-32,0.,1.));
#8630=DIRECTION('ref_axis',(1.22464679914735E-16,1.,0.));
#8631=DIRECTION('',(-1.,1.22464679914735E-16,-1.49975978266186E-32));
#8632=DIRECTION('center_axis',(-1.22464679914735E-16,-1.,0.));
#8633=DIRECTION('ref_axis',(-1.,1.22464679914735E-16,-1.49975978266186E-32));
#8634=DIRECTION('',(1.49975978266186E-32,0.,-1.));
#8635=DIRECTION('center_axis',(-1.49975978266186E-32,0.,1.));
#8636=DIRECTION('ref_axis',(1.22464679914735E-16,1.,0.));
#8637=DIRECTION('center_axis',(1.22464679914735E-16,1.,0.));
#8638=DIRECTION('ref_axis',(1.49975978266186E-32,0.,-1.));
#8639=DIRECTION('',(1.49975978266186E-32,0.,-1.));
#8640=DIRECTION('',(-1.49975978266186E-32,0.,1.));
#8641=DIRECTION('',(1.,-1.22464679914735E-16,1.49975978266186E-32));
#8642=DIRECTION('center_axis',(-1.49975978266186E-32,0.,1.));
#8643=DIRECTION('ref_axis',(-1.22464679914735E-16,-1.,0.));
#8644=DIRECTION('center_axis',(1.49975978266186E-32,0.,-1.));
#8645=DIRECTION('ref_axis',(-1.22464679914735E-16,-1.,0.));
#8646=DIRECTION('',(-1.22464679914735E-16,-1.,0.));
#8647=DIRECTION('',(1.,-1.22464679914735E-16,1.49975978266186E-32));
#8648=DIRECTION('center_axis',(1.22464679914735E-16,1.,0.));
#8649=DIRECTION('ref_axis',(1.49975978266186E-32,0.,-1.));
#8650=DIRECTION('',(-1.49975978266186E-32,0.,1.));
#8651=DIRECTION('',(0.999847695156391,-1.22446027950813E-16,0.0174524064372799));
#8652=DIRECTION('',(1.,-1.22464679914735E-16,1.49975978266186E-32));
#8653=DIRECTION('',(0.999847695156391,-1.22446027950813E-16,0.0174524064372898));
#8654=DIRECTION('',(-1.49975978266186E-32,0.,1.));
#8655=DIRECTION('',(-0.999847695156391,1.22446027950813E-16,0.0174524064372898));
#8656=DIRECTION('',(-1.,1.22464679914735E-16,-1.49975978266186E-32));
#8657=DIRECTION('',(-0.999847695156391,1.22446027950813E-16,0.0174524064372799));
#8658=DIRECTION('',(1.49975978266186E-32,0.,-1.));
#8659=DIRECTION('',(0.999847695156391,-1.22446027950813E-16,0.0174524064372798));
#8660=DIRECTION('',(1.49975978266186E-32,0.,-1.));
#8661=DIRECTION('',(1.,-1.22464679914735E-16,1.49975978266186E-32));
#8662=DIRECTION('',(1.,-1.22464679914735E-16,1.49975978266186E-32));
#8663=DIRECTION('',(1.49975978266186E-32,0.,-1.));
#8664=DIRECTION('',(-1.,1.22464679914735E-16,-1.49975978266186E-32));
#8665=DIRECTION('',(-1.,1.22464679914735E-16,-1.49975978266186E-32));
#8666=DIRECTION('',(-1.49975978266186E-32,0.,1.));
#8667=DIRECTION('',(1.,-1.22464679914735E-16,1.49975978266186E-32));
#8668=DIRECTION('',(1.,-1.22464679914735E-16,1.49975978266186E-32));
#8669=DIRECTION('',(-1.49975978266186E-32,0.,1.));
#8670=DIRECTION('',(1.,-1.22464679914735E-16,1.49975978266186E-32));
#8671=DIRECTION('',(-0.999847695156391,1.22446027950813E-16,0.0174524064372798));
#8672=DIRECTION('',(-1.49975978266186E-32,0.,1.));
#8673=DIRECTION('',(0.999847695156391,-1.22446027950813E-16,0.0174524064372799));
#8674=DIRECTION('',(1.,-1.22464679914735E-16,1.49975978266186E-32));
#8675=DIRECTION('',(0.999847695156391,-1.22446027950813E-16,0.0174524064372898));
#8676=DIRECTION('',(-1.49975978266186E-32,0.,1.));
#8677=DIRECTION('',(-0.999847695156391,1.22446027950813E-16,0.0174524064372798));
#8678=DIRECTION('',(-1.,1.22464679914735E-16,-1.49975978266186E-32));
#8679=DIRECTION('',(-0.999847695156391,1.22446027950813E-16,0.0174524064372799));
#8680=DIRECTION('center_axis',(1.,-1.22464679914735E-16,1.49975978266186E-32));
#8681=DIRECTION('ref_axis',(-1.22464679914735E-16,-1.,0.));
#8682=DIRECTION('',(1.22464679914735E-16,1.,0.));
#8683=DIRECTION('',(-1.49975978266186E-32,0.,1.));
#8684=DIRECTION('',(-1.22464679914735E-16,-1.,1.054027131456E-14));
#8685=DIRECTION('center_axis',(0.0174524064372798,-2.13730336808334E-18,
-0.999847695156391));
#8686=DIRECTION('ref_axis',(-0.999847695156391,1.22446027950813E-16,-0.0174524064372798));
#8687=DIRECTION('',(0.999695459881887,0.0174497491606797,0.0174497491606798));
#8688=DIRECTION('',(-1.90851105092015E-13,-1.,0.));
#8689=DIRECTION('center_axis',(1.49975978266186E-32,0.,-1.));
#8690=DIRECTION('ref_axis',(-1.,1.22464679914735E-16,-1.49975978266186E-32));
#8691=DIRECTION('',(0.999847695156391,0.0174524064372797,1.48223089001108E-32));
#8692=DIRECTION('',(-2.72948952506315E-13,-1.,0.));
#8693=DIRECTION('center_axis',(0.0174524064372798,-2.13730336808334E-18,
-0.999847695156391));
#8694=DIRECTION('ref_axis',(-0.999847695156391,1.22446027950813E-16,-0.0174524064372798));
#8695=DIRECTION('',(-0.999695459881887,-0.0174497491606897,-0.0174497491606798));
#8696=DIRECTION('',(-0.999695459881887,0.0174497491606699,-0.0174497491606998));
#8697=DIRECTION('',(-1.22464679914735E-16,-1.,0.));
#8698=DIRECTION('center_axis',(-1.,1.22464679914735E-16,-1.49975978266186E-32));
#8699=DIRECTION('ref_axis',(-1.49975978266186E-32,0.,1.));
#8700=DIRECTION('',(1.49975978266186E-32,0.,-1.));
#8701=DIRECTION('',(1.22464679914735E-16,1.,0.));
#8702=DIRECTION('center_axis',(0.01745240643728,0.999847695156391,0.));
#8703=DIRECTION('ref_axis',(0.999847695156391,-0.01745240643728,1.49259570690011E-32));
#8704=DIRECTION('',(0.999695459881888,-0.0174497491606699,-0.0174497491606798));
#8705=DIRECTION('center_axis',(0.0174524064372798,-2.13730336808334E-18,
0.999847695156391));
#8706=DIRECTION('ref_axis',(0.999847695156391,-1.22446027950813E-16,-0.0174524064372798));
#8707=DIRECTION('',(0.999695459881887,0.0174497491606897,-0.0174497491606798));
#8708=DIRECTION('',(-2.72948952506315E-13,-1.,0.));
#8709=DIRECTION('center_axis',(-1.49975978266186E-32,0.,1.));
#8710=DIRECTION('ref_axis',(1.,-1.22464679914735E-16,1.49975978266186E-32));
#8711=DIRECTION('',(-0.999847695156391,-0.0174524064372797,-1.48223089001108E-32));
#8712=DIRECTION('',(-1.90851105092015E-13,-1.,0.));
#8713=DIRECTION('center_axis',(0.0174524064372798,-2.13730336808334E-18,
0.999847695156391));
#8714=DIRECTION('ref_axis',(0.999847695156391,-1.22446027950813E-16,-0.0174524064372798));
#8715=DIRECTION('',(0.999695459881887,0.0174497491606797,-0.0174497491606798));
#8716=DIRECTION('',(-1.22464679914735E-16,-1.,0.));
#8717=DIRECTION('center_axis',(1.,-1.22464679914735E-16,1.49975978266186E-32));
#8718=DIRECTION('ref_axis',(-1.22464679914735E-16,-1.,0.));
#8719=DIRECTION('',(-1.22464679914735E-16,-1.,0.));
#8720=DIRECTION('',(-1.49975978266186E-32,0.,1.));
#8721=DIRECTION('center_axis',(-0.0174524064372798,2.13730336808334E-18,
0.999847695156391));
#8722=DIRECTION('ref_axis',(1.22464679914735E-16,1.,0.));
#8723=DIRECTION('',(-0.999695459881888,-0.0174497491606797,-0.0174497491606798));
#8724=DIRECTION('center_axis',(-0.0174524064372797,0.999847695156391,0.));
#8725=DIRECTION('ref_axis',(0.999847695156391,0.0174524064372797,1.49259570690011E-32));
#8726=DIRECTION('center_axis',(-0.0174524064372797,0.999847695156391,0.));
#8727=DIRECTION('ref_axis',(0.999847695156391,0.0174524064372797,1.49259570690011E-32));
#8728=DIRECTION('',(-0.999695459881887,-0.0174497491606797,0.0174497491606798));
#8729=DIRECTION('',(-0.999847695156391,-0.0174524064372797,-1.48223089001108E-32));
#8730=DIRECTION('',(0.999695459881887,0.0174497491606897,-0.0174497491606798));
#8731=DIRECTION('center_axis',(0.0174524064372798,-2.13730336808334E-18,
0.999847695156391));
#8732=DIRECTION('ref_axis',(0.999847695156391,-1.22446027950813E-16,-0.0174524064372798));
#8733=DIRECTION('',(1.22464679914735E-16,1.,0.));
#8734=DIRECTION('',(0.999695459881887,-0.0174497491606699,-0.0174497491606998));
#8735=DIRECTION('',(-2.72948952506315E-13,-1.,0.));
#8736=DIRECTION('center_axis',(-1.,1.22464679914735E-16,-1.49975978266186E-32));
#8737=DIRECTION('ref_axis',(-1.49975978266186E-32,0.,1.));
#8738=DIRECTION('',(-1.22464679914735E-16,-1.,0.));
#8739=DIRECTION('',(1.49975978266186E-32,0.,-1.));
#8740=DIRECTION('center_axis',(0.0174524064372798,-2.13730336808334E-18,
-0.999847695156391));
#8741=DIRECTION('ref_axis',(-0.999847695156391,1.22446027950813E-16,-0.0174524064372798));
#8742=DIRECTION('',(-2.72948952506315E-13,-1.,0.));
#8743=DIRECTION('',(-0.999695459881887,-0.0174497491606897,-0.0174497491606798));
#8744=DIRECTION('',(-0.999695459881887,0.0174497491606699,-0.0174497491607098));
#8745=DIRECTION('center_axis',(0.01745240643728,0.999847695156391,0.));
#8746=DIRECTION('ref_axis',(0.999847695156391,-0.01745240643728,1.49259570690011E-32));
#8747=DIRECTION('center_axis',(-0.0174524064372797,0.999847695156391,0.));
#8748=DIRECTION('ref_axis',(0.999847695156391,0.0174524064372797,1.49259570690011E-32));
#8749=DIRECTION('',(0.999847695156391,0.0174524064372797,1.48223089001108E-32));
#8750=DIRECTION('',(-0.999695459881887,-0.0174497491606797,-0.0174497491606798));
#8751=DIRECTION('',(1.49975978266186E-32,0.,-1.));
#8752=DIRECTION('',(0.999695459881888,0.0174497491606797,-0.0174497491606798));
#8753=DIRECTION('center_axis',(0.0174524064372798,-2.13730336808334E-18,
0.999847695156391));
#8754=DIRECTION('ref_axis',(1.22464679914735E-16,1.,0.));
#8755=DIRECTION('',(-1.22464679914735E-16,-1.,0.));
#8756=DIRECTION('center_axis',(1.,-1.22464679914735E-16,1.49975978266186E-32));
#8757=DIRECTION('ref_axis',(-1.22464679914735E-16,-1.,0.));
#8758=DIRECTION('',(1.22464679914735E-16,1.,0.));
#8759=DIRECTION('center_axis',(0.0174524064372798,-2.13730336808334E-18,
-0.999847695156391));
#8760=DIRECTION('ref_axis',(-0.999847695156391,1.22446027950813E-16,-0.0174524064372798));
#8761=DIRECTION('',(-1.90860865526015E-13,-1.,0.));
#8762=DIRECTION('center_axis',(1.49975978266186E-32,0.,-1.));
#8763=DIRECTION('ref_axis',(-1.,1.22464679914735E-16,-1.49975978266186E-32));
#8764=DIRECTION('center_axis',(-1.49975978266186E-32,0.,1.));
#8765=DIRECTION('ref_axis',(1.,-1.22464679914735E-16,1.49975978266186E-32));
#8766=DIRECTION('',(-1.90860865526015E-13,-1.,0.));
#8767=DIRECTION('center_axis',(0.0174524064372798,-2.13730336808334E-18,
0.999847695156391));
#8768=DIRECTION('ref_axis',(0.999847695156391,-1.22446027950813E-16,-0.0174524064372798));
#8769=DIRECTION('center_axis',(1.49975978266186E-32,0.,-1.));
#8770=DIRECTION('ref_axis',(-1.22464679914735E-16,-1.,0.));
#8771=DIRECTION('',(1.22464679914735E-16,1.,0.));
#8772=DIRECTION('',(-1.,1.22464679914735E-16,-1.49975978266186E-32));
#8773=DIRECTION('center_axis',(-1.22464679914735E-16,-1.,0.));
#8774=DIRECTION('ref_axis',(-1.49975978266186E-32,0.,1.));
#8775=DIRECTION('',(1.49975978266186E-32,0.,-1.));
#8776=DIRECTION('',(1.49975978266186E-32,0.,-1.));
#8777=DIRECTION('',(-1.,1.22464679914735E-16,-1.49975978266186E-32));
#8778=DIRECTION('center_axis',(1.49975978266186E-32,0.,-1.));
#8779=DIRECTION('ref_axis',(1.22464679914735E-16,1.,0.));
#8780=DIRECTION('center_axis',(-1.49975978266186E-32,0.,1.));
#8781=DIRECTION('ref_axis',(-1.,1.22464679914735E-16,-1.49975978266186E-32));
#8782=DIRECTION('',(-1.49975978266186E-32,0.,1.));
#8783=DIRECTION('center_axis',(-1.,1.22464679914735E-16,-1.49975978266186E-32));
#8784=DIRECTION('ref_axis',(-1.22464679914735E-16,-1.,0.));
#8785=DIRECTION('',(1.49975978266186E-32,0.,-1.));
#8786=DIRECTION('',(1.22464679914735E-16,1.,0.));
#8787=DIRECTION('center_axis',(1.49975978266186E-32,0.,-1.));
#8788=DIRECTION('ref_axis',(1.22464679914735E-16,1.,0.));
#8789=DIRECTION('center_axis',(-1.49975978266186E-32,0.,1.));
#8790=DIRECTION('ref_axis',(1.22464679914735E-16,1.,0.));
#8791=DIRECTION('center_axis',(-1.49975978266186E-32,0.,1.));
#8792=DIRECTION('ref_axis',(1.22464679914735E-16,1.,0.));
#8793=DIRECTION('',(1.22464679914735E-16,1.,0.));
#8794=DIRECTION('',(1.22464679914735E-16,1.,0.));
#8795=DIRECTION('',(-1.,1.22464679914735E-16,-1.49975978266186E-32));
#8796=DIRECTION('',(-1.,1.22464679914735E-16,-1.49975978266186E-32));
#8797=DIRECTION('center_axis',(-1.,1.22464679914735E-16,-1.49975978266186E-32));
#8798=DIRECTION('ref_axis',(-1.49975978266186E-32,0.,1.));
#8799=DIRECTION('center_axis',(1.,-1.22464679914735E-16,1.49975978266186E-32));
#8800=DIRECTION('ref_axis',(1.49975978266186E-32,0.,-1.));
#8801=DIRECTION('center_axis',(1.,-1.22464679914735E-16,1.49975978266186E-32));
#8802=DIRECTION('ref_axis',(1.49975978266186E-32,0.,-1.));
#8803=DIRECTION('center_axis',(-8.65956056235493E-17,-0.707106781186548,
-0.707106781186548));
#8804=DIRECTION('ref_axis',(-8.65956056235493E-17,-0.707106781186548,0.707106781186548));
#8805=DIRECTION('',(8.65956056235493E-17,0.707106781186547,-0.707106781186547));
#8806=DIRECTION('center_axis',(-1.,1.22464679914735E-16,-1.49975978266186E-32));
#8807=DIRECTION('ref_axis',(-1.49975978266186E-32,0.,1.));
#8808=DIRECTION('center_axis',(6.12323399573697E-17,0.500000000000017,-0.866025403784429));
#8809=DIRECTION('ref_axis',(-1.0605752387249E-16,-0.866025403784429,-0.500000000000017));
#8810=DIRECTION('',(-1.06057523872489E-16,-0.866025403784429,-0.500000000000017));
#8811=DIRECTION('',(1.,1.44080616137453E-14,1.49975978266184E-32));
#8812=DIRECTION('',(1.,-1.22464679914735E-16,1.49975978266186E-32));
#8813=DIRECTION('',(1.,-1.22464679914735E-16,1.49975978266186E-32));
#8814=DIRECTION('',(1.,-1.22464679914735E-16,1.49975978266186E-32));
#8815=DIRECTION('',(1.,-1.37118323152647E-14,1.49975978266185E-32));
#8816=DIRECTION('center_axis',(1.49975978266186E-32,0.,-1.));
#8817=DIRECTION('ref_axis',(-1.22464679914735E-16,-1.,0.));
#8818=DIRECTION('',(-0.999847695156391,0.01745240643728,-1.4424474204483E-32));
#8819=DIRECTION('',(1.22464679914735E-16,1.,1.5088696973E-14));
#8820=DIRECTION('center_axis',(-0.01745240643728,-0.999847695156391,0.));
#8821=DIRECTION('ref_axis',(0.999847695156391,-0.01745240643728,1.49259570690011E-32));
#8822=DIRECTION('',(1.49975978266186E-32,0.,-1.));
#8823=DIRECTION('',(0.999847695156391,-0.01745240643728,1.45248180979219E-32));
#8824=DIRECTION('',(-0.999847695156391,0.01745240643733,-1.49564009004138E-32));
#8825=DIRECTION('',(-0.999847695156391,0.01745240643727,-1.5461315894316E-32));
#8826=DIRECTION('',(-0.999847695156391,0.01745240643727,-1.49564009004139E-32));
#8827=DIRECTION('',(-0.999847695156391,0.01745240643728,-1.4767151962644E-32));
#8828=DIRECTION('center_axis',(1.,-1.22464679914735E-16,1.49975978266186E-32));
#8829=DIRECTION('ref_axis',(1.22464679914735E-16,1.,0.));
#8830=DIRECTION('',(-1.22464679914735E-16,-1.,0.));
#8831=DIRECTION('',(-1.49975978266186E-32,0.,1.));
#8832=DIRECTION('',(1.22464679914735E-16,1.,0.));
#8833=DIRECTION('',(-1.22464679914735E-16,-1.,-3.522666524251E-14));
#8834=DIRECTION('',(1.06057523872489E-16,0.866025403784429,-0.500000000000017));
#8835=DIRECTION('center_axis',(-1.49975978266186E-32,0.,1.));
#8836=DIRECTION('ref_axis',(1.22464679914735E-16,1.,0.));
#8837=DIRECTION('',(1.,-1.22464679914735E-16,1.49975978266186E-32));
#8838=DIRECTION('',(-1.,1.22464679914735E-16,-1.49975978266186E-32));
#8839=DIRECTION('center_axis',(-1.22464679914735E-16,-1.,0.));
#8840=DIRECTION('ref_axis',(1.49975978266186E-32,0.,-1.));
#8841=DIRECTION('',(-1.,1.22464679914735E-16,-1.49975978266186E-32));
#8842=DIRECTION('',(-1.49975978266186E-32,0.,1.));
#8843=DIRECTION('',(-1.,1.22464679914735E-16,-1.49975978266186E-32));
#8844=DIRECTION('',(-1.49975978266186E-32,0.,1.));
#8845=DIRECTION('',(-1.,1.22464679914735E-16,-1.49975978266186E-32));
#8846=DIRECTION('',(-1.,1.22464679914735E-16,-1.49975978266186E-32));
#8847=DIRECTION('',(1.49975978266186E-32,0.,-1.));
#8848=DIRECTION('',(-1.,1.22464679914735E-16,-1.49975978266186E-32));
#8849=DIRECTION('',(1.49975978266186E-32,0.,-1.));
#8850=DIRECTION('center_axis',(1.49975978266186E-32,0.,-1.));
#8851=DIRECTION('ref_axis',(-1.22464679914735E-16,-1.,0.));
#8852=DIRECTION('center_axis',(-1.,1.22464679914735E-16,-1.49975978266186E-32));
#8853=DIRECTION('ref_axis',(1.22464679914735E-16,1.,0.));
#8854=DIRECTION('',(-1.22464679914735E-16,-1.,0.));
#8855=DIRECTION('',(-1.49975978266186E-32,0.,1.));
#8856=DIRECTION('',(-1.22464679914735E-16,-1.,1.748382717451E-14));
#8857=DIRECTION('',(-1.22464679914735E-16,-1.,-1.65620556413E-14));
#8858=DIRECTION('',(-1.22464679914735E-16,-1.,-1.736497471883E-14));
#8859=DIRECTION('center_axis',(1.49975978266186E-32,0.,-1.));
#8860=DIRECTION('ref_axis',(-1.,1.22464679914735E-16,-1.49975978266186E-32));
#8861=DIRECTION('',(1.22464679914735E-16,1.,0.));
#8862=DIRECTION('',(1.,-1.22464679914735E-16,1.49975978266186E-32));
#8863=DIRECTION('center_axis',(1.49975978266186E-32,0.,-1.));
#8864=DIRECTION('ref_axis',(-0.933260688529892,0.359199787367297,-1.51648027117105E-32));
#8865=DIRECTION('',(0.707106781186498,0.707106781186597,1.4182650622383E-32));
#8866=DIRECTION('',(-1.,1.22464679914735E-16,-1.49975978266186E-32));
#8867=DIRECTION('center_axis',(1.49975978266186E-32,0.,-1.));
#8868=DIRECTION('ref_axis',(-1.22464679914735E-16,-1.,0.));
#8869=DIRECTION('',(0.707106781186548,0.707106781186547,1.23658475654486E-32));
#8870=DIRECTION('',(-1.,2.47461395449347E-14,-1.49975978266187E-32));
#8871=DIRECTION('center_axis',(1.49975978266186E-32,0.,-1.));
#8872=DIRECTION('ref_axis',(-1.22464679914735E-16,-1.,0.));
#8873=DIRECTION('',(0.707106781186548,0.707106781186547,1.39777526814549E-32));
#8874=DIRECTION('',(1.,-1.22464679914735E-16,1.49975978266186E-32));
#8875=DIRECTION('center_axis',(1.49975978266186E-32,0.,-1.));
#8876=DIRECTION('ref_axis',(-1.22464679914735E-16,-1.,0.));
#8877=DIRECTION('center_axis',(-1.,1.22464679914735E-16,-1.49975978266186E-32));
#8878=DIRECTION('ref_axis',(1.22464679914735E-16,1.,0.));
#8879=DIRECTION('',(-1.22464679914735E-16,-1.,-1.77550372522E-14));
#8880=DIRECTION('',(-1.22464679914735E-16,-1.,-1.622214787378E-14));
#8881=DIRECTION('',(-1.22464679914735E-16,-1.,0.));
#8882=DIRECTION('',(-1.49975978266186E-32,0.,1.));
#8883=DIRECTION('center_axis',(-1.22464679914735E-16,-1.,0.));
#8884=DIRECTION('ref_axis',(-1.,1.22464679914735E-16,-1.49975978266186E-32));
#8885=DIRECTION('',(1.49975978266186E-32,0.,-1.));
#8886=DIRECTION('',(-1.,1.22464679914735E-16,-1.49975978266186E-32));
#8887=DIRECTION('center_axis',(-1.49975978266186E-32,0.,1.));
#8888=DIRECTION('ref_axis',(1.,-1.22464679914735E-16,1.49975978266186E-32));
#8889=DIRECTION('center_axis',(-1.49975978266186E-32,0.,1.));
#8890=DIRECTION('ref_axis',(-0.707106781188397,0.707106781184698,-1.51648027117105E-32));
#8891=DIRECTION('',(-1.49975978266186E-32,0.,1.));
#8892=DIRECTION('center_axis',(0.707106781186597,-0.707106781186498,1.23259516440783E-32));
#8893=DIRECTION('ref_axis',(-0.707106781186498,-0.707106781186597,-3.08148791101958E-32));
#8894=DIRECTION('',(1.49975978266186E-32,0.,-1.));
#8895=DIRECTION('',(-0.707106781186498,-0.707106781186597,-1.4182650622383E-32));
#8896=DIRECTION('center_axis',(1.22464679914735E-16,1.,0.));
#8897=DIRECTION('ref_axis',(1.,-1.22464679914735E-16,1.49975978266186E-32));
#8898=DIRECTION('',(1.49975978266186E-32,0.,-1.));
#8899=DIRECTION('',(-1.,1.22464679914735E-16,-1.49975978266186E-32));
#8900=DIRECTION('center_axis',(1.49975978266186E-32,0.,-1.));
#8901=DIRECTION('ref_axis',(-1.,1.22464679914735E-16,-1.49975978266186E-32));
#8902=DIRECTION('center_axis',(-1.49975978266186E-32,0.,1.));
#8903=DIRECTION('ref_axis',(-0.707106781186498,0.707106781186597,0.));
#8904=DIRECTION('',(-1.49975978266186E-32,0.,1.));
#8905=DIRECTION('center_axis',(0.707106781186547,-0.707106781186548,1.23259516440783E-32));
#8906=DIRECTION('ref_axis',(-0.707106781186548,-0.707106781186547,-3.08148791101958E-32));
#8907=DIRECTION('',(-0.707106781186548,-0.707106781186547,-1.23658475654486E-32));
#8908=DIRECTION('',(-1.49975978266186E-32,0.,1.));
#8909=DIRECTION('center_axis',(1.49975978266186E-32,0.,-1.));
#8910=DIRECTION('ref_axis',(-1.,1.22464679914735E-16,-1.49975978266186E-32));
#8911=DIRECTION('center_axis',(-1.49975978266186E-32,0.,1.));
#8912=DIRECTION('ref_axis',(-1.,-1.39748152595685E-13,-1.49975978266172E-32));
#8913=DIRECTION('',(1.,-1.22464679914735E-16,1.49975978266186E-32));
#8914=DIRECTION('',(-0.707106781186548,-0.707106781186547,-1.39777526814549E-32));
#8915=DIRECTION('center_axis',(-1.49975978266186E-32,0.,1.));
#8916=DIRECTION('ref_axis',(-0.707106781187497,0.707106781185598,0.));
#8917=DIRECTION('',(-1.,2.47461395449347E-14,-1.49975978266187E-32));
#8918=DIRECTION('center_axis',(1.49975978266186E-32,0.,-1.));
#8919=DIRECTION('ref_axis',(1.22464679914735E-16,1.,0.));
#8920=DIRECTION('',(1.49975978266186E-32,0.,-1.));
#8921=DIRECTION('center_axis',(-1.22464679914735E-16,-1.,0.));
#8922=DIRECTION('ref_axis',(-1.,1.22464679914735E-16,-1.49975978266186E-32));
#8923=DIRECTION('',(-1.49975978266186E-32,0.,1.));
#8924=DIRECTION('center_axis',(0.707106781186547,-0.707106781186548,1.23259516440783E-32));
#8925=DIRECTION('ref_axis',(-0.707106781186548,-0.707106781186547,-3.08148791101958E-32));
#8926=DIRECTION('',(-1.49975978266186E-32,0.,1.));
#8927=DIRECTION('center_axis',(1.49975978266186E-32,0.,-1.));
#8928=DIRECTION('ref_axis',(-1.,1.22464679914735E-16,-1.49975978266186E-32));
#8929=DIRECTION('',(1.49975978266186E-32,0.,-1.));
#8930=DIRECTION('center_axis',(1.22464679914735E-16,1.,0.));
#8931=DIRECTION('ref_axis',(1.,-1.22464679914735E-16,1.49975978266186E-32));
#8932=DIRECTION('center_axis',(1.49975978266186E-32,0.,-1.));
#8933=DIRECTION('ref_axis',(-1.22464679914735E-16,-1.,0.));
#8934=DIRECTION('',(1.22464679914735E-16,1.,1.538233513683E-14));
#8935=DIRECTION('center_axis',(1.,-1.22464679914735E-16,1.49975978266186E-32));
#8936=DIRECTION('ref_axis',(-1.22464679914735E-16,-1.,0.));
#8937=DIRECTION('',(-1.22464679914735E-16,-1.,0.));
#8938=DIRECTION('',(-1.49975978266186E-32,0.,1.));
#8939=DIRECTION('',(1.22464679914735E-16,1.,0.));
#8940=DIRECTION('',(1.22464679914735E-16,1.,1.888341346492E-14));
#8941=DIRECTION('center_axis',(1.49975978266186E-32,0.,-1.));
#8942=DIRECTION('ref_axis',(-1.,1.22464679914735E-16,-1.49975978266186E-32));
#8943=DIRECTION('',(1.,-1.22464679914735E-16,1.49975978266186E-32));
#8944=DIRECTION('',(1.22464679914735E-16,1.,0.));
#8945=DIRECTION('center_axis',(1.49975978266186E-32,0.,-1.));
#8946=DIRECTION('ref_axis',(1.,1.73613624795353E-14,1.49975978266186E-32));
#8947=DIRECTION('',(-1.,1.22464679914735E-16,-1.49975978266186E-32));
#8948=DIRECTION('',(0.707106781186547,-0.707106781186548,1.39777526814549E-32));
#8949=DIRECTION('center_axis',(1.49975978266186E-32,0.,-1.));
#8950=DIRECTION('ref_axis',(0.707106781187748,0.707106781185347,0.));
#8951=DIRECTION('',(-1.,1.22464679914735E-16,-1.49975978266186E-32));
#8952=DIRECTION('',(0.707106781186547,-0.707106781186548,1.23658475654506E-32));
#8953=DIRECTION('center_axis',(1.49975978266186E-32,0.,-1.));
#8954=DIRECTION('ref_axis',(0.707106781186398,0.707106781186697,1.89560033896382E-32));
#8955=DIRECTION('',(-1.,2.66755996912492E-12,-1.49975978266159E-32));
#8956=DIRECTION('',(0.707106781187597,-0.707106781185498,1.41826506223438E-32));
#8957=DIRECTION('center_axis',(1.49975978266186E-32,0.,-1.));
#8958=DIRECTION('ref_axis',(0.707106781188198,0.707106781184897,1.51648027117105E-32));
#8959=DIRECTION('center_axis',(-1.22464679914735E-16,-1.,0.));
#8960=DIRECTION('ref_axis',(-1.,1.22464679914735E-16,-1.49975978266186E-32));
#8961=DIRECTION('',(-1.49975978266186E-32,0.,1.));
#8962=DIRECTION('',(-1.,1.22464679914735E-16,-1.49975978266186E-32));
#8963=DIRECTION('center_axis',(1.49975978266186E-32,0.,-1.));
#8964=DIRECTION('ref_axis',(-1.,1.22464679914735E-16,-1.49975978266186E-32));
#8965=DIRECTION('',(1.49975978266186E-32,0.,-1.));
#8966=DIRECTION('center_axis',(-1.49975978266186E-32,0.,1.));
#8967=DIRECTION('ref_axis',(0.933260688529892,0.359199787367297,1.51648027117105E-32));
#8968=DIRECTION('center_axis',(1.49975978266186E-32,0.,-1.));
#8969=DIRECTION('ref_axis',(-1.,1.22464679914735E-16,-1.49975978266186E-32));
#8970=DIRECTION('',(1.22464679914735E-16,1.,-1.748382717451E-14));
#8971=DIRECTION('',(-0.707106781187597,0.707106781185498,-1.41826506223438E-32));
#8972=DIRECTION('',(-1.,2.66755996912492E-12,-1.49975978266159E-32));
#8973=DIRECTION('center_axis',(-1.49975978266186E-32,0.,1.));
#8974=DIRECTION('ref_axis',(-1.22464679914735E-16,-1.,0.));
#8975=DIRECTION('',(-0.707106781186497,0.707106781186598,-1.23658475654497E-32));
#8976=DIRECTION('',(-1.,1.22464679914735E-16,-1.49975978266186E-32));
#8977=DIRECTION('center_axis',(-1.49975978266186E-32,0.,1.));
#8978=DIRECTION('ref_axis',(-1.22464679914735E-16,-1.,0.));
#8979=DIRECTION('',(-0.707106781186547,0.707106781186548,-1.39777526814549E-32));
#8980=DIRECTION('',(-1.,1.22464679914735E-16,-1.49975978266186E-32));
#8981=DIRECTION('center_axis',(-1.49975978266186E-32,0.,1.));
#8982=DIRECTION('ref_axis',(-1.22464679914735E-16,-1.,0.));
#8983=DIRECTION('center_axis',(1.,-1.22464679914735E-16,1.49975978266186E-32));
#8984=DIRECTION('ref_axis',(-1.22464679914735E-16,-1.,0.));
#8985=DIRECTION('',(1.7279186352399E-30,1.398706172756E-14,-1.));
#8986=DIRECTION('',(1.22464679914735E-16,1.,1.934558245908E-14));
#8987=DIRECTION('center_axis',(1.49975978266186E-32,0.,-1.));
#8988=DIRECTION('ref_axis',(-1.,1.22464679914735E-16,-1.49975978266186E-32));
#8989=DIRECTION('center_axis',(1.49975978266186E-32,0.,-1.));
#8990=DIRECTION('ref_axis',(-1.,1.22464679914735E-16,-1.49975978266186E-32));
#8991=DIRECTION('',(-1.49975978266186E-32,0.,1.));
#8992=DIRECTION('center_axis',(1.22464679914735E-16,1.,0.));
#8993=DIRECTION('ref_axis',(1.,-1.22464679914735E-16,1.49975978266186E-32));
#8994=DIRECTION('',(-1.49975978266186E-32,0.,1.));
#8995=DIRECTION('center_axis',(-0.707106781186548,-0.707106781186547,-2.46519032881566E-32));
#8996=DIRECTION('ref_axis',(-0.707106781186547,0.707106781186548,-1.54074395550979E-32));
#8997=DIRECTION('',(1.49975978266186E-32,0.,-1.));
#8998=DIRECTION('center_axis',(1.49975978266186E-32,0.,-1.));
#8999=DIRECTION('ref_axis',(0.923879532513283,-0.382683432360271,1.38559736688786E-32));
#9000=DIRECTION('',(-1.49975978266186E-32,0.,1.));
#9001=DIRECTION('center_axis',(1.22464679914735E-16,1.,0.));
#9002=DIRECTION('ref_axis',(1.,-1.22464679914735E-16,1.49975978266186E-32));
#9003=DIRECTION('',(-1.49975978266186E-32,0.,1.));
#9004=DIRECTION('center_axis',(-0.707106781186548,-0.707106781186547,-2.46519032881566E-32));
#9005=DIRECTION('ref_axis',(-0.707106781186547,0.707106781186548,-1.54074395550979E-32));
#9006=DIRECTION('',(1.49975978266186E-32,0.,-1.));
#9007=DIRECTION('center_axis',(1.49975978266186E-32,0.,-1.));
#9008=DIRECTION('ref_axis',(0.923879532513283,-0.382683432360271,1.38559736688786E-32));
#9009=DIRECTION('',(-1.49975978266186E-32,0.,1.));
#9010=DIRECTION('center_axis',(1.22464679914735E-16,1.,0.));
#9011=DIRECTION('ref_axis',(1.,-1.22464679914735E-16,1.49975978266186E-32));
#9012=DIRECTION('',(-1.49975978266186E-32,0.,1.));
#9013=DIRECTION('center_axis',(-0.707106781186598,-0.707106781186498,-1.23259516440783E-32));
#9014=DIRECTION('ref_axis',(-0.707106781186497,0.707106781186598,-1.54074395550979E-32));
#9015=DIRECTION('center_axis',(1.49975978266186E-32,0.,-1.));
#9016=DIRECTION('ref_axis',(-1.,1.22464679914735E-16,-1.49975978266186E-32));
#9017=DIRECTION('center_axis',(1.49975978266186E-32,0.,-1.));
#9018=DIRECTION('ref_axis',(-1.22464679914735E-16,-1.,0.));
#9019=DIRECTION('center_axis',(6.12323399573697E-17,0.500000000000017,0.866025403784429));
#9020=DIRECTION('ref_axis',(-1.0605752387249E-16,-0.866025403784429,0.500000000000017));
#9021=DIRECTION('center_axis',(-6.12323399573697E-17,-0.500000000000017,
0.866025403784429));
#9022=DIRECTION('ref_axis',(-1.0605752387249E-16,-0.866025403784429,-0.500000000000017));
#9023=DIRECTION('',(1.,-1.22464679914735E-16,1.49975978266186E-32));
#9024=DIRECTION('',(-1.06057523872489E-16,-0.866025403784429,-0.500000000000017));
#9025=DIRECTION('center_axis',(-1.49975978266186E-32,0.,1.));
#9026=DIRECTION('ref_axis',(1.22464679914735E-16,1.,0.));
#9027=DIRECTION('',(1.22464679914735E-16,1.,1.695401421523E-14));
#9028=DIRECTION('',(-1.,1.22464679914735E-16,-1.49975978266186E-32));
#9029=DIRECTION('center_axis',(-1.,1.22464679914735E-16,-1.49975978266186E-32));
#9030=DIRECTION('ref_axis',(1.22464679914735E-16,1.,0.));
#9031=DIRECTION('',(1.49975978266186E-32,0.,-1.));
#9032=DIRECTION('',(-1.22464679914735E-16,-1.,0.));
#9033=DIRECTION('',(1.49975978266186E-32,0.,-1.));
#9034=DIRECTION('',(1.06057523872489E-16,0.866025403784429,-0.500000000000017));
#9035=DIRECTION('',(1.22464679914735E-16,1.,1.761333262126E-14));
#9036=DIRECTION('center_axis',(0.01745240643728,0.999847695156391,0.));
#9037=DIRECTION('ref_axis',(0.999847695156391,-0.01745240643728,1.49259570690011E-32));
#9038=DIRECTION('',(0.999847695156391,-0.01745240643728,1.4767151962644E-32));
#9039=DIRECTION('',(0.999847695156391,-0.01745240643727,1.49564009004139E-32));
#9040=DIRECTION('',(0.999847695156391,-0.01745240643727,1.5461315894316E-32));
#9041=DIRECTION('',(0.999847695156391,-0.01745240643732,1.44890133722759E-32));
#9042=DIRECTION('',(0.999847695156391,-0.01745240643728,1.4424474204483E-32));
#9043=DIRECTION('',(-0.999847695156391,0.01745240643728,-1.45248180979219E-32));
#9044=DIRECTION('center_axis',(1.49975978266186E-32,0.,-1.));
#9045=DIRECTION('ref_axis',(-1.22464679914735E-16,-1.,0.));
#9046=DIRECTION('',(-1.,1.22464679914735E-16,-1.49975978266186E-32));
#9047=DIRECTION('center_axis',(-1.22464679914735E-16,-1.,0.));
#9048=DIRECTION('ref_axis',(1.49975978266186E-32,0.,-1.));
#9049=DIRECTION('',(1.49975978266186E-32,0.,-1.));
#9050=DIRECTION('',(-1.,1.22464679914735E-16,-1.49975978266186E-32));
#9051=DIRECTION('',(1.49975978266186E-32,0.,-1.));
#9052=DIRECTION('',(-1.,1.22464679914735E-16,-1.49975978266186E-32));
#9053=DIRECTION('',(-1.,1.22464679914735E-16,-1.49975978266186E-32));
#9054=DIRECTION('',(-1.49975978266186E-32,0.,1.));
#9055=DIRECTION('',(-1.,1.22464679914735E-16,-1.49975978266186E-32));
#9056=DIRECTION('',(-1.49975978266186E-32,0.,1.));
#9057=DIRECTION('center_axis',(1.,-1.22464679914735E-16,1.49975978266186E-32));
#9058=DIRECTION('ref_axis',(1.22464679914735E-16,1.,0.));
#9059=DIRECTION('',(-1.22464679914735E-16,-1.,0.));
#9060=DIRECTION('',(1.22464679914735E-16,1.,0.));
#9061=DIRECTION('',(-1.22464679914735E-16,-1.,0.));
#9062=DIRECTION('',(-1.49975978266186E-32,0.,1.));
#9063=DIRECTION('',(-1.22464679914735E-16,-1.,0.));
#9064=DIRECTION('center_axis',(1.49975978266186E-32,0.,-1.));
#9065=DIRECTION('ref_axis',(-1.,1.22464679914735E-16,-1.49975978266186E-32));
#9066=DIRECTION('center_axis',(-1.49975978266186E-32,0.,1.));
#9067=DIRECTION('ref_axis',(-1.,-1.39748152595685E-13,-1.49975978266172E-32));
#9068=DIRECTION('',(1.,-1.22464679914735E-16,1.49975978266186E-32));
#9069=DIRECTION('',(-0.707106781186548,-0.707106781186547,-1.39777526814549E-32));
#9070=DIRECTION('center_axis',(-1.49975978266186E-32,0.,1.));
#9071=DIRECTION('ref_axis',(-0.707106781187497,0.707106781185598,0.));
#9072=DIRECTION('',(-1.,2.47461395449347E-14,-1.49975978266187E-32));
#9073=DIRECTION('',(-0.707106781186548,-0.707106781186547,-1.23658475654486E-32));
#9074=DIRECTION('center_axis',(-1.49975978266186E-32,0.,1.));
#9075=DIRECTION('ref_axis',(-0.707106781186498,0.707106781186597,0.));
#9076=DIRECTION('',(-1.,1.22464679914735E-16,-1.49975978266186E-32));
#9077=DIRECTION('',(-0.707106781186498,-0.707106781186597,-1.4182650622383E-32));
#9078=DIRECTION('center_axis',(-1.49975978266186E-32,0.,1.));
#9079=DIRECTION('ref_axis',(-0.707106781188397,0.707106781184698,-1.51648027117105E-32));
#9080=DIRECTION('',(-1.,1.22464679914735E-16,-1.49975978266186E-32));
#9081=DIRECTION('',(1.22464679914735E-16,1.,0.));
#9082=DIRECTION('center_axis',(1.,-1.22464679914735E-16,1.49975978266186E-32));
#9083=DIRECTION('ref_axis',(1.22464679914735E-16,1.,0.));
#9084=DIRECTION('',(1.49975978266186E-32,0.,-1.));
#9085=DIRECTION('',(-1.22464679914735E-16,-1.,0.));
#9086=DIRECTION('',(1.22464679914735E-16,1.,1.622214787378E-14));
#9087=DIRECTION('',(-1.22464679914735E-16,-1.,0.));
#9088=DIRECTION('center_axis',(1.49975978266186E-32,0.,-1.));
#9089=DIRECTION('ref_axis',(-1.,1.22464679914735E-16,-1.49975978266186E-32));
#9090=DIRECTION('center_axis',(1.49975978266186E-32,0.,-1.));
#9091=DIRECTION('ref_axis',(-1.22464679914735E-16,-1.,0.));
#9092=DIRECTION('',(-1.,1.22464679914735E-16,-1.49975978266186E-32));
#9093=DIRECTION('',(-1.22464679914735E-16,-1.,0.));
#9094=DIRECTION('center_axis',(-1.,1.22464679914735E-16,-1.49975978266186E-32));
#9095=DIRECTION('ref_axis',(-1.22464679914735E-16,-1.,0.));
#9096=DIRECTION('',(1.22464679914735E-16,1.,0.));
#9097=DIRECTION('',(1.22464679914735E-16,1.,0.));
#9098=DIRECTION('',(1.49975978266186E-32,0.,-1.));
#9099=DIRECTION('',(-1.22464679914735E-16,-1.,0.));
#9100=DIRECTION('center_axis',(1.49975978266186E-32,0.,-1.));
#9101=DIRECTION('ref_axis',(-1.,1.22464679914735E-16,-1.49975978266186E-32));
#9102=DIRECTION('center_axis',(-1.49975978266186E-32,0.,1.));
#9103=DIRECTION('ref_axis',(0.933260688529892,0.359199787367297,1.51648027117105E-32));
#9104=DIRECTION('',(-0.707106781187597,0.707106781185498,-1.41826506223438E-32));
#9105=DIRECTION('',(-1.,2.66755996912492E-12,-1.49975978266159E-32));
#9106=DIRECTION('center_axis',(-1.49975978266186E-32,0.,1.));
#9107=DIRECTION('ref_axis',(-1.22464679914735E-16,-1.,0.));
#9108=DIRECTION('',(-0.707106781186497,0.707106781186598,-1.23658475654497E-32));
#9109=DIRECTION('',(-1.,1.22464679914735E-16,-1.49975978266186E-32));
#9110=DIRECTION('center_axis',(-1.49975978266186E-32,0.,1.));
#9111=DIRECTION('ref_axis',(-1.22464679914735E-16,-1.,0.));
#9112=DIRECTION('',(-0.707106781186547,0.707106781186548,-1.39777526814549E-32));
#9113=DIRECTION('',(-1.,1.22464679914735E-16,-1.49975978266186E-32));
#9114=DIRECTION('center_axis',(-1.49975978266186E-32,0.,1.));
#9115=DIRECTION('ref_axis',(-1.22464679914735E-16,-1.,0.));
#9116=DIRECTION('',(1.22464679914735E-16,1.,0.));
#9117=DIRECTION('',(-1.,1.22464679914735E-16,-1.49975978266186E-32));
#9118=DIRECTION('center_axis',(-1.49975978266186E-32,0.,1.));
#9119=DIRECTION('ref_axis',(-1.,1.22464679914735E-16,-1.49975978266186E-32));
#9120=DIRECTION('',(-1.49975978266186E-32,0.,1.));
#9121=DIRECTION('center_axis',(1.49975978266186E-32,0.,-1.));
#9122=DIRECTION('ref_axis',(0.707106781188198,0.707106781184897,1.51648027117105E-32));
#9123=DIRECTION('',(1.49975978266186E-32,0.,-1.));
#9124=DIRECTION('center_axis',(1.22464679914735E-16,1.,0.));
#9125=DIRECTION('ref_axis',(-1.,1.22464679914735E-16,-1.49975978266186E-32));
#9126=DIRECTION('',(-1.,1.22464679914735E-16,-1.49975978266186E-32));
#9127=DIRECTION('center_axis',(1.49975978266186E-32,0.,-1.));
#9128=DIRECTION('ref_axis',(-1.22464679914735E-16,-1.,0.));
#9129=DIRECTION('',(-1.,1.22464679914735E-16,1.379694632544E-14));
#9130=DIRECTION('',(1.22464679914735E-16,1.,0.));
#9131=DIRECTION('center_axis',(1.49975978266186E-32,0.,-1.));
#9132=DIRECTION('ref_axis',(1.,-1.22464679914735E-16,1.49975978266186E-32));
#9133=DIRECTION('',(-1.,1.22464679914735E-16,-1.49975978266186E-32));
#9134=DIRECTION('',(0.707106781186547,-0.707106781186548,1.39777526814549E-32));
#9135=DIRECTION('center_axis',(1.49975978266186E-32,0.,-1.));
#9136=DIRECTION('ref_axis',(0.707106781187798,0.707106781185297,1.89560033896381E-32));
#9137=DIRECTION('',(-1.,1.22464679914735E-16,-1.49975978266186E-32));
#9138=DIRECTION('',(0.707106781186547,-0.707106781186548,1.23658475654506E-32));
#9139=DIRECTION('center_axis',(1.49975978266186E-32,0.,-1.));
#9140=DIRECTION('ref_axis',(0.707106781186398,0.707106781186697,1.89560033896382E-32));
#9141=DIRECTION('',(-1.,2.66755996912492E-12,-1.49975978266159E-32));
#9142=DIRECTION('',(0.707106781187597,-0.707106781185498,1.41826506223438E-32));
#9143=DIRECTION('center_axis',(0.707106781186598,0.707106781186498,1.23259516440783E-32));
#9144=DIRECTION('ref_axis',(-0.707106781186497,0.707106781186598,-1.54074395550979E-32));
#9145=DIRECTION('',(1.49975978266186E-32,0.,-1.));
#9146=DIRECTION('center_axis',(-1.22464679914735E-16,-1.,0.));
#9147=DIRECTION('ref_axis',(1.,-1.22464679914735E-16,1.49975978266186E-32));
#9148=DIRECTION('',(-1.49975978266186E-32,0.,1.));
#9149=DIRECTION('center_axis',(-1.49975978266186E-32,0.,1.));
#9150=DIRECTION('ref_axis',(0.923879532513284,-0.382683432360269,1.38559736688786E-32));
#9151=DIRECTION('',(1.49975978266186E-32,0.,-1.));
#9152=DIRECTION('center_axis',(0.707106781186548,0.707106781186547,2.46519032881566E-32));
#9153=DIRECTION('ref_axis',(-0.707106781186547,0.707106781186548,-1.54074395550979E-32));
#9154=DIRECTION('',(1.49975978266186E-32,0.,-1.));
#9155=DIRECTION('center_axis',(-1.22464679914735E-16,-1.,0.));
#9156=DIRECTION('ref_axis',(1.,-1.22464679914735E-16,1.49975978266186E-32));
#9157=DIRECTION('',(-1.49975978266186E-32,0.,1.));
#9158=DIRECTION('center_axis',(-1.49975978266186E-32,0.,1.));
#9159=DIRECTION('ref_axis',(0.923879532513284,-0.382683432360269,1.38559736688786E-32));
#9160=DIRECTION('',(1.49975978266186E-32,0.,-1.));
#9161=DIRECTION('center_axis',(0.707106781186548,0.707106781186547,2.46519032881566E-32));
#9162=DIRECTION('ref_axis',(-0.707106781186547,0.707106781186548,-1.54074395550979E-32));
#9163=DIRECTION('',(1.49975978266186E-32,0.,-1.));
#9164=DIRECTION('center_axis',(-1.22464679914735E-16,-1.,0.));
#9165=DIRECTION('ref_axis',(1.,-1.22464679914735E-16,1.49975978266186E-32));
#9166=DIRECTION('',(-1.49975978266186E-32,0.,1.));
#9167=DIRECTION('center_axis',(-1.49975978266186E-32,0.,1.));
#9168=DIRECTION('ref_axis',(-1.,1.22464679914735E-16,-1.49975978266186E-32));
#9169=DIRECTION('',(2.58437915394654E-30,2.098059259134E-14,-1.));
#9170=DIRECTION('center_axis',(-1.,1.22464679914735E-16,-1.49975978266186E-32));
#9171=DIRECTION('ref_axis',(-1.22464679914735E-16,-1.,0.));
#9172=DIRECTION('',(-1.22464679914735E-16,-1.,-1.5088696973E-14));
#9173=DIRECTION('',(1.22464679914735E-16,1.,0.));
#9174=DIRECTION('center_axis',(1.49975978266186E-32,0.,-1.));
#9175=DIRECTION('ref_axis',(-1.22464679914735E-16,-1.,0.));
#9176=DIRECTION('center_axis',(1.49975978266186E-32,0.,-1.));
#9177=DIRECTION('ref_axis',(-1.22464679914735E-16,-1.,0.));
#9178=DIRECTION('',(-1.,1.22464679914735E-16,-1.49975978266186E-32));
#9179=DIRECTION('center_axis',(-6.12323399573697E-17,-0.500000000000017,
-0.866025403784429));
#9180=DIRECTION('ref_axis',(-1.0605752387249E-16,-0.866025403784429,0.500000000000017));
#9181=DIRECTION('',(-1.,1.22464679914735E-16,-1.49975978266186E-32));
#9182=DIRECTION('',(-1.,1.22464679914735E-16,1.379694632544E-14));
#9183=DIRECTION('center_axis',(1.49975978266186E-32,0.,-1.));
#9184=DIRECTION('ref_axis',(-1.22464679914735E-16,-1.,0.));
#9185=DIRECTION('center_axis',(1.49975978266186E-32,0.,-1.));
#9186=DIRECTION('ref_axis',(-1.,1.22464679914735E-16,-1.49975978266186E-32));
#9187=DIRECTION('',(-1.,1.22464679914735E-16,-1.49975978266186E-32));
#9188=DIRECTION('center_axis',(1.49975978266186E-32,0.,-1.));
#9189=DIRECTION('ref_axis',(-0.933260688529892,0.359199787367297,-1.51648027117105E-32));
#9190=DIRECTION('',(0.707106781186498,0.707106781186597,1.4182650622383E-32));
#9191=DIRECTION('',(-1.,1.22464679914735E-16,-1.49975978266186E-32));
#9192=DIRECTION('center_axis',(1.49975978266186E-32,0.,-1.));
#9193=DIRECTION('ref_axis',(-1.22464679914735E-16,-1.,0.));
#9194=DIRECTION('',(0.707106781186548,0.707106781186547,1.23658475654486E-32));
#9195=DIRECTION('',(-1.,2.47461395449347E-14,-1.49975978266187E-32));
#9196=DIRECTION('center_axis',(1.49975978266186E-32,0.,-1.));
#9197=DIRECTION('ref_axis',(-1.22464679914735E-16,-1.,0.));
#9198=DIRECTION('',(0.707106781186548,0.707106781186547,1.39777526814549E-32));
#9199=DIRECTION('',(1.,-1.22464679914735E-16,1.49975978266186E-32));
#9200=DIRECTION('center_axis',(1.49975978266186E-32,0.,-1.));
#9201=DIRECTION('ref_axis',(-1.22464679914735E-16,-1.,0.));
#9202=DIRECTION('center_axis',(-1.49975978266186E-32,0.,1.));
#9203=DIRECTION('ref_axis',(1.22464679914735E-16,1.,0.));
#9204=DIRECTION('',(1.49975978266186E-32,0.,-1.));
#9205=DIRECTION('center_axis',(1.22464679914735E-16,1.,0.));
#9206=DIRECTION('ref_axis',(-1.,1.22464679914735E-16,-1.49975978266186E-32));
#9207=DIRECTION('',(1.49975978266186E-32,0.,-1.));
#9208=DIRECTION('center_axis',(-0.707106781186547,0.707106781186548,-1.23259516440783E-32));
#9209=DIRECTION('ref_axis',(-0.707106781186548,-0.707106781186547,-3.08148791101958E-32));
#9210=DIRECTION('',(-1.49975978266186E-32,0.,1.));
#9211=DIRECTION('center_axis',(-1.49975978266186E-32,0.,1.));
#9212=DIRECTION('ref_axis',(-1.,1.22464679914735E-16,-1.49975978266186E-32));
#9213=DIRECTION('',(1.49975978266186E-32,0.,-1.));
#9214=DIRECTION('center_axis',(-1.22464679914735E-16,-1.,0.));
#9215=DIRECTION('ref_axis',(1.,-1.22464679914735E-16,1.49975978266186E-32));
#9216=DIRECTION('',(1.49975978266186E-32,0.,-1.));
#9217=DIRECTION('center_axis',(-0.707106781186547,0.707106781186548,-1.23259516440783E-32));
#9218=DIRECTION('ref_axis',(-0.707106781186548,-0.707106781186547,-3.08148791101958E-32));
#9219=DIRECTION('',(-1.49975978266186E-32,0.,1.));
#9220=DIRECTION('center_axis',(-1.49975978266186E-32,0.,1.));
#9221=DIRECTION('ref_axis',(-1.,1.22464679914735E-16,-1.49975978266186E-32));
#9222=DIRECTION('',(1.49975978266186E-32,0.,-1.));
#9223=DIRECTION('center_axis',(-1.22464679914735E-16,-1.,0.));
#9224=DIRECTION('ref_axis',(1.,-1.22464679914735E-16,1.49975978266186E-32));
#9225=DIRECTION('',(-1.49975978266186E-32,0.,1.));
#9226=DIRECTION('center_axis',(-0.707106781186597,0.707106781186498,-1.23259516440783E-32));
#9227=DIRECTION('ref_axis',(-0.707106781186498,-0.707106781186597,-3.08148791101958E-32));
#9228=DIRECTION('',(-1.49975978266186E-32,0.,1.));
#9229=DIRECTION('center_axis',(1.49975978266186E-32,0.,-1.));
#9230=DIRECTION('ref_axis',(1.,-1.22464679914735E-16,1.49975978266186E-32));
#9231=DIRECTION('',(1.49975978266186E-32,0.,-1.));
#9232=DIRECTION('center_axis',(1.22464679914735E-16,1.,0.));
#9233=DIRECTION('ref_axis',(-1.,1.22464679914735E-16,-1.49975978266186E-32));
#9234=DIRECTION('center_axis',(8.65956056235494E-17,0.707106781186548,-0.707106781186548));
#9235=DIRECTION('ref_axis',(-8.65956056235493E-17,-0.707106781186548,-0.707106781186548));
#9236=DIRECTION('',(-8.65956056235493E-17,-0.707106781186547,-0.707106781186547));
#9237=DIRECTION('center_axis',(1.,-1.22464679914735E-16,1.49975978266186E-32));
#9238=DIRECTION('ref_axis',(1.49975978266186E-32,0.,-1.));
#9239=DIRECTION('center_axis',(1.,-1.22464679914735E-16,1.49975978266186E-32));
#9240=DIRECTION('ref_axis',(-1.49975978266186E-32,0.,1.));
#9241=DIRECTION('center_axis',(1.,-1.22464679914735E-16,1.49975978266186E-32));
#9242=DIRECTION('ref_axis',(1.22464679914735E-16,1.,0.));
#9243=DIRECTION('center_axis',(1.,-1.22464679914735E-16,1.49975978266186E-32));
#9244=DIRECTION('ref_axis',(1.49975978266186E-32,0.,-1.));
#9245=DIRECTION('center_axis',(-1.49975978266186E-32,0.,1.));
#9246=DIRECTION('ref_axis',(1.22464679914735E-16,1.,0.));
#9247=DIRECTION('',(-1.22464679914735E-16,-1.,0.));
#9248=DIRECTION('',(1.,-1.22464679914735E-16,1.49975978266186E-32));
#9249=DIRECTION('',(-1.22464679914735E-16,-1.,0.));
#9250=DIRECTION('',(-1.,1.22464679914735E-16,-1.49975978266186E-32));
#9251=DIRECTION('center_axis',(1.22464679914735E-16,1.,0.));
#9252=DIRECTION('ref_axis',(1.,-1.22464679914735E-16,1.49975978266186E-32));
#9253=DIRECTION('',(1.,-1.22464679914735E-16,1.49975978266186E-32));
#9254=DIRECTION('',(-1.49975978266186E-32,0.,1.));
#9255=DIRECTION('center_axis',(-1.49975978266186E-32,0.,1.));
#9256=DIRECTION('ref_axis',(1.22464679914735E-16,1.,0.));
#9257=DIRECTION('',(-1.22464679914735E-16,-1.,0.));
#9258=DIRECTION('',(1.,-1.22464679914735E-16,1.49975978266186E-32));
#9259=DIRECTION('',(1.22464679914735E-16,1.,0.));
#9260=DIRECTION('center_axis',(-1.,1.22464679914735E-16,-1.49975978266186E-32));
#9261=DIRECTION('ref_axis',(1.22464679914735E-16,1.,0.));
#9262=DIRECTION('',(-1.49975978266186E-32,0.,1.));
#9263=DIRECTION('center_axis',(1.22464679914735E-16,1.,0.));
#9264=DIRECTION('ref_axis',(-1.,1.22464679914735E-16,-1.49975978266186E-32));
#9265=DIRECTION('',(1.49975978266186E-32,0.,-1.));
#9266=DIRECTION('center_axis',(1.,-1.22464679914735E-16,1.49975978266186E-32));
#9267=DIRECTION('ref_axis',(-1.22464679914735E-16,-1.,0.));
#9268=DIRECTION('center_axis',(-1.49975978266186E-32,0.,1.));
#9269=DIRECTION('ref_axis',(1.,-1.22464679914735E-16,1.49975978266186E-32));
#9270=DIRECTION('',(2.76278169275185E-13,-1.,0.));
#9271=DIRECTION('center_axis',(0.0174524064372798,-2.13730336808334E-18,
0.999847695156391));
#9272=DIRECTION('ref_axis',(0.999847695156391,-1.22446027950813E-16,-0.0174524064372798));
#9273=DIRECTION('',(-0.999695459881887,-0.0174497491606996,0.0174497491606998));
#9274=DIRECTION('',(1.22464679914735E-16,1.,0.));
#9275=DIRECTION('center_axis',(-1.,1.22464679914735E-16,-1.49975978266186E-32));
#9276=DIRECTION('ref_axis',(-1.49975978266186E-32,0.,1.));
#9277=DIRECTION('',(-1.49975978266186E-32,0.,1.));
#9278=DIRECTION('',(-1.22464679914735E-16,-1.,0.));
#9279=DIRECTION('center_axis',(0.0174524064372798,-2.13730336808334E-18,
-0.999847695156391));
#9280=DIRECTION('ref_axis',(-0.999847695156391,1.22446027950813E-16,-0.0174524064372798));
#9281=DIRECTION('',(0.999695459881887,0.0174497491606797,0.0174497491606898));
#9282=DIRECTION('',(-0.999695459881888,0.0174497491606799,-0.0174497491606798));
#9283=DIRECTION('',(2.72704023146485E-13,-1.,0.));
#9284=DIRECTION('center_axis',(0.0174524064372797,-0.999847695156391,0.));
#9285=DIRECTION('ref_axis',(-0.999847695156391,-0.0174524064372797,-1.49259570690011E-32));
#9286=DIRECTION('center_axis',(1.49975978266186E-32,0.,-1.));
#9287=DIRECTION('ref_axis',(-1.,1.22464679914735E-16,-1.49975978266186E-32));
#9288=DIRECTION('',(-0.999847695156391,0.01745240643728,-1.53082862410981E-32));
#9289=DIRECTION('',(1.90615936166185E-13,-1.,0.));
#9290=DIRECTION('center_axis',(0.01745240643728,0.999847695156391,0.));
#9291=DIRECTION('ref_axis',(0.999847695156391,-0.01745240643728,1.49259570690011E-32));
#9292=DIRECTION('',(0.999695459881888,-0.0174497491606799,-0.0174497491606798));
#9293=DIRECTION('',(1.49975978266186E-32,0.,-1.));
#9294=DIRECTION('',(0.999695459881887,-0.0174497491606799,0.0174497491606798));
#9295=DIRECTION('center_axis',(0.0174524064372798,-2.13730336808334E-18,
-0.999847695156391));
#9296=DIRECTION('ref_axis',(-0.999847695156391,1.22446027950813E-16,-0.0174524064372798));
#9297=DIRECTION('',(1.22464679914735E-16,1.,0.));
#9298=DIRECTION('center_axis',(1.,-1.22464679914735E-16,1.49975978266186E-32));
#9299=DIRECTION('ref_axis',(-1.22464679914735E-16,-1.,0.));
#9300=DIRECTION('',(1.22464679914735E-16,1.,0.));
#9301=DIRECTION('center_axis',(0.0174524064372798,-2.13730336808334E-18,
0.999847695156391));
#9302=DIRECTION('ref_axis',(1.22464679914735E-16,1.,0.));
#9303=DIRECTION('center_axis',(-1.49975978266186E-32,0.,1.));
#9304=DIRECTION('ref_axis',(1.22464679914735E-16,1.,0.));
#9305=DIRECTION('',(1.22464679914735E-16,1.,0.));
#9306=DIRECTION('',(1.,-1.22464679914735E-16,1.49975978266186E-32));
#9307=DIRECTION('',(-1.22464679914735E-16,-1.,0.));
#9308=DIRECTION('',(-1.,1.22464679914735E-16,-1.49975978266186E-32));
#9309=DIRECTION('center_axis',(-1.,1.22464679914735E-16,-1.49975978266186E-32));
#9310=DIRECTION('ref_axis',(1.22464679914735E-16,1.,0.));
#9311=DIRECTION('',(1.22464679914735E-16,1.,0.));
#9312=DIRECTION('',(-1.49975978266186E-32,0.,1.));
#9313=DIRECTION('',(-1.49975978266186E-32,0.,1.));
#9314=DIRECTION('center_axis',(-1.49975978266186E-32,0.,1.));
#9315=DIRECTION('ref_axis',(1.22464679914735E-16,1.,0.));
#9316=DIRECTION('',(1.,-1.22464679914735E-16,1.49975978266186E-32));
#9317=DIRECTION('',(1.,-1.22464679914735E-16,1.49975978266186E-32));
#9318=DIRECTION('',(1.22464679914735E-16,1.,0.));
#9319=DIRECTION('center_axis',(1.22464679914735E-16,1.,0.));
#9320=DIRECTION('ref_axis',(1.,-1.22464679914735E-16,1.49975978266186E-32));
#9321=DIRECTION('',(1.49975978266186E-32,0.,-1.));
#9322=DIRECTION('center_axis',(1.,-1.22464679914735E-16,1.49975978266186E-32));
#9323=DIRECTION('ref_axis',(1.22464679914735E-16,1.,0.));
#9324=DIRECTION('center_axis',(-1.22464679914735E-16,-1.,0.));
#9325=DIRECTION('ref_axis',(1.,-1.22464679914735E-16,1.49975978266186E-32));
#9326=DIRECTION('center_axis',(-1.49975978266186E-32,0.,1.));
#9327=DIRECTION('ref_axis',(-1.22464679914735E-16,-1.,0.));
#9328=DIRECTION('',(-1.,1.22464679914735E-16,1.15667028798E-14));
#9329=DIRECTION('',(1.22464679914735E-16,1.,0.));
#9330=DIRECTION('',(-1.,1.22464679914735E-16,-1.49975978266186E-32));
#9331=DIRECTION('center_axis',(-6.12323399573697E-17,-0.500000000000017,
0.866025403784429));
#9332=DIRECTION('ref_axis',(-1.0605752387249E-16,-0.866025403784429,-0.500000000000017));
#9333=DIRECTION('',(1.,-1.22464679914735E-16,1.49975978266186E-32));
#9334=DIRECTION('',(-1.0605752387249E-16,-0.866025403784429,-0.500000000000017));
#9335=DIRECTION('center_axis',(-1.22464679914735E-16,-1.,0.));
#9336=DIRECTION('ref_axis',(1.49975978266186E-32,0.,-1.));
#9337=DIRECTION('',(-1.44243179567143E-30,-1.165588477297E-14,1.));
#9338=DIRECTION('',(-1.,1.22464679914735E-16,-1.49975978266186E-32));
#9339=DIRECTION('center_axis',(-1.,1.22464679914735E-16,-1.49975978266186E-32));
#9340=DIRECTION('ref_axis',(1.22464679914735E-16,1.,0.));
#9341=DIRECTION('',(-1.0605752387249E-16,-0.866025403784429,0.500000000000017));
#9342=DIRECTION('',(1.49975978266186E-32,0.,-1.));
#9343=DIRECTION('',(1.22464679914735E-16,1.,0.));
#9344=DIRECTION('center_axis',(-1.49975978266186E-32,0.,1.));
#9345=DIRECTION('ref_axis',(1.22464679914735E-16,1.,0.));
#9346=DIRECTION('',(-1.,1.22464679914735E-16,-1.49975978266186E-32));
#9347=DIRECTION('center_axis',(1.22464679914735E-16,1.,0.));
#9348=DIRECTION('ref_axis',(-1.49975978266186E-32,0.,1.));
#9349=DIRECTION('',(-1.,1.22464679914735E-16,-1.49975978266186E-32));
#9350=DIRECTION('center_axis',(6.12323399573697E-17,0.500000000000017,0.866025403784429));
#9351=DIRECTION('ref_axis',(-1.0605752387249E-16,-0.866025403784429,0.500000000000017));
#9352=DIRECTION('center_axis',(0.00872653549837387,0.999961923064171,0.));
#9353=DIRECTION('ref_axis',(-1.49975978266186E-32,0.,1.));
#9354=DIRECTION('',(-1.49975978266186E-32,0.,1.));
#9355=DIRECTION('',(0.99992385047757,-0.00872620324394486,-0.00872620324394474));
#9356=DIRECTION('',(-0.99992385047757,0.00872620324394486,-0.00872620324394474));
#9357=DIRECTION('center_axis',(-1.,1.22464679914735E-16,-1.49975978266186E-32));
#9358=DIRECTION('ref_axis',(1.49975978266186E-32,0.,-1.));
#9359=DIRECTION('',(1.49975978266186E-32,0.,-1.));
#9360=DIRECTION('',(8.65956056235493E-17,0.707106781186548,0.707106781186548));
#9361=DIRECTION('',(-1.22464679914735E-16,-1.,0.));
#9362=DIRECTION('',(1.22464679914735E-16,1.,0.));
#9363=DIRECTION('',(-8.65956056235494E-17,-0.707106781186548,0.707106781186548));
#9364=DIRECTION('',(-1.22464679914735E-16,-1.,0.));
#9365=DIRECTION('',(1.49975978266186E-32,0.,-1.));
#9366=DIRECTION('',(-1.22464679914735E-16,-1.,0.));
#9367=DIRECTION('',(-1.49975978266186E-32,0.,1.));
#9368=DIRECTION('center_axis',(0.00872653549837363,-0.999961923064171,0.));
#9369=DIRECTION('ref_axis',(1.49975978266186E-32,0.,-1.));
#9370=DIRECTION('',(-0.999955390531953,-0.00872647848982946,0.00361462574224383));
#9371=DIRECTION('',(0.999955390531953,0.00872647848982946,0.00361462574224183));
#9372=DIRECTION('center_axis',(0.00872653549837412,-0.707079856727016,-0.707079856727016));
#9373=DIRECTION('ref_axis',(8.65956056235493E-17,0.707106781186548,-0.707106781186548));
#9374=DIRECTION('',(0.999955390531953,0.00361462574224271,0.00872647848982858));
#9375=DIRECTION('center_axis',(0.00872653549837375,-1.06869237657292E-18,
-0.999961923064171));
#9376=DIRECTION('ref_axis',(1.22464679914735E-16,1.,0.));
#9377=DIRECTION('center_axis',(0.00872653549837412,-0.707079856727016,0.707079856727016));
#9378=DIRECTION('ref_axis',(-8.65956056235493E-17,-0.707106781186548,-0.707106781186548));
#9379=DIRECTION('',(-0.999955390531953,-0.00361462574224271,0.00872647848982858));
#9380=DIRECTION('center_axis',(0.00872653549837375,-1.06869237657292E-18,
0.999961923064171));
#9381=DIRECTION('ref_axis',(-1.22464679914735E-16,-1.,0.));
#9382=DIRECTION('center_axis',(-1.49975978266186E-32,0.,1.));
#9383=DIRECTION('ref_axis',(1.22464679914735E-16,1.,0.));
#9384=DIRECTION('',(-1.,1.22464679914735E-16,-1.49975978266186E-32));
#9385=DIRECTION('center_axis',(1.49975978266186E-32,0.,-1.));
#9386=DIRECTION('ref_axis',(1.22464679914735E-16,1.,0.));
#9387=DIRECTION('',(0.965650068721672,-0.259846002043192,1.24910863246561E-32));
#9388=DIRECTION('',(-0.965650068721672,-0.259846002043192,-1.66547817662081E-32));
#9389=DIRECTION('center_axis',(1.49975978266186E-32,0.,-1.));
#9390=DIRECTION('ref_axis',(0.259846002043099,-0.965650068721697,0.));
#9391=DIRECTION('',(1.,-1.22464679914735E-16,1.49975978266186E-32));
#9392=DIRECTION('',(1.22464679914735E-16,1.,0.));
#9393=DIRECTION('center_axis',(-1.22464679914735E-16,-1.,0.));
#9394=DIRECTION('ref_axis',(-1.,1.22464679914735E-16,-1.49975978266186E-32));
#9395=DIRECTION('',(-1.,1.22464679914735E-16,-1.49975978266186E-32));
#9396=DIRECTION('',(1.49975978266186E-32,0.,-1.));
#9397=DIRECTION('',(-1.49975978266186E-32,0.,1.));
#9398=DIRECTION('center_axis',(1.49975978266186E-32,0.,-1.));
#9399=DIRECTION('ref_axis',(-1.22464679914735E-16,-1.,0.));
#9400=DIRECTION('',(-1.,1.22464679914735E-16,-1.49975978266186E-32));
#9401=DIRECTION('center_axis',(-1.49975978266186E-32,0.,1.));
#9402=DIRECTION('ref_axis',(-1.22464679914735E-16,-1.,0.));
#9403=DIRECTION('',(0.965650068721672,0.259846002043192,1.66547817662081E-32));
#9404=DIRECTION('',(-0.965650068721672,0.259846002043192,-1.24910863246561E-32));
#9405=DIRECTION('center_axis',(-1.49975978266186E-32,0.,1.));
#9406=DIRECTION('ref_axis',(0.259846002043006,0.965650068721722,0.));
#9407=DIRECTION('',(-1.22464679914735E-16,-1.,0.));
#9408=DIRECTION('center_axis',(-1.22464679914735E-16,-1.,0.));
#9409=DIRECTION('ref_axis',(-1.,1.22464679914735E-16,-1.49975978266186E-32));
#9410=DIRECTION('',(-1.49975978266186E-32,0.,1.));
#9411=DIRECTION('',(1.49975978266186E-32,0.,-1.));
#9412=DIRECTION('center_axis',(-1.,1.22464679914735E-16,-1.49975978266186E-32));
#9413=DIRECTION('ref_axis',(1.49975978266186E-32,0.,-1.));
#9414=DIRECTION('',(-1.22464679914735E-16,-1.,0.));
#9415=DIRECTION('',(-1.49975978266186E-32,0.,1.));
#9416=DIRECTION('',(1.22464679914735E-16,1.,0.));
#9417=DIRECTION('',(1.49975978266186E-32,0.,-1.));
#9418=DIRECTION('center_axis',(-1.,1.22464679914735E-16,-1.49975978266186E-32));
#9419=DIRECTION('ref_axis',(1.49975978266186E-32,0.,-1.));
#9420=DIRECTION('center_axis',(1.49975978266186E-32,0.,-1.));
#9421=DIRECTION('ref_axis',(-1.22464679914735E-16,-1.,0.));
#9422=DIRECTION('',(1.,-1.22464679914735E-16,1.49975978266186E-32));
#9423=DIRECTION('center_axis',(-1.49975978266186E-32,0.,1.));
#9424=DIRECTION('ref_axis',(-1.22464679914735E-16,-1.,0.));
#9425=DIRECTION('',(0.965650068721672,0.259846002043192,1.66547817662081E-32));
#9426=DIRECTION('',(1.22464679914735E-16,1.,0.));
#9427=DIRECTION('',(-0.965650068721672,0.259846002043192,-1.24910863246561E-32));
#9428=DIRECTION('center_axis',(-1.49975978266186E-32,0.,1.));
#9429=DIRECTION('ref_axis',(0.259846002043006,0.965650068721722,0.));
#9430=DIRECTION('',(-1.,1.22464679914735E-16,-1.49975978266186E-32));
#9431=DIRECTION('center_axis',(-1.22464679914735E-16,-1.,0.));
#9432=DIRECTION('ref_axis',(-1.,1.22464679914735E-16,-1.49975978266186E-32));
#9433=DIRECTION('',(-1.,1.22464679914735E-16,-1.49975978266186E-32));
#9434=DIRECTION('',(-1.49975978266186E-32,0.,1.));
#9435=DIRECTION('center_axis',(-1.49975978266186E-32,0.,1.));
#9436=DIRECTION('ref_axis',(1.22464679914735E-16,1.,0.));
#9437=DIRECTION('',(-1.,1.22464679914735E-16,-1.49975978266186E-32));
#9438=DIRECTION('center_axis',(1.49975978266186E-32,0.,-1.));
#9439=DIRECTION('ref_axis',(1.22464679914735E-16,1.,0.));
#9440=DIRECTION('',(0.965650068721672,-0.259846002043192,1.24910863246561E-32));
#9441=DIRECTION('',(1.22464679914735E-16,1.,0.));
#9442=DIRECTION('',(-0.965650068721672,-0.259846002043192,-1.66547817662081E-32));
#9443=DIRECTION('center_axis',(1.49975978266186E-32,0.,-1.));
#9444=DIRECTION('ref_axis',(0.259846002043099,-0.965650068721697,0.));
#9445=DIRECTION('center_axis',(-1.22464679914735E-16,-1.,0.));
#9446=DIRECTION('ref_axis',(-1.,1.22464679914735E-16,-1.49975978266186E-32));
#9447=DIRECTION('',(1.49975978266186E-32,0.,-1.));
#9448=DIRECTION('center_axis',(-1.49975978266186E-32,0.,1.));
#9449=DIRECTION('ref_axis',(1.22464679914735E-16,1.,0.));
#9450=DIRECTION('',(4.545795061457E-14,-1.398706172756E-14,1.));
#9451=DIRECTION('center_axis',(-0.259846002043193,-0.965650068721672,0.));
#9452=DIRECTION('ref_axis',(-0.965650068721672,0.259846002043193,-1.15555796663234E-32));
#9453=DIRECTION('',(1.49975978266186E-32,0.,-1.));
#9454=DIRECTION('center_axis',(1.,-1.22464679914735E-16,1.49975978266186E-32));
#9455=DIRECTION('ref_axis',(1.49975978266186E-32,0.,-1.));
#9456=DIRECTION('',(1.49975978266186E-32,0.,-1.));
#9457=DIRECTION('',(8.65956056235493E-17,0.707106781186548,0.707106781186548));
#9458=DIRECTION('',(-1.22464679914735E-16,-1.,0.));
#9459=DIRECTION('',(-1.49975978266186E-32,0.,1.));
#9460=DIRECTION('',(1.22464679914735E-16,1.,0.));
#9461=DIRECTION('',(-8.65956056235494E-17,-0.707106781186548,0.707106781186548));
#9462=DIRECTION('',(-1.49975978266186E-32,0.,1.));
#9463=DIRECTION('center_axis',(0.00872653549837363,-0.999961923064171,0.));
#9464=DIRECTION('ref_axis',(1.49975978266186E-32,0.,-1.));
#9465=DIRECTION('',(-0.999955390531953,-0.00872647848982946,0.00361462574224183));
#9466=DIRECTION('',(0.999955390531953,0.00872647848982946,0.00361462574224183));
#9467=DIRECTION('center_axis',(0.00872653549837412,-0.707079856727016,-0.707079856727016));
#9468=DIRECTION('ref_axis',(8.65956056235493E-17,0.707106781186548,-0.707106781186548));
#9469=DIRECTION('',(0.999955390531953,0.00361462574224271,0.00872647848982858));
#9470=DIRECTION('center_axis',(0.00872653549837375,-1.06869237657292E-18,
-0.999961923064171));
#9471=DIRECTION('ref_axis',(1.22464679914735E-16,1.,0.));
#9472=DIRECTION('',(-0.99992385047757,0.00872620324394486,-0.00872620324394474));
#9473=DIRECTION('center_axis',(0.00872653549837387,0.999961923064171,0.));
#9474=DIRECTION('ref_axis',(-1.49975978266186E-32,0.,1.));
#9475=DIRECTION('',(0.99992385047757,-0.00872620324394486,-0.00872620324394474));
#9476=DIRECTION('center_axis',(0.00872653549837375,-1.06869237657292E-18,
0.999961923064171));
#9477=DIRECTION('ref_axis',(-1.22464679914735E-16,-1.,0.));
#9478=DIRECTION('',(-0.999955390531953,-0.00361462574224271,0.00872647848982959));
#9479=DIRECTION('center_axis',(0.00872653549837412,-0.707079856727016,0.707079856727016));
#9480=DIRECTION('ref_axis',(-8.65956056235493E-17,-0.707106781186548,-0.707106781186548));
#9481=DIRECTION('center_axis',(0.259846002043192,-0.965650068721672,0.));
#9482=DIRECTION('ref_axis',(-0.965650068721672,-0.259846002043192,-1.15555796663234E-32));
#9483=DIRECTION('',(-4.895471604646E-14,-2.098059259134E-14,-1.));
#9484=DIRECTION('center_axis',(-1.49975978266186E-32,0.,1.));
#9485=DIRECTION('ref_axis',(-1.22464679914735E-16,-1.,0.));
#9486=DIRECTION('center_axis',(-1.49975978266186E-32,0.,1.));
#9487=DIRECTION('ref_axis',(-1.22464679914735E-16,-1.,0.));
#9488=DIRECTION('',(-4.895471604646E-14,-2.098059259134E-14,-1.));
#9489=DIRECTION('center_axis',(0.259846002043192,-0.965650068721672,0.));
#9490=DIRECTION('ref_axis',(-0.965650068721672,-0.259846002043192,-1.15555796663234E-32));
#9491=DIRECTION('center_axis',(-1.49975978266186E-32,0.,1.));
#9492=DIRECTION('ref_axis',(1.22464679914735E-16,1.,0.));
#9493=DIRECTION('',(4.545795061457E-14,-1.398706172756E-14,1.));
#9494=DIRECTION('center_axis',(-0.259846002043193,-0.965650068721672,0.));
#9495=DIRECTION('ref_axis',(-0.965650068721672,0.259846002043193,-1.15555796663234E-32));
#9496=DIRECTION('center_axis',(7.34788079488412E-17,0.6,-0.8));
#9497=DIRECTION('ref_axis',(9.79717439317883E-17,0.8,0.6));
#9498=DIRECTION('',(1.,9.09036547611585E-13,4.895471604646E-13));
#9499=DIRECTION('',(-9.79717439317882E-17,-0.8,-0.6));
#9500=DIRECTION('',(1.,-1.22464679914735E-16,-2.098059259134E-13));
#9501=DIRECTION('center_axis',(3.87267321454002E-17,0.316227766016808,-0.948683298050524));
#9502=DIRECTION('ref_axis',(1.16180196436213E-16,0.948683298050524,0.316227766016808));
#9503=DIRECTION('',(-1.16180196436216E-16,-0.948683298050554,-0.316227766016718));
#9504=DIRECTION('',(1.,-1.22464679914735E-16,-2.098059259134E-13));
#9505=DIRECTION('center_axis',(1.22464679914735E-16,1.,0.));
#9506=DIRECTION('ref_axis',(-1.49975978266186E-32,0.,1.));
#9507=DIRECTION('',(-1.49975978266186E-32,0.,1.));
#9508=DIRECTION('',(1.,-1.22464679914735E-16,1.49975978266186E-32));
#9509=DIRECTION('center_axis',(-1.49975978266186E-32,0.,1.));
#9510=DIRECTION('ref_axis',(-1.22464679914735E-16,-1.,0.));
#9511=DIRECTION('',(-1.22464679914735E-16,-1.,0.));
#9512=DIRECTION('',(1.,-1.22464679914735E-16,1.49975978266186E-32));
#9513=DIRECTION('center_axis',(-1.22464679914735E-16,-1.,0.));
#9514=DIRECTION('ref_axis',(1.49975978266186E-32,0.,-1.));
#9515=DIRECTION('',(1.49975978266186E-32,0.,-1.));
#9516=DIRECTION('',(1.,-1.22464679914735E-16,1.49975978266186E-32));
#9517=DIRECTION('center_axis',(1.49975978266186E-32,0.,-1.));
#9518=DIRECTION('ref_axis',(1.22464679914735E-16,1.,0.));
#9519=DIRECTION('',(1.22464679914735E-16,1.,0.));
#9520=DIRECTION('',(1.,-1.22464679914735E-16,1.49975978266186E-32));
#9521=DIRECTION('center_axis',(-1.22464679914735E-16,-1.,0.));
#9522=DIRECTION('ref_axis',(1.49975978266186E-32,0.,-1.));
#9523=DIRECTION('',(1.49975978266186E-32,0.,-1.));
#9524=DIRECTION('',(1.,-1.22464679914735E-16,-6.99353086378E-14));
#9525=DIRECTION('center_axis',(1.49975978266186E-32,0.,-1.));
#9526=DIRECTION('ref_axis',(1.22464679914735E-16,1.,0.));
#9527=DIRECTION('',(1.22464679914735E-16,1.,4.662353909187E-14));
#9528=DIRECTION('',(1.,-1.22464679914735E-16,-6.99353086378E-14));
#9529=DIRECTION('center_axis',(1.22464679914735E-16,1.,0.));
#9530=DIRECTION('ref_axis',(-1.49975978266186E-32,0.,1.));
#9531=DIRECTION('',(-1.49975978266186E-32,0.,1.));
#9532=DIRECTION('',(1.,-1.22464679914735E-16,-3.49676543189E-13));
#9533=DIRECTION('center_axis',(1.20086498579063E-16,0.980580675690916,-0.196116135138203));
#9534=DIRECTION('ref_axis',(2.4017299715815E-17,0.196116135138203,0.980580675690916));
#9535=DIRECTION('',(-2.4017299715815E-17,-0.196116135138203,-0.980580675690916));
#9536=DIRECTION('',(1.,1.74715806914585E-13,7.692883950159E-13));
#9537=DIRECTION('center_axis',(1.16180196436213E-16,0.948683298050524,-0.316227766016808));
#9538=DIRECTION('ref_axis',(3.87267321454002E-17,0.316227766016808,0.948683298050524));
#9539=DIRECTION('',(-3.87267321453855E-17,-0.316227766016688,-0.948683298050564));
#9540=DIRECTION('',(1.,-1.74960736274415E-13,-6.294177777402E-13));
#9541=DIRECTION('center_axis',(1.09535739652838E-16,0.894427190999896,-0.447213595499998));
#9542=DIRECTION('ref_axis',(5.47678698264251E-17,0.447213595499998,0.894427190999896));
#9543=DIRECTION('',(-5.47678698264252E-17,-0.447213595499998,-0.894427190999896));
#9544=DIRECTION('',(1.,-2.44896044912215E-13,-6.294177777402E-13));
#9545=DIRECTION('center_axis',(8.65956056235494E-17,0.707106781186548,-0.707106781186548));
#9546=DIRECTION('ref_axis',(8.65956056235493E-17,0.707106781186548,0.707106781186548));
#9547=DIRECTION('',(-8.65956056235554E-17,-0.707106781186598,-0.707106781186498));
#9548=DIRECTION('center_axis',(-1.,1.22464679914735E-16,-1.49975978266186E-32));
#9549=DIRECTION('ref_axis',(1.49975978266186E-32,0.,-1.));
#9550=DIRECTION('center_axis',(-6.12323399573697E-17,-0.500000000000017,
0.866025403784429));
#9551=DIRECTION('ref_axis',(-1.0605752387249E-16,-0.866025403784429,-0.500000000000017));
#9552=DIRECTION('',(1.0605752387249E-16,0.866025403784429,0.500000000000017));
#9553=DIRECTION('',(-1.,1.22464679914735E-16,-1.49975978266186E-32));
#9554=DIRECTION('',(-1.,1.22464679914735E-16,-1.49975978266186E-32));
#9555=DIRECTION('center_axis',(1.,-1.22464679914735E-16,1.49975978266186E-32));
#9556=DIRECTION('ref_axis',(-1.22464679914735E-16,-1.,0.));
#9557=DIRECTION('',(1.49975978266186E-32,0.,-1.));
#9558=DIRECTION('',(-1.22464679914735E-16,-1.,0.));
#9559=DIRECTION('',(1.0605752387249E-16,0.866025403784429,-0.500000000000017));
#9560=DIRECTION('',(1.41243660001819E-30,1.165588477297E-14,1.));
#9561=DIRECTION('',(-1.22464679914735E-16,-1.,0.));
#9562=DIRECTION('center_axis',(-1.22464679914735E-16,-1.,0.));
#9563=DIRECTION('ref_axis',(1.49975978266186E-32,0.,-1.));
#9564=DIRECTION('',(-1.,1.22464679914735E-16,-1.49975978266186E-32));
#9565=DIRECTION('center_axis',(-1.49975978266186E-32,0.,1.));
#9566=DIRECTION('ref_axis',(1.22464679914735E-16,1.,0.));
#9567=DIRECTION('',(-1.,1.22464679914735E-16,-1.49975978266186E-32));
#9568=DIRECTION('center_axis',(1.22464679914735E-16,1.,0.));
#9569=DIRECTION('ref_axis',(-1.49975978266186E-32,0.,1.));
#9570=DIRECTION('',(1.,-1.22464679914735E-16,1.49975978266186E-32));
#9571=DIRECTION('center_axis',(6.12323399573697E-17,0.500000000000017,0.866025403784429));
#9572=DIRECTION('ref_axis',(-1.0605752387249E-16,-0.866025403784429,0.500000000000017));
#9573=DIRECTION('',(-1.,1.22464679914735E-16,-1.49975978266186E-32));
#9574=DIRECTION('center_axis',(-1.49975978266186E-32,0.,1.));
#9575=DIRECTION('ref_axis',(-1.22464679914735E-16,-1.,0.));
#9576=DIRECTION('center_axis',(1.22464679914735E-16,1.,0.));
#9577=DIRECTION('ref_axis',(-1.,1.22464679914735E-16,-1.49975978266186E-32));
#9578=DIRECTION('',(1.49975978266186E-32,0.,-1.));
#9579=DIRECTION('',(1.,-1.22464679914735E-16,1.49975978266186E-32));
#9580=DIRECTION('center_axis',(-1.49975978266186E-32,0.,1.));
#9581=DIRECTION('ref_axis',(1.22464679914735E-16,1.,0.));
#9582=DIRECTION('center_axis',(1.49975978266186E-32,0.,-1.));
#9583=DIRECTION('ref_axis',(-3.50901189988147E-14,-1.,0.));
#9584=DIRECTION('',(-1.,1.22464679914735E-16,-1.49975978266186E-32));
#9585=DIRECTION('center_axis',(1.49975978266186E-32,0.,-1.));
#9586=DIRECTION('ref_axis',(1.22464679914735E-16,1.,0.));
#9587=DIRECTION('',(-1.49975978266186E-32,0.,1.));
#9588=DIRECTION('center_axis',(-1.22464679914735E-16,-1.,0.));
#9589=DIRECTION('ref_axis',(-1.,1.22464679914735E-16,-1.49975978266186E-32));
#9590=DIRECTION('center_axis',(1.22464679914735E-16,1.,0.));
#9591=DIRECTION('ref_axis',(1.,-1.22464679914735E-16,1.49975978266186E-32));
#9592=DIRECTION('',(0.866025403784429,-1.06057523872489E-16,0.500000000000017));
#9593=DIRECTION('',(1.49975978266186E-32,0.,-1.));
#9594=DIRECTION('',(1.,-1.22464679914735E-16,1.49975978266186E-32));
#9595=DIRECTION('center_axis',(-0.500000000000017,6.12323399573697E-17,
0.866025403784429));
#9596=DIRECTION('ref_axis',(0.866025403784429,-1.0605752387249E-16,0.500000000000017));
#9597=DIRECTION('',(1.22464679914735E-16,1.,0.));
#9598=DIRECTION('',(-0.866025403784429,1.06057523872489E-16,-0.500000000000017));
#9599=DIRECTION('center_axis',(-1.22464679914735E-16,-1.,0.));
#9600=DIRECTION('ref_axis',(1.,-1.22464679914735E-16,1.49975978266186E-32));
#9601=DIRECTION('',(-1.,1.22464679914735E-16,-1.49975978266186E-32));
#9602=DIRECTION('',(-1.49975978266186E-32,0.,1.));
#9603=DIRECTION('center_axis',(-1.49975978266186E-32,0.,1.));
#9604=DIRECTION('ref_axis',(1.22464679914735E-16,1.,0.));
#9605=DIRECTION('center_axis',(1.49975978266186E-32,0.,-1.));
#9606=DIRECTION('ref_axis',(-1.22464679914735E-16,-1.,0.));
#9607=DIRECTION('',(1.49975978266186E-32,0.,-1.));
#9608=DIRECTION('center_axis',(1.22464679914735E-16,1.,0.));
#9609=DIRECTION('ref_axis',(1.,-1.22464679914735E-16,1.49975978266186E-32));
#9610=DIRECTION('',(1.,-1.22464679914735E-16,1.49975978266186E-32));
#9611=DIRECTION('',(-1.49975978266186E-32,0.,1.));
#9612=DIRECTION('center_axis',(1.49975978266186E-32,0.,-1.));
#9613=DIRECTION('ref_axis',(1.22464679914735E-16,1.,0.));
#9614=DIRECTION('center_axis',(1.49975978266186E-32,0.,-1.));
#9615=DIRECTION('ref_axis',(-1.22464679914735E-16,-1.,0.));
#9616=DIRECTION('center_axis',(-1.49975978266186E-32,0.,1.));
#9617=DIRECTION('ref_axis',(1.22464679914735E-16,1.,0.));
#9618=DIRECTION('center_axis',(1.,-1.22464679914735E-16,1.49975978266186E-32));
#9619=DIRECTION('ref_axis',(0.,0.,1.));
#9620=DIRECTION('center_axis',(-1.22464679914735E-16,-1.,0.));
#9621=DIRECTION('ref_axis',(1.,-1.22464679914735E-16,1.49975978266186E-32));
#9622=DIRECTION('center_axis',(1.,-1.22464679914735E-16,1.49975978266186E-32));
#9623=DIRECTION('ref_axis',(-1.22464679914735E-16,-1.,0.));
#9624=DIRECTION('center_axis',(1.49975978266186E-32,0.,-1.));
#9625=DIRECTION('ref_axis',(1.22464679914735E-16,1.,0.));
#9626=DIRECTION('center_axis',(-1.49975978266186E-32,0.,1.));
#9627=DIRECTION('ref_axis',(-1.22464679914735E-16,-1.,0.));
#9628=DIRECTION('',(-1.49975978266186E-32,0.,1.));
#9629=DIRECTION('center_axis',(-1.49975978266186E-32,0.,1.));
#9630=DIRECTION('ref_axis',(1.,-1.22464679914735E-16,1.49975978266186E-32));
#9631=DIRECTION('center_axis',(1.,-1.22464679914735E-16,1.49975978266186E-32));
#9632=DIRECTION('ref_axis',(0.,0.,1.));
#9633=DIRECTION('center_axis',(1.,-1.22464679914735E-16,1.49975978266186E-32));
#9634=DIRECTION('ref_axis',(-1.49975978266186E-32,0.,1.));
#9635=DIRECTION('center_axis',(-1.22464679914735E-16,-1.,0.));
#9636=DIRECTION('ref_axis',(1.49975978266186E-32,0.,-1.));
#9637=DIRECTION('center_axis',(1.22464679914735E-16,1.,0.));
#9638=DIRECTION('ref_axis',(-1.49975978266186E-32,0.,1.));
#9639=DIRECTION('',(1.22464679914735E-16,1.,0.));
#9640=DIRECTION('center_axis',(1.22464679914735E-16,1.,0.));
#9641=DIRECTION('ref_axis',(1.,-1.22464679914735E-16,1.49975978266186E-32));
#9642=DIRECTION('center_axis',(1.,-1.22464679914735E-16,1.49975978266186E-32));
#9643=DIRECTION('ref_axis',(0.,0.,1.));
#9644=DIRECTION('center_axis',(1.,-1.22464679914735E-16,1.49975978266186E-32));
#9645=DIRECTION('ref_axis',(1.22464679914735E-16,1.,0.));
#9646=DIRECTION('center_axis',(-1.49975978266186E-32,0.,1.));
#9647=DIRECTION('ref_axis',(-1.22464679914735E-16,-1.,0.));
#9648=DIRECTION('center_axis',(1.49975978266186E-32,0.,-1.));
#9649=DIRECTION('ref_axis',(1.22464679914735E-16,1.,0.));
#9650=DIRECTION('',(1.49975978266186E-32,0.,-1.));
#9651=DIRECTION('center_axis',(1.49975978266186E-32,0.,-1.));
#9652=DIRECTION('ref_axis',(1.,-1.22464679914735E-16,1.49975978266186E-32));
#9653=DIRECTION('center_axis',(1.,-1.22464679914735E-16,1.49975978266186E-32));
#9654=DIRECTION('ref_axis',(0.,0.,1.));
#9655=DIRECTION('center_axis',(1.,-1.22464679914735E-16,1.49975978266186E-32));
#9656=DIRECTION('ref_axis',(1.49975978266186E-32,0.,-1.));
#9657=DIRECTION('center_axis',(1.22464679914735E-16,1.,0.));
#9658=DIRECTION('ref_axis',(-1.49975978266186E-32,0.,1.));
#9659=DIRECTION('center_axis',(1.,-1.22464679914735E-16,1.49975978266186E-32));
#9660=DIRECTION('ref_axis',(1.49975978266186E-32,0.,-1.));
#9661=DIRECTION('',(-1.22464679914735E-16,-1.,0.));
#9662=DIRECTION('center_axis',(-1.22464679914735E-16,-1.,0.));
#9663=DIRECTION('ref_axis',(1.49975978266186E-32,0.,-1.));
#9664=DIRECTION('center_axis',(1.,-1.22464679914735E-16,1.49975978266186E-32));
#9665=DIRECTION('ref_axis',(0.,0.,1.));
#9666=DIRECTION('center_axis',(1.22464679914735E-16,1.,0.));
#9667=DIRECTION('ref_axis',(1.,-1.22464679914735E-16,1.49975978266186E-32));
#9668=DIRECTION('center_axis',(1.,-1.22464679914735E-16,1.49975978266186E-32));
#9669=DIRECTION('ref_axis',(1.22464679914735E-16,1.,0.));
#9670=DIRECTION('center_axis',(-1.49975978266186E-32,0.,1.));
#9671=DIRECTION('ref_axis',(-1.22464679914735E-16,-1.,0.));
#9672=DIRECTION('center_axis',(1.49975978266186E-32,0.,-1.));
#9673=DIRECTION('ref_axis',(1.22464679914735E-16,1.,0.));
#9674=DIRECTION('',(1.49975978266186E-32,0.,-1.));
#9675=DIRECTION('center_axis',(1.49975978266186E-32,0.,-1.));
#9676=DIRECTION('ref_axis',(1.,-1.22464679914735E-16,1.49975978266186E-32));
#9677=DIRECTION('center_axis',(1.,-1.22464679914735E-16,1.49975978266186E-32));
#9678=DIRECTION('ref_axis',(0.,0.,1.));
#9679=DIRECTION('center_axis',(1.,-1.22464679914735E-16,1.49975978266186E-32));
#9680=DIRECTION('ref_axis',(1.49975978266186E-32,0.,-1.));
#9681=DIRECTION('center_axis',(1.22464679914735E-16,1.,0.));
#9682=DIRECTION('ref_axis',(-1.49975978266186E-32,0.,1.));
#9683=DIRECTION('center_axis',(-1.22464679914735E-16,-1.,0.));
#9684=DIRECTION('ref_axis',(1.49975978266186E-32,0.,-1.));
#9685=DIRECTION('',(-1.22464679914735E-16,-1.,0.));
#9686=DIRECTION('center_axis',(-1.22464679914735E-16,-1.,0.));
#9687=DIRECTION('ref_axis',(1.,-1.22464679914735E-16,1.49975978266186E-32));
#9688=DIRECTION('center_axis',(1.,-1.22464679914735E-16,1.49975978266186E-32));
#9689=DIRECTION('ref_axis',(0.,0.,1.));
#9690=DIRECTION('center_axis',(1.,-1.22464679914735E-16,1.49975978266186E-32));
#9691=DIRECTION('ref_axis',(-1.22464679914735E-16,-1.,0.));
#9692=DIRECTION('center_axis',(1.49975978266186E-32,0.,-1.));
#9693=DIRECTION('ref_axis',(1.22464679914735E-16,1.,0.));
#9694=DIRECTION('center_axis',(-1.49975978266186E-32,0.,1.));
#9695=DIRECTION('ref_axis',(-1.22464679914735E-16,-1.,0.));
#9696=DIRECTION('',(-1.49975978266186E-32,0.,1.));
#9697=DIRECTION('center_axis',(-1.49975978266186E-32,0.,1.));
#9698=DIRECTION('ref_axis',(1.,-1.22464679914735E-16,1.49975978266186E-32));
#9699=DIRECTION('center_axis',(1.,-1.22464679914735E-16,1.49975978266186E-32));
#9700=DIRECTION('ref_axis',(0.,0.,1.));
#9701=DIRECTION('center_axis',(1.,-1.22464679914735E-16,1.49975978266186E-32));
#9702=DIRECTION('ref_axis',(-1.49975978266186E-32,0.,1.));
#9703=DIRECTION('center_axis',(-1.22464679914735E-16,-1.,0.));
#9704=DIRECTION('ref_axis',(1.49975978266186E-32,0.,-1.));
#9705=DIRECTION('center_axis',(1.22464679914735E-16,1.,0.));
#9706=DIRECTION('ref_axis',(-1.49975978266186E-32,0.,1.));
#9707=DIRECTION('',(1.22464679914735E-16,1.,0.));
#9708=DIRECTION('center_axis',(1.,-1.22464679914735E-16,1.49975978266186E-32));
#9709=DIRECTION('ref_axis',(1.49975978266186E-32,0.,-1.));
#9710=DIRECTION('center_axis',(1.,-1.22464679914735E-16,1.49975978266186E-32));
#9711=DIRECTION('ref_axis',(0.,0.,1.));
#9712=DIRECTION('center_axis',(-1.49975978266186E-32,0.,1.));
#9713=DIRECTION('ref_axis',(1.,-1.22464679914735E-16,1.49975978266186E-32));
#9714=DIRECTION('center_axis',(1.,-1.22464679914735E-16,1.49975978266186E-32));
#9715=DIRECTION('ref_axis',(-1.49975978266186E-32,0.,1.));
#9716=DIRECTION('center_axis',(-1.22464679914735E-16,-1.,0.));
#9717=DIRECTION('ref_axis',(1.49975978266186E-32,0.,-1.));
#9718=DIRECTION('center_axis',(1.22464679914735E-16,1.,0.));
#9719=DIRECTION('ref_axis',(-1.49975978266186E-32,0.,1.));
#9720=DIRECTION('',(1.22464679914735E-16,1.,0.));
#9721=DIRECTION('center_axis',(1.22464679914735E-16,1.,0.));
#9722=DIRECTION('ref_axis',(1.,-1.22464679914735E-16,1.49975978266186E-32));
#9723=DIRECTION('center_axis',(1.,-1.22464679914735E-16,1.49975978266186E-32));
#9724=DIRECTION('ref_axis',(0.,0.,1.));
#9725=DIRECTION('center_axis',(1.,-1.22464679914735E-16,1.49975978266186E-32));
#9726=DIRECTION('ref_axis',(1.22464679914735E-16,1.,0.));
#9727=DIRECTION('center_axis',(-1.49975978266186E-32,0.,1.));
#9728=DIRECTION('ref_axis',(-1.22464679914735E-16,-1.,0.));
#9729=DIRECTION('center_axis',(1.49975978266186E-32,0.,-1.));
#9730=DIRECTION('ref_axis',(1.22464679914735E-16,1.,0.));
#9731=DIRECTION('',(1.49975978266186E-32,0.,-1.));
#9732=DIRECTION('center_axis',(1.49975978266186E-32,0.,-1.));
#9733=DIRECTION('ref_axis',(1.,-1.22464679914735E-16,1.49975978266186E-32));
#9734=DIRECTION('center_axis',(1.,-1.22464679914735E-16,1.49975978266186E-32));
#9735=DIRECTION('ref_axis',(0.,0.,1.));
#9736=DIRECTION('center_axis',(1.,-1.22464679914735E-16,1.49975978266186E-32));
#9737=DIRECTION('ref_axis',(1.49975978266186E-32,0.,-1.));
#9738=DIRECTION('center_axis',(1.22464679914735E-16,1.,0.));
#9739=DIRECTION('ref_axis',(-1.49975978266186E-32,0.,1.));
#9740=DIRECTION('center_axis',(-1.22464679914735E-16,-1.,0.));
#9741=DIRECTION('ref_axis',(1.49975978266186E-32,0.,-1.));
#9742=DIRECTION('',(-1.22464679914735E-16,-1.,0.));
#9743=DIRECTION('center_axis',(-1.22464679914735E-16,-1.,0.));
#9744=DIRECTION('ref_axis',(1.,-1.22464679914735E-16,1.49975978266186E-32));
#9745=DIRECTION('center_axis',(1.,-1.22464679914735E-16,1.49975978266186E-32));
#9746=DIRECTION('ref_axis',(0.,0.,1.));
#9747=DIRECTION('center_axis',(1.,-1.22464679914735E-16,1.49975978266186E-32));
#9748=DIRECTION('ref_axis',(-1.22464679914735E-16,-1.,0.));
#9749=DIRECTION('center_axis',(1.49975978266186E-32,0.,-1.));
#9750=DIRECTION('ref_axis',(1.22464679914735E-16,1.,0.));
#9751=DIRECTION('center_axis',(-1.49975978266186E-32,0.,1.));
#9752=DIRECTION('ref_axis',(-1.22464679914735E-16,-1.,0.));
#9753=DIRECTION('',(-1.49975978266186E-32,0.,1.));
#9754=DIRECTION('center_axis',(1.,-1.22464679914735E-16,1.49975978266186E-32));
#9755=DIRECTION('ref_axis',(1.49975978266186E-32,0.,-1.));
#9756=DIRECTION('center_axis',(1.49975978266186E-32,0.,-1.));
#9757=DIRECTION('ref_axis',(-1.22464679914735E-16,-1.,0.));
#9758=DIRECTION('',(-0.500000000000017,-0.866025403784429,-1.21302127836256E-32));
#9759=DIRECTION('',(-1.,1.22464679914735E-16,-1.49975978266186E-32));
#9760=DIRECTION('',(-0.500000000000017,0.866025403784429,-1.21302127836256E-32));
#9761=DIRECTION('',(-1.22464679914735E-16,-1.,0.));
#9762=DIRECTION('center_axis',(-1.49975978266186E-32,0.,1.));
#9763=DIRECTION('ref_axis',(1.,-1.22464679914735E-16,1.49975978266186E-32));
#9764=DIRECTION('',(1.,-1.22464679914735E-16,1.49975978266186E-32));
#9765=DIRECTION('',(-1.,1.22464679914735E-16,-1.49975978266186E-32));
#9766=DIRECTION('center_axis',(1.49975978266186E-32,0.,-1.));
#9767=DIRECTION('ref_axis',(1.22464679914735E-16,1.,0.));
#9768=DIRECTION('',(1.22464679914735E-16,1.,0.));
#9769=DIRECTION('',(-1.,1.22464679914735E-16,-1.49975978266186E-32));
#9770=DIRECTION('center_axis',(-1.49975978266186E-32,0.,1.));
#9771=DIRECTION('ref_axis',(1.22464679914735E-16,1.,0.));
#9772=DIRECTION('',(-1.22464679914735E-16,-1.,0.));
#9773=DIRECTION('center_axis',(-1.49975978266186E-32,0.,1.));
#9774=DIRECTION('ref_axis',(-1.,1.22464679914735E-16,-1.49975978266186E-32));
#9775=DIRECTION('',(1.,-1.22464679914735E-16,1.49975978266186E-32));
#9776=DIRECTION('',(1.22464679914735E-16,1.,0.));
#9777=DIRECTION('center_axis',(-1.49975978266186E-32,0.,1.));
#9778=DIRECTION('ref_axis',(1.22464679914735E-16,1.,0.));
#9779=DIRECTION('',(-1.22464679914735E-16,-1.,0.));
#9780=DIRECTION('center_axis',(-1.49975978266186E-32,0.,1.));
#9781=DIRECTION('ref_axis',(-0.500000000000017,0.866025403784429,0.));
#9782=DIRECTION('',(1.22464679914735E-16,1.,0.));
#9783=DIRECTION('center_axis',(-0.866025403784429,0.500000000000017,-1.23259516440783E-32));
#9784=DIRECTION('ref_axis',(-0.500000000000017,-0.866025403784429,0.));
#9785=DIRECTION('',(1.49975978266186E-32,0.,-1.));
#9786=DIRECTION('',(-0.500000000000017,-0.866025403784429,-1.21302127836256E-32));
#9787=DIRECTION('',(1.49975978266186E-32,0.,-1.));
#9788=DIRECTION('center_axis',(-0.866025403784429,0.500000000000017,-1.23259516440783E-32));
#9789=DIRECTION('ref_axis',(-0.500000000000017,-0.866025403784429,0.));
#9790=DIRECTION('',(-0.500000000000017,-0.866025403784429,-1.21302127836256E-32));
#9791=DIRECTION('',(1.49975978266186E-32,0.,-1.));
#9792=DIRECTION('',(-0.500000000000017,-0.866025403784429,-1.21302127836256E-32));
#9793=DIRECTION('',(1.49975978266186E-32,0.,-1.));
#9794=DIRECTION('center_axis',(-1.,1.22464679914735E-16,-1.49975978266186E-32));
#9795=DIRECTION('ref_axis',(1.22464679914735E-16,1.,0.));
#9796=DIRECTION('',(1.49975978266186E-32,0.,-1.));
#9797=DIRECTION('',(1.22464679914735E-16,1.,0.));
#9798=DIRECTION('center_axis',(-1.49975978266186E-32,0.,1.));
#9799=DIRECTION('ref_axis',(1.22464679914735E-16,1.,0.));
#9800=DIRECTION('center_axis',(1.49975978266186E-32,0.,-1.));
#9801=DIRECTION('ref_axis',(-1.22464679914735E-16,-1.,0.));
#9802=DIRECTION('',(1.22464679914735E-16,1.,0.));
#9803=DIRECTION('center_axis',(1.49975978266186E-32,0.,-1.));
#9804=DIRECTION('ref_axis',(-0.500000000000017,-0.866025403784429,0.));
#9805=DIRECTION('',(-1.22464679914735E-16,-1.,0.));
#9806=DIRECTION('',(-1.,1.22464679914735E-16,-1.49975978266186E-32));
#9807=DIRECTION('center_axis',(1.49975978266186E-32,0.,-1.));
#9808=DIRECTION('ref_axis',(-1.22464679914735E-16,-1.,0.));
#9809=DIRECTION('',(1.22464679914735E-16,1.,0.));
#9810=DIRECTION('center_axis',(1.49975978266186E-32,0.,-1.));
#9811=DIRECTION('ref_axis',(-1.,1.22464679914735E-16,-1.49975978266186E-32));
#9812=DIRECTION('',(1.,-1.22464679914735E-16,1.49975978266186E-32));
#9813=DIRECTION('',(-1.22464679914735E-16,-1.,0.));
#9814=DIRECTION('center_axis',(-1.49975978266186E-32,0.,1.));
#9815=DIRECTION('ref_axis',(1.,1.85269509568353E-14,1.49975978266185E-32));
#9816=DIRECTION('',(1.,-1.22464679914735E-16,1.49975978266186E-32));
#9817=DIRECTION('',(-1.,1.22464679914735E-16,-1.49975978266186E-32));
#9818=DIRECTION('center_axis',(1.49975978266186E-32,0.,-1.));
#9819=DIRECTION('ref_axis',(1.22464679914735E-16,1.,0.));
#9820=DIRECTION('',(1.22464679914735E-16,1.,0.));
#9821=DIRECTION('',(-0.500000000000017,0.866025403784429,-1.21302127836256E-32));
#9822=DIRECTION('',(-1.,1.22464679914735E-16,-1.49975978266186E-32));
#9823=DIRECTION('center_axis',(1.22464679914735E-16,1.,0.));
#9824=DIRECTION('ref_axis',(-1.,1.22464679914735E-16,-1.49975978266186E-32));
#9825=DIRECTION('',(1.49975978266186E-32,0.,-1.));
#9826=DIRECTION('center_axis',(1.22464679914735E-16,1.,0.));
#9827=DIRECTION('ref_axis',(-1.,1.22464679914735E-16,-1.49975978266186E-32));
#9828=DIRECTION('',(-1.,1.22464679914735E-16,-1.49975978266186E-32));
#9829=DIRECTION('',(1.49975978266186E-32,0.,-1.));
#9830=DIRECTION('',(-1.,1.22464679914735E-16,-1.49975978266186E-32));
#9831=DIRECTION('center_axis',(0.866025403784429,0.500000000000017,2.46519032881566E-32));
#9832=DIRECTION('ref_axis',(-0.500000000000017,0.866025403784429,0.));
#9833=DIRECTION('',(-1.49975978266186E-32,0.,1.));
#9834=DIRECTION('center_axis',(0.866025403784429,0.500000000000017,2.46519032881566E-32));
#9835=DIRECTION('ref_axis',(-0.500000000000017,0.866025403784429,0.));
#9836=DIRECTION('',(-0.500000000000017,0.866025403784429,-1.21302127836256E-32));
#9837=DIRECTION('',(-1.49975978266186E-32,0.,1.));
#9838=DIRECTION('',(-0.500000000000017,0.866025403784429,-1.21302127836256E-32));
#9839=DIRECTION('center_axis',(-1.,1.22464679914735E-16,-1.49975978266186E-32));
#9840=DIRECTION('ref_axis',(-1.49975978266186E-32,0.,1.));
#9841=DIRECTION('',(-1.49975978266186E-32,0.,1.));
#9842=DIRECTION('center_axis',(1.49975978266186E-32,0.,-1.));
#9843=DIRECTION('ref_axis',(-1.22464679914735E-16,-1.,0.));
#9844=DIRECTION('',(1.49975978266186E-32,0.,-1.));
#9845=DIRECTION('center_axis',(-1.22464679914735E-16,-1.,0.));
#9846=DIRECTION('ref_axis',(-1.,1.22464679914735E-16,-1.49975978266186E-32));
#9847=DIRECTION('center_axis',(-1.49975978266186E-32,0.,1.));
#9848=DIRECTION('ref_axis',(1.22464679914735E-16,1.,0.));
#9849=DIRECTION('',(1.22464679914735E-16,1.,0.));
#9850=DIRECTION('center_axis',(1.49975978266186E-32,0.,-1.));
#9851=DIRECTION('ref_axis',(-1.22464679914735E-16,-1.,0.));
#9852=DIRECTION('',(1.22464679914735E-16,1.,0.));
#9853=DIRECTION('center_axis',(1.49975978266186E-32,0.,-1.));
#9854=DIRECTION('ref_axis',(-0.500000000000017,-0.866025403784429,0.));
#9855=DIRECTION('',(-1.22464679914735E-16,-1.,0.));
#9856=DIRECTION('',(-1.,1.22464679914735E-16,-1.49975978266186E-32));
#9857=DIRECTION('center_axis',(1.49975978266186E-32,0.,-1.));
#9858=DIRECTION('ref_axis',(-1.22464679914735E-16,-1.,0.));
#9859=DIRECTION('',(1.22464679914735E-16,1.,0.));
#9860=DIRECTION('center_axis',(1.49975978266186E-32,0.,-1.));
#9861=DIRECTION('ref_axis',(-1.,1.22464679914735E-16,-1.49975978266186E-32));
#9862=DIRECTION('',(1.,-1.22464679914735E-16,1.49975978266186E-32));
#9863=DIRECTION('',(-1.22464679914735E-16,-1.,0.));
#9864=DIRECTION('center_axis',(-1.49975978266186E-32,0.,1.));
#9865=DIRECTION('ref_axis',(1.,1.85269509568353E-14,1.49975978266185E-32));
#9866=DIRECTION('',(1.,-1.22464679914735E-16,1.49975978266186E-32));
#9867=DIRECTION('',(-1.,1.22464679914735E-16,-1.49975978266186E-32));
#9868=DIRECTION('center_axis',(1.49975978266186E-32,0.,-1.));
#9869=DIRECTION('ref_axis',(1.22464679914735E-16,1.,0.));
#9870=DIRECTION('',(1.22464679914735E-16,1.,0.));
#9871=DIRECTION('center_axis',(-1.,1.22464679914735E-16,-1.49975978266186E-32));
#9872=DIRECTION('ref_axis',(-1.49975978266186E-32,0.,1.));
#9873=DIRECTION('',(-1.49975978266186E-32,0.,1.));
#9874=DIRECTION('',(-1.22464679914735E-16,-1.,0.));
#9875=DIRECTION('center_axis',(1.49975978266186E-32,0.,-1.));
#9876=DIRECTION('ref_axis',(-1.22464679914735E-16,-1.,0.));
#9877=DIRECTION('center_axis',(-1.49975978266186E-32,0.,1.));
#9878=DIRECTION('ref_axis',(1.,-1.22464679914735E-16,1.49975978266186E-32));
#9879=DIRECTION('',(1.,-1.22464679914735E-16,1.49975978266186E-32));
#9880=DIRECTION('',(-1.,1.22464679914735E-16,-1.49975978266186E-32));
#9881=DIRECTION('center_axis',(1.49975978266186E-32,0.,-1.));
#9882=DIRECTION('ref_axis',(1.22464679914735E-16,1.,0.));
#9883=DIRECTION('',(1.22464679914735E-16,1.,0.));
#9884=DIRECTION('',(-1.,1.22464679914735E-16,-1.49975978266186E-32));
#9885=DIRECTION('center_axis',(-1.49975978266186E-32,0.,1.));
#9886=DIRECTION('ref_axis',(1.22464679914735E-16,1.,0.));
#9887=DIRECTION('',(-1.22464679914735E-16,-1.,0.));
#9888=DIRECTION('center_axis',(-1.49975978266186E-32,0.,1.));
#9889=DIRECTION('ref_axis',(-1.,1.22464679914735E-16,-1.49975978266186E-32));
#9890=DIRECTION('',(1.,-1.22464679914735E-16,1.49975978266186E-32));
#9891=DIRECTION('',(1.22464679914735E-16,1.,0.));
#9892=DIRECTION('center_axis',(-1.49975978266186E-32,0.,1.));
#9893=DIRECTION('ref_axis',(1.22464679914735E-16,1.,0.));
#9894=DIRECTION('',(-1.22464679914735E-16,-1.,0.));
#9895=DIRECTION('center_axis',(-1.49975978266186E-32,0.,1.));
#9896=DIRECTION('ref_axis',(-0.500000000000017,0.866025403784429,0.));
#9897=DIRECTION('',(1.22464679914735E-16,1.,0.));
#9898=DIRECTION('center_axis',(-1.,1.22464679914735E-16,-1.49975978266186E-32));
#9899=DIRECTION('ref_axis',(1.22464679914735E-16,1.,0.));
#9900=DIRECTION('',(1.49975978266186E-32,0.,-1.));
#9901=DIRECTION('center_axis',(1.49975978266186E-32,0.,-1.));
#9902=DIRECTION('ref_axis',(-1.22464679914735E-16,-1.,0.));
#9903=DIRECTION('',(-1.49975978266186E-32,0.,1.));
#9904=DIRECTION('center_axis',(-1.,1.22464679914735E-16,-1.49975978266186E-32));
#9905=DIRECTION('ref_axis',(-1.22464679914735E-16,-1.,0.));
#9906=DIRECTION('',(1.49975978266186E-32,0.,-1.));
#9907=DIRECTION('center_axis',(1.49975978266186E-32,0.,-1.));
#9908=DIRECTION('ref_axis',(-1.22464679914735E-16,-1.,0.));
#9909=DIRECTION('',(-1.49975978266186E-32,0.,1.));
#9910=DIRECTION('center_axis',(-1.,1.22464679914735E-16,-1.49975978266186E-32));
#9911=DIRECTION('ref_axis',(1.22464679914735E-16,1.,0.));
#9912=DIRECTION('',(1.49975978266186E-32,0.,-1.));
#9913=DIRECTION('center_axis',(-1.22464679914735E-16,-1.,0.));
#9914=DIRECTION('ref_axis',(1.,-1.22464679914735E-16,1.49975978266186E-32));
#9915=DIRECTION('',(1.49975978266186E-32,0.,-1.));
#9916=DIRECTION('center_axis',(1.49975978266186E-32,0.,-1.));
#9917=DIRECTION('ref_axis',(-1.22464679914735E-16,-1.,0.));
#9918=DIRECTION('',(-1.49975978266186E-32,0.,1.));
#9919=DIRECTION('center_axis',(-1.,1.22464679914735E-16,-1.49975978266186E-32));
#9920=DIRECTION('ref_axis',(-1.22464679914735E-16,-1.,0.));
#9921=DIRECTION('',(1.49975978266186E-32,0.,-1.));
#9922=DIRECTION('center_axis',(1.49975978266186E-32,0.,-1.));
#9923=DIRECTION('ref_axis',(-1.22464679914735E-16,-1.,0.));
#9924=DIRECTION('',(-1.49975978266186E-32,0.,1.));
#9925=DIRECTION('center_axis',(1.22464679914735E-16,1.,0.));
#9926=DIRECTION('ref_axis',(-1.,1.22464679914735E-16,-1.49975978266186E-32));
#9927=DIRECTION('',(-1.49975978266186E-32,0.,1.));
#9928=DIRECTION('center_axis',(-1.,1.22464679914735E-16,-1.49975978266186E-32));
#9929=DIRECTION('ref_axis',(1.22464679914735E-16,1.,0.));
#9930=DIRECTION('',(-1.69792343958666E-30,-1.398706172756E-14,-1.));
#9931=DIRECTION('center_axis',(-1.49975978266186E-32,0.,1.));
#9932=DIRECTION('ref_axis',(1.22464679914735E-16,1.,0.));
#9933=DIRECTION('',(-1.49975978266186E-32,0.,1.));
#9934=DIRECTION('center_axis',(-1.22464679914735E-16,-1.,0.));
#9935=DIRECTION('ref_axis',(-1.,1.22464679914735E-16,-1.49975978266186E-32));
#9936=DIRECTION('center_axis',(-1.22464679914735E-16,-1.,0.));
#9937=DIRECTION('ref_axis',(-1.,1.22464679914735E-16,-1.49975978266186E-32));
#9938=DIRECTION('',(1.49975978266186E-32,0.,-1.));
#9939=DIRECTION('center_axis',(1.49975978266186E-32,0.,-1.));
#9940=DIRECTION('ref_axis',(-1.22464679914735E-16,-1.,0.));
#9941=DIRECTION('center_axis',(-1.22464679914735E-16,-1.,0.));
#9942=DIRECTION('ref_axis',(-1.,1.22464679914735E-16,-1.49975978266186E-32));
#9943=DIRECTION('',(-1.49975978266186E-32,0.,1.));
#9944=DIRECTION('center_axis',(-1.49975978266186E-32,0.,1.));
#9945=DIRECTION('ref_axis',(1.22464679914735E-16,1.,0.));
#9946=DIRECTION('',(-1.69792343958666E-30,-1.398706172756E-14,-1.));
#9947=DIRECTION('center_axis',(-1.,1.22464679914735E-16,-1.49975978266186E-32));
#9948=DIRECTION('ref_axis',(1.22464679914735E-16,1.,0.));
#9949=DIRECTION('',(-1.49975978266186E-32,0.,1.));
#9950=DIRECTION('center_axis',(1.22464679914735E-16,1.,0.));
#9951=DIRECTION('ref_axis',(-1.,1.22464679914735E-16,-1.49975978266186E-32));
#9952=DIRECTION('',(-1.49975978266186E-32,0.,1.));
#9953=DIRECTION('center_axis',(1.49975978266186E-32,0.,-1.));
#9954=DIRECTION('ref_axis',(-1.22464679914735E-16,-1.,0.));
#9955=DIRECTION('',(1.49975978266186E-32,0.,-1.));
#9956=DIRECTION('center_axis',(-1.,1.22464679914735E-16,-1.49975978266186E-32));
#9957=DIRECTION('ref_axis',(-1.22464679914735E-16,-1.,0.));
#9958=DIRECTION('',(-1.49975978266186E-32,0.,1.));
#9959=DIRECTION('center_axis',(1.49975978266186E-32,0.,-1.));
#9960=DIRECTION('ref_axis',(-1.22464679914735E-16,-1.,0.));
#9961=DIRECTION('',(1.49975978266186E-32,0.,-1.));
#9962=DIRECTION('center_axis',(-1.22464679914735E-16,-1.,0.));
#9963=DIRECTION('ref_axis',(1.,-1.22464679914735E-16,1.49975978266186E-32));
#9964=DIRECTION('',(1.49975978266186E-32,0.,-1.));
#9965=DIRECTION('center_axis',(-1.,1.22464679914735E-16,-1.49975978266186E-32));
#9966=DIRECTION('ref_axis',(1.22464679914735E-16,1.,0.));
#9967=DIRECTION('',(-1.49975978266186E-32,0.,1.));
#9968=DIRECTION('center_axis',(1.49975978266186E-32,0.,-1.));
#9969=DIRECTION('ref_axis',(-1.22464679914735E-16,-1.,0.));
#9970=DIRECTION('',(1.49975978266186E-32,0.,-1.));
#9971=DIRECTION('center_axis',(-1.,1.22464679914735E-16,-1.49975978266186E-32));
#9972=DIRECTION('ref_axis',(-1.22464679914735E-16,-1.,0.));
#9973=DIRECTION('',(-1.49975978266186E-32,0.,1.));
#9974=DIRECTION('center_axis',(1.49975978266186E-32,0.,-1.));
#9975=DIRECTION('ref_axis',(-1.22464679914735E-16,-1.,0.));
#9976=DIRECTION('center_axis',(1.22464679914735E-16,1.,0.));
#9977=DIRECTION('ref_axis',(-1.49975978266186E-32,0.,1.));
#9978=DIRECTION('center_axis',(-1.22464679914735E-16,-1.,0.));
#9979=DIRECTION('ref_axis',(1.49975978266186E-32,0.,-1.));
#9980=DIRECTION('',(1.22464679914735E-16,1.,0.));
#9981=DIRECTION('center_axis',(1.22464679914735E-16,1.,0.));
#9982=DIRECTION('ref_axis',(1.,-1.22464679914735E-16,1.49975978266186E-32));
#9983=DIRECTION('center_axis',(1.,-1.22464679914735E-16,1.49975978266186E-32));
#9984=DIRECTION('ref_axis',(0.,0.,1.));
#9985=DIRECTION('center_axis',(1.,-1.22464679914735E-16,1.49975978266186E-32));
#9986=DIRECTION('ref_axis',(1.22464679914735E-16,1.,0.));
#9987=DIRECTION('center_axis',(-1.49975978266186E-32,0.,1.));
#9988=DIRECTION('ref_axis',(-1.22464679914735E-16,-1.,0.));
#9989=DIRECTION('center_axis',(1.49975978266186E-32,0.,-1.));
#9990=DIRECTION('ref_axis',(1.22464679914735E-16,1.,0.));
#9991=DIRECTION('',(1.49975978266186E-32,0.,-1.));
#9992=DIRECTION('center_axis',(1.49975978266186E-32,0.,-1.));
#9993=DIRECTION('ref_axis',(1.,-1.22464679914735E-16,1.49975978266186E-32));
#9994=DIRECTION('center_axis',(1.,-1.22464679914735E-16,1.49975978266186E-32));
#9995=DIRECTION('ref_axis',(0.,0.,1.));
#9996=DIRECTION('center_axis',(1.,-1.22464679914735E-16,1.49975978266186E-32));
#9997=DIRECTION('ref_axis',(1.49975978266186E-32,0.,-1.));
#9998=DIRECTION('center_axis',(1.22464679914735E-16,1.,0.));
#9999=DIRECTION('ref_axis',(-1.49975978266186E-32,0.,1.));
#10000=DIRECTION('center_axis',(-1.22464679914735E-16,-1.,0.));
#10001=DIRECTION('ref_axis',(1.49975978266186E-32,0.,-1.));
#10002=DIRECTION('',(-1.22464679914735E-16,-1.,0.));
#10003=DIRECTION('center_axis',(-1.22464679914735E-16,-1.,0.));
#10004=DIRECTION('ref_axis',(1.,-1.22464679914735E-16,1.49975978266186E-32));
#10005=DIRECTION('center_axis',(1.,-1.22464679914735E-16,1.49975978266186E-32));
#10006=DIRECTION('ref_axis',(0.,0.,1.));
#10007=DIRECTION('center_axis',(1.,-1.22464679914735E-16,1.49975978266186E-32));
#10008=DIRECTION('ref_axis',(-1.22464679914735E-16,-1.,0.));
#10009=DIRECTION('center_axis',(1.49975978266186E-32,0.,-1.));
#10010=DIRECTION('ref_axis',(1.22464679914735E-16,1.,0.));
#10011=DIRECTION('center_axis',(-1.49975978266186E-32,0.,1.));
#10012=DIRECTION('ref_axis',(-1.22464679914735E-16,-1.,0.));
#10013=DIRECTION('',(-1.49975978266186E-32,0.,1.));
#10014=DIRECTION('center_axis',(-1.49975978266186E-32,0.,1.));
#10015=DIRECTION('ref_axis',(1.,-1.22464679914735E-16,1.49975978266186E-32));
#10016=DIRECTION('center_axis',(1.,-1.22464679914735E-16,1.49975978266186E-32));
#10017=DIRECTION('ref_axis',(0.,0.,1.));
#10018=DIRECTION('center_axis',(1.,-1.22464679914735E-16,1.49975978266186E-32));
#10019=DIRECTION('ref_axis',(-1.49975978266186E-32,0.,1.));
#10020=DIRECTION('center_axis',(1.,-1.22464679914735E-16,1.49975978266186E-32));
#10021=DIRECTION('ref_axis',(1.49975978266186E-32,0.,-1.));
#10022=DIRECTION('center_axis',(1.,-1.22464679914735E-16,1.49975978266186E-32));
#10023=DIRECTION('ref_axis',(0.,0.,1.));
#10024=DIRECTION('center_axis',(1.22464679914735E-16,1.,0.));
#10025=DIRECTION('ref_axis',(1.,-1.22464679914735E-16,-1.864941563675E-14));
#10026=DIRECTION('center_axis',(1.,-1.22464679914735E-16,1.49975978266186E-32));
#10027=DIRECTION('ref_axis',(1.22464679914735E-16,1.,0.));
#10028=DIRECTION('center_axis',(-1.49975978266186E-32,0.,1.));
#10029=DIRECTION('ref_axis',(-1.22464679914735E-16,-1.,0.));
#10030=DIRECTION('center_axis',(1.49975978266186E-32,0.,-1.));
#10031=DIRECTION('ref_axis',(1.22464679914735E-16,1.,0.));
#10032=DIRECTION('',(1.49975978266186E-32,0.,-1.));
#10033=DIRECTION('center_axis',(1.49975978266186E-32,0.,-1.));
#10034=DIRECTION('ref_axis',(1.,-1.22464679914735E-16,1.49975978266186E-32));
#10035=DIRECTION('center_axis',(1.,-1.22464679914735E-16,1.49975978266186E-32));
#10036=DIRECTION('ref_axis',(0.,0.,1.));
#10037=DIRECTION('center_axis',(1.,-1.22464679914735E-16,1.49975978266186E-32));
#10038=DIRECTION('ref_axis',(1.49975978266186E-32,0.,-1.));
#10039=DIRECTION('center_axis',(1.22464679914735E-16,1.,0.));
#10040=DIRECTION('ref_axis',(-1.49975978266186E-32,0.,1.));
#10041=DIRECTION('center_axis',(-1.22464679914735E-16,-1.,0.));
#10042=DIRECTION('ref_axis',(1.49975978266186E-32,0.,-1.));
#10043=DIRECTION('',(-1.22464679914735E-16,-1.,0.));
#10044=DIRECTION('center_axis',(-1.22464679914735E-16,-1.,0.));
#10045=DIRECTION('ref_axis',(1.,-1.22464679914735E-16,1.49975978266186E-32));
#10046=DIRECTION('center_axis',(1.,-1.22464679914735E-16,1.49975978266186E-32));
#10047=DIRECTION('ref_axis',(0.,0.,1.));
#10048=DIRECTION('center_axis',(1.,-1.22464679914735E-16,1.49975978266186E-32));
#10049=DIRECTION('ref_axis',(-1.22464679914735E-16,-1.,0.));
#10050=DIRECTION('center_axis',(1.49975978266186E-32,0.,-1.));
#10051=DIRECTION('ref_axis',(1.22464679914735E-16,1.,0.));
#10052=DIRECTION('center_axis',(-1.49975978266186E-32,0.,1.));
#10053=DIRECTION('ref_axis',(-1.22464679914735E-16,-1.,0.));
#10054=DIRECTION('',(-1.49975978266186E-32,0.,1.));
#10055=DIRECTION('center_axis',(-1.49975978266186E-32,0.,1.));
#10056=DIRECTION('ref_axis',(1.,-1.22464679914735E-16,1.49975978266186E-32));
#10057=DIRECTION('center_axis',(1.,-1.22464679914735E-16,1.49975978266186E-32));
#10058=DIRECTION('ref_axis',(0.,0.,1.));
#10059=DIRECTION('center_axis',(1.,-1.22464679914735E-16,1.49975978266186E-32));
#10060=DIRECTION('ref_axis',(-1.48603132554141E-29,-1.212212016389E-13,
1.));
#10061=DIRECTION('center_axis',(-1.22464679914735E-16,-1.,0.));
#10062=DIRECTION('ref_axis',(1.49975978266186E-32,0.,-1.));
#10063=DIRECTION('center_axis',(1.22464679914735E-16,1.,0.));
#10064=DIRECTION('ref_axis',(-1.49975978266186E-32,0.,1.));
#10065=DIRECTION('',(1.22464679914735E-16,1.,0.));
#10066=DIRECTION('center_axis',(1.,-1.22464679914735E-16,1.49975978266186E-32));
#10067=DIRECTION('ref_axis',(1.49975978266186E-32,0.,-1.));
#10068=DIRECTION('center_axis',(1.,-1.22464679914735E-16,1.49975978266186E-32));
#10069=DIRECTION('ref_axis',(0.,0.,1.));
#10070=DIRECTION('center_axis',(-1.22464679914735E-16,-1.,0.));
#10071=DIRECTION('ref_axis',(1.,-1.22464679914735E-16,1.49975978266186E-32));
#10072=DIRECTION('center_axis',(1.,-1.22464679914735E-16,1.49975978266186E-32));
#10073=DIRECTION('ref_axis',(-1.22464679914735E-16,-1.,0.));
#10074=DIRECTION('center_axis',(1.49975978266186E-32,0.,-1.));
#10075=DIRECTION('ref_axis',(1.22464679914735E-16,1.,0.));
#10076=DIRECTION('center_axis',(-1.49975978266186E-32,0.,1.));
#10077=DIRECTION('ref_axis',(-1.22464679914735E-16,-1.,0.));
#10078=DIRECTION('',(-1.49975978266186E-32,0.,1.));
#10079=DIRECTION('center_axis',(-1.49975978266186E-32,0.,1.));
#10080=DIRECTION('ref_axis',(1.,-1.22464679914735E-16,1.49975978266186E-32));
#10081=DIRECTION('center_axis',(1.,-1.22464679914735E-16,1.49975978266186E-32));
#10082=DIRECTION('ref_axis',(0.,0.,1.));
#10083=DIRECTION('center_axis',(1.,-1.22464679914735E-16,1.49975978266186E-32));
#10084=DIRECTION('ref_axis',(-1.48603132554141E-29,-1.212212016389E-13,
1.));
#10085=DIRECTION('center_axis',(-1.22464679914735E-16,-1.,0.));
#10086=DIRECTION('ref_axis',(1.49975978266186E-32,0.,-1.));
#10087=DIRECTION('center_axis',(1.22464679914735E-16,1.,0.));
#10088=DIRECTION('ref_axis',(-1.49975978266186E-32,0.,1.));
#10089=DIRECTION('',(1.22464679914735E-16,1.,0.));
#10090=DIRECTION('center_axis',(1.22464679914735E-16,1.,0.));
#10091=DIRECTION('ref_axis',(1.,-1.22464679914735E-16,-1.864941563675E-14));
#10092=DIRECTION('center_axis',(1.,-1.22464679914735E-16,1.49975978266186E-32));
#10093=DIRECTION('ref_axis',(0.,0.,1.));
#10094=DIRECTION('center_axis',(1.,-1.22464679914735E-16,1.49975978266186E-32));
#10095=DIRECTION('ref_axis',(1.22464679914735E-16,1.,0.));
#10096=DIRECTION('center_axis',(-1.49975978266186E-32,0.,1.));
#10097=DIRECTION('ref_axis',(-1.22464679914735E-16,-1.,0.));
#10098=DIRECTION('center_axis',(1.49975978266186E-32,0.,-1.));
#10099=DIRECTION('ref_axis',(1.22464679914735E-16,1.,0.));
#10100=DIRECTION('',(1.49975978266186E-32,0.,-1.));
#10101=DIRECTION('center_axis',(1.49975978266186E-32,0.,-1.));
#10102=DIRECTION('ref_axis',(1.,-1.22464679914735E-16,1.49975978266186E-32));
#10103=DIRECTION('center_axis',(1.,-1.22464679914735E-16,1.49975978266186E-32));
#10104=DIRECTION('ref_axis',(0.,0.,1.));
#10105=DIRECTION('center_axis',(1.,-1.22464679914735E-16,1.49975978266186E-32));
#10106=DIRECTION('ref_axis',(1.49975978266186E-32,0.,-1.));
#10107=DIRECTION('center_axis',(1.22464679914735E-16,1.,0.));
#10108=DIRECTION('ref_axis',(-1.49975978266186E-32,0.,1.));
#10109=DIRECTION('center_axis',(-1.22464679914735E-16,-1.,0.));
#10110=DIRECTION('ref_axis',(1.49975978266186E-32,0.,-1.));
#10111=DIRECTION('',(-1.22464679914735E-16,-1.,0.));
#10112=DIRECTION('center_axis',(1.,-1.22464679914735E-16,1.49975978266186E-32));
#10113=DIRECTION('ref_axis',(1.49975978266186E-32,0.,-1.));
#10114=DIRECTION('center_axis',(1.22464679914735E-16,1.,0.));
#10115=DIRECTION('ref_axis',(-1.49975978266186E-32,0.,1.));
#10116=DIRECTION('center_axis',(-1.22464679914735E-16,-1.,0.));
#10117=DIRECTION('ref_axis',(1.49975978266186E-32,0.,-1.));
#10118=DIRECTION('',(1.22464679914735E-16,1.,0.));
#10119=DIRECTION('center_axis',(1.22464679914735E-16,1.,0.));
#10120=DIRECTION('ref_axis',(1.,-1.22464679914735E-16,1.49975978266186E-32));
#10121=DIRECTION('center_axis',(1.,-1.22464679914735E-16,1.49975978266186E-32));
#10122=DIRECTION('ref_axis',(0.,0.,1.));
#10123=DIRECTION('center_axis',(1.,-1.22464679914735E-16,1.49975978266186E-32));
#10124=DIRECTION('ref_axis',(1.22464679914735E-16,1.,0.));
#10125=DIRECTION('center_axis',(-1.49975978266186E-32,0.,1.));
#10126=DIRECTION('ref_axis',(-1.22464679914735E-16,-1.,0.));
#10127=DIRECTION('center_axis',(1.49975978266186E-32,0.,-1.));
#10128=DIRECTION('ref_axis',(1.22464679914735E-16,1.,0.));
#10129=DIRECTION('',(1.49975978266186E-32,0.,-1.));
#10130=DIRECTION('center_axis',(1.49975978266186E-32,0.,-1.));
#10131=DIRECTION('ref_axis',(1.,-1.22464679914735E-16,1.49975978266186E-32));
#10132=DIRECTION('center_axis',(1.,-1.22464679914735E-16,1.49975978266186E-32));
#10133=DIRECTION('ref_axis',(0.,0.,1.));
#10134=DIRECTION('center_axis',(1.,-1.22464679914735E-16,1.49975978266186E-32));
#10135=DIRECTION('ref_axis',(1.49975978266186E-32,0.,-1.));
#10136=DIRECTION('center_axis',(1.22464679914735E-16,1.,0.));
#10137=DIRECTION('ref_axis',(-1.49975978266186E-32,0.,1.));
#10138=DIRECTION('center_axis',(-1.22464679914735E-16,-1.,0.));
#10139=DIRECTION('ref_axis',(1.49975978266186E-32,0.,-1.));
#10140=DIRECTION('',(-1.22464679914735E-16,-1.,0.));
#10141=DIRECTION('center_axis',(-1.22464679914735E-16,-1.,0.));
#10142=DIRECTION('ref_axis',(1.,-1.22464679914735E-16,1.49975978266186E-32));
#10143=DIRECTION('center_axis',(1.,-1.22464679914735E-16,1.49975978266186E-32));
#10144=DIRECTION('ref_axis',(0.,0.,1.));
#10145=DIRECTION('center_axis',(1.,-1.22464679914735E-16,1.49975978266186E-32));
#10146=DIRECTION('ref_axis',(-1.22464679914735E-16,-1.,0.));
#10147=DIRECTION('center_axis',(1.49975978266186E-32,0.,-1.));
#10148=DIRECTION('ref_axis',(1.22464679914735E-16,1.,0.));
#10149=DIRECTION('center_axis',(-1.49975978266186E-32,0.,1.));
#10150=DIRECTION('ref_axis',(-1.22464679914735E-16,-1.,0.));
#10151=DIRECTION('',(-1.49975978266186E-32,0.,1.));
#10152=DIRECTION('center_axis',(-1.49975978266186E-32,0.,1.));
#10153=DIRECTION('ref_axis',(1.,-1.22464679914735E-16,1.49975978266186E-32));
#10154=DIRECTION('center_axis',(1.,-1.22464679914735E-16,1.49975978266186E-32));
#10155=DIRECTION('ref_axis',(0.,0.,1.));
#10156=DIRECTION('center_axis',(1.,-1.22464679914735E-16,1.49975978266186E-32));
#10157=DIRECTION('ref_axis',(-1.49975978266186E-32,0.,1.));
#10158=DIRECTION('center_axis',(1.,-1.22464679914735E-16,1.49975978266186E-32));
#10159=DIRECTION('ref_axis',(1.49975978266186E-32,0.,-1.));
#10160=DIRECTION('center_axis',(1.,-1.22464679914735E-16,1.49975978266186E-32));
#10161=DIRECTION('ref_axis',(0.,0.,1.));
#10162=DIRECTION('center_axis',(1.,-1.22464679914735E-16,1.49975978266186E-32));
#10163=DIRECTION('ref_axis',(1.49975978266186E-32,0.,-1.));
#10164=DIRECTION('center_axis',(1.22464679914735E-16,1.,0.));
#10165=DIRECTION('ref_axis',(-1.49975978266186E-32,0.,1.));
#10166=DIRECTION('center_axis',(1.49975978266186E-32,0.,-1.));
#10167=DIRECTION('ref_axis',(1.,-1.22464679914735E-16,1.49975978266186E-32));
#10168=DIRECTION('center_axis',(1.,-1.22464679914735E-16,1.49975978266186E-32));
#10169=DIRECTION('ref_axis',(1.49975978266186E-32,0.,-1.));
#10170=DIRECTION('center_axis',(1.,-1.22464679914735E-16,1.49975978266186E-32));
#10171=DIRECTION('ref_axis',(-1.49975978266186E-32,0.,1.));
#10172=DIRECTION('',(-1.49975978266186E-32,0.,1.));
#10173=DIRECTION('center_axis',(1.,-1.22464679914735E-16,1.49975978266186E-32));
#10174=DIRECTION('ref_axis',(-1.22464679914735E-16,-1.,0.));
#10175=DIRECTION('',(-1.22464679914735E-16,-1.,0.));
#10176=DIRECTION('',(1.49975978266186E-32,0.,-1.));
#10177=DIRECTION('center_axis',(1.,-1.22464679914735E-16,1.49975978266186E-32));
#10178=DIRECTION('ref_axis',(1.22464679914735E-16,1.,0.));
#10179=DIRECTION('',(1.22464679914735E-16,1.,0.));
#10180=DIRECTION('center_axis',(1.,-1.22464679914735E-16,1.49975978266186E-32));
#10181=DIRECTION('ref_axis',(0.,0.,1.));
#10182=DIRECTION('center_axis',(-1.49975978266186E-32,0.,1.));
#10183=DIRECTION('ref_axis',(1.,-1.22464679914735E-16,1.49975978266186E-32));
#10184=DIRECTION('center_axis',(-1.22464679914735E-16,-1.,0.));
#10185=DIRECTION('ref_axis',(1.49975978266186E-32,0.,-1.));
#10186=DIRECTION('center_axis',(1.22464679914735E-16,1.,0.));
#10187=DIRECTION('ref_axis',(-1.49975978266186E-32,0.,1.));
#10188=DIRECTION('center_axis',(1.22464679914735E-16,1.,0.));
#10189=DIRECTION('ref_axis',(1.,-1.22464679914735E-16,1.49975978266186E-32));
#10190=DIRECTION('center_axis',(1.,-1.22464679914735E-16,1.49975978266186E-32));
#10191=DIRECTION('ref_axis',(0.,0.,1.));
#10192=DIRECTION('center_axis',(-1.49975978266186E-32,0.,1.));
#10193=DIRECTION('ref_axis',(-1.22464679914735E-16,-1.,0.));
#10194=DIRECTION('center_axis',(1.49975978266186E-32,0.,-1.));
#10195=DIRECTION('ref_axis',(1.22464679914735E-16,1.,0.));
#10196=DIRECTION('center_axis',(-1.49975978266186E-32,0.,1.));
#10197=DIRECTION('ref_axis',(-1.22464679914735E-16,-1.,0.));
#10198=DIRECTION('center_axis',(1.49975978266186E-32,0.,-1.));
#10199=DIRECTION('ref_axis',(1.22464679914735E-16,1.,0.));
#10200=DIRECTION('center_axis',(1.,-1.22464679914735E-16,1.49975978266186E-32));
#10201=DIRECTION('ref_axis',(0.,0.,1.));
#10202=DIRECTION('center_axis',(-1.22464679914735E-16,-1.,0.));
#10203=DIRECTION('ref_axis',(1.,-1.22464679914735E-16,1.49975978266186E-32));
#10204=DIRECTION('center_axis',(-1.22464679914735E-16,-1.,0.));
#10205=DIRECTION('ref_axis',(1.49975978266186E-32,0.,-1.));
#10206=CARTESIAN_POINT('',(0.,0.,0.));
#10207=CARTESIAN_POINT('Origin',(7.06562721579872,-2.22044604925031E-15,
4.11945789040914));
#10208=CARTESIAN_POINT('',(1.50302721579972,10.04059478469,4.21655343457914));
#10209=CARTESIAN_POINT('',(6.30362721579872,9.9568,4.13275864988915));
#10210=CARTESIAN_POINT('',(1.50302721579972,10.04059478469,4.21655343457914));
#10211=CARTESIAN_POINT('',(6.96402721579872,9.96832732488,4.12123132500915));
#10212=CARTESIAN_POINT('',(6.96402721579872,9.96832732488,4.12123132500915));
#10213=CARTESIAN_POINT('',(6.96402721579872,11.5316,4.12123132500915));
#10214=CARTESIAN_POINT('',(6.96402721579872,9.96832732488,4.12123132500915));
#10215=CARTESIAN_POINT('',(1.50302721579872,11.5316,4.21655343457914));
#10216=CARTESIAN_POINT('',(1.50302721579872,11.5316,4.21655343457914));
#10217=CARTESIAN_POINT('',(1.50302721579872,11.5316,4.21655343457914));
#10218=CARTESIAN_POINT('Origin',(-10.6255560477753,10.25229999305,-12.6490489654209));
#10219=CARTESIAN_POINT('',(-2.45937278420142,10.10975873397,4.21655343457914));
#10220=CARTESIAN_POINT('',(-2.45937278420142,10.10975873397,4.21655343457914));
#10221=CARTESIAN_POINT('',(-6.67577278420128,10.18335626973,4.29015097033915));
#10222=CARTESIAN_POINT('',(-2.45937278420142,10.10975873397,4.21655343457914));
#10223=CARTESIAN_POINT('',(-6.67577278420128,10.18335626973,7.05069716484914));
#10224=CARTESIAN_POINT('',(-6.67577278420128,10.18335626973,4.29015097033915));
#10225=CARTESIAN_POINT('',(6.30362721579872,9.9568,7.27725343457914));
#10226=CARTESIAN_POINT('',(6.30362721579872,9.9568,7.27725343457914));
#10227=CARTESIAN_POINT('',(6.30362721579872,9.9568,7.27725343457914));
#10228=CARTESIAN_POINT('Origin',(6.30362721579872,0.685799999999995,-8.19134656542085));
#10229=CARTESIAN_POINT('',(6.30362721579872,1.651,-9.81694656542085));
#10230=CARTESIAN_POINT('',(6.30362721579872,2.032,-9.81694656542085));
#10231=CARTESIAN_POINT('',(6.30362721579872,1.651,-9.81694656542085));
#10232=CARTESIAN_POINT('',(6.30362721579872,2.032,-8.19134656542085));
#10233=CARTESIAN_POINT('',(6.30362721579872,2.032,-8.19134656542085));
#10234=CARTESIAN_POINT('',(6.30362721579872,3.556,-8.19134656542085));
#10235=CARTESIAN_POINT('',(6.30362721579872,3.556,-8.19134656542085));
#10236=CARTESIAN_POINT('',(6.30362721579872,3.556,-9.81694656542085));
#10237=CARTESIAN_POINT('',(6.30362721579872,3.556,-8.19134656542085));
#10238=CARTESIAN_POINT('',(6.30362721579872,6.8072,-9.81694656542085));
#10239=CARTESIAN_POINT('',(6.30362721579872,3.556,-9.81694656542085));
#10240=CARTESIAN_POINT('',(6.30362721579872,6.8072,-7.94204671918085));
#10241=CARTESIAN_POINT('',(6.30362721579872,6.8072,-7.94204671918085));
#10242=CARTESIAN_POINT('',(6.30362721579872,8.3312,-7.94204671918085));
#10243=CARTESIAN_POINT('',(6.30362721579872,8.3312,-7.94204671918085));
#10244=CARTESIAN_POINT('',(6.30362721579872,8.3312,-9.81694656542085));
#10245=CARTESIAN_POINT('',(6.30362721579872,8.3312,-9.81694656542085));
#10246=CARTESIAN_POINT('',(6.30362721579872,10.5156,-9.81694656542085));
#10247=CARTESIAN_POINT('',(6.30362721579872,8.3312,-9.81694656542085));
#10248=CARTESIAN_POINT('',(6.30362721579872,10.5156,-8.80094656542085));
#10249=CARTESIAN_POINT('',(6.30362721579872,10.5156,-8.80094656542085));
#10250=CARTESIAN_POINT('',(6.30362721579872,10.2616,-8.80094656542085));
#10251=CARTESIAN_POINT('',(6.30362721579872,10.2616,-8.80094656542085));
#10252=CARTESIAN_POINT('',(6.30362721579872,10.2616,-8.19134656542085));
#10253=CARTESIAN_POINT('',(6.30362721579872,10.2616,-8.80094656542085));
#10254=CARTESIAN_POINT('',(6.30362721579872,11.5316,-8.19134656542085));
#10255=CARTESIAN_POINT('',(6.30362721579872,11.5316,-8.19134656542085));
#10256=CARTESIAN_POINT('',(6.30362721579872,11.5316,-7.27694656542085));
#10257=CARTESIAN_POINT('',(6.30362721579872,11.5316,-7.27694656542085));
#10258=CARTESIAN_POINT('',(6.30362721579872,9.9568,-7.27694656542085));
#10259=CARTESIAN_POINT('',(6.30362721579872,11.5316,-7.27694656542085));
#10260=CARTESIAN_POINT('',(6.30362721579872,9.9568,-4.13245178073086));
#10261=CARTESIAN_POINT('',(6.30362721579872,9.9568,-4.13245178073086));
#10262=CARTESIAN_POINT('',(6.30362721579872,9.9568,-3.36024135011086));
#10263=CARTESIAN_POINT('',(6.30362721579872,9.9568,-3.36024135011086));
#10264=CARTESIAN_POINT('',(6.30362721579872,9.9568,3.36054821926915));
#10265=CARTESIAN_POINT('',(6.30362721579872,9.9568,3.36054821926915));
#10266=CARTESIAN_POINT('',(6.30362721579872,9.9568,4.13275864988915));
#10267=CARTESIAN_POINT('',(6.30362721579872,11.5316,7.27725343457914));
#10268=CARTESIAN_POINT('',(6.30362721579872,11.5316,7.27725343457914));
#10269=CARTESIAN_POINT('',(6.30362721579872,11.5316,8.19165343457915));
#10270=CARTESIAN_POINT('',(6.30362721579872,11.5316,7.27725343457914));
#10271=CARTESIAN_POINT('',(6.30362721579872,10.2616,8.19165343457915));
#10272=CARTESIAN_POINT('',(6.30362721579872,11.5316,8.19165343457915));
#10273=CARTESIAN_POINT('',(6.30362721579872,10.2616,8.80125343457914));
#10274=CARTESIAN_POINT('',(6.30362721579872,10.2616,8.80125343457914));
#10275=CARTESIAN_POINT('',(6.30362721579872,10.5156,8.80125343457914));
#10276=CARTESIAN_POINT('',(6.30362721579872,10.2616,8.80125343457914));
#10277=CARTESIAN_POINT('',(6.30362721579872,10.5156,9.81725343457915));
#10278=CARTESIAN_POINT('',(6.30362721579872,10.5156,8.80125343457914));
#10279=CARTESIAN_POINT('',(6.30362721579872,8.3312,9.81725343457915));
#10280=CARTESIAN_POINT('',(6.30362721579872,8.3312,9.81725343457915));
#10281=CARTESIAN_POINT('',(6.30362721579872,8.3312,7.94235358833914));
#10282=CARTESIAN_POINT('',(6.30362721579872,8.3312,7.94235358833914));
#10283=CARTESIAN_POINT('',(6.30362721579872,6.8072,7.94235358833914));
#10284=CARTESIAN_POINT('',(6.30362721579872,8.3312,7.94235358833914));
#10285=CARTESIAN_POINT('',(6.30362721579872,6.8072,9.81725343457915));
#10286=CARTESIAN_POINT('',(6.30362721579872,6.8072,7.94235358833914));
#10287=CARTESIAN_POINT('',(6.30362721579872,3.556,9.81725343457915));
#10288=CARTESIAN_POINT('',(6.30362721579872,3.556,9.81725343457915));
#10289=CARTESIAN_POINT('',(6.30362721579872,3.556,8.19165343457914));
#10290=CARTESIAN_POINT('',(6.30362721579872,3.556,8.19165343457914));
#10291=CARTESIAN_POINT('',(6.30362721579872,2.032,8.19165343457914));
#10292=CARTESIAN_POINT('',(6.30362721579872,3.556,8.19165343457914));
#10293=CARTESIAN_POINT('',(6.30362721579872,2.032,9.81725343457915));
#10294=CARTESIAN_POINT('',(6.30362721579872,2.032,8.19165343457914));
#10295=CARTESIAN_POINT('',(6.30362721579872,1.651,9.81725343457915));
#10296=CARTESIAN_POINT('',(6.30362721579872,2.032,9.81725343457915));
#10297=CARTESIAN_POINT('',(6.30362721579872,1.651,8.92825343457914));
#10298=CARTESIAN_POINT('',(6.30362721579872,1.651,9.81725343457915));
#10299=CARTESIAN_POINT('',(6.30362721579872,-3.33066907387547E-15,8.92825343457914));
#10300=CARTESIAN_POINT('',(6.30362721579872,-3.33066907387547E-15,8.92825343457914));
#10301=CARTESIAN_POINT('',(6.30362721579872,-1.11022302462516E-15,7.27725343457914));
#10302=CARTESIAN_POINT('',(6.30362721579872,-3.33066907387547E-15,8.92825343457914));
#10303=CARTESIAN_POINT('',(6.30362721579872,1.5748,7.27725343457914));
#10304=CARTESIAN_POINT('',(6.30362721579872,1.5748,7.27725343457914));
#10305=CARTESIAN_POINT('',(6.30362721579872,1.5748,4.13275864988915));
#10306=CARTESIAN_POINT('',(6.30362721579872,1.5748,4.13275864988915));
#10307=CARTESIAN_POINT('',(6.30362721579872,1.5748,3.36054821926915));
#10308=CARTESIAN_POINT('',(6.30362721579872,1.5748,3.36054821926915));
#10309=CARTESIAN_POINT('',(6.30362721579872,1.5748,-3.36024135011086));
#10310=CARTESIAN_POINT('',(6.30362721579872,1.5748,-3.36024135011086));
#10311=CARTESIAN_POINT('',(6.30362721579872,1.5748,-4.13245178073086));
#10312=CARTESIAN_POINT('',(6.30362721579872,1.5748,-4.13245178073086));
#10313=CARTESIAN_POINT('',(6.30362721579872,1.5748,-7.27694656542085));
#10314=CARTESIAN_POINT('',(6.30362721579872,1.5748,-4.13245178073086));
#10315=CARTESIAN_POINT('',(6.30362721579872,-3.33066907387547E-15,-7.27694656542085));
#10316=CARTESIAN_POINT('',(6.30362721579872,1.5748,-7.27694656542085));
#10317=CARTESIAN_POINT('',(6.30362721579872,-3.33066907387547E-15,-8.92794656542086));
#10318=CARTESIAN_POINT('',(6.30362721579872,-3.33066907387547E-15,-7.27694656542085));
#10319=CARTESIAN_POINT('',(6.30362721579872,1.651,-8.92794656542086));
#10320=CARTESIAN_POINT('',(6.30362721579872,-3.33066907387547E-15,-8.92794656542086));
#10321=CARTESIAN_POINT('',(6.30362721579872,1.651,-9.81694656542085));
#10322=CARTESIAN_POINT('',(6.30362721579872,7.6708,-2.98434656542086));
#10323=CARTESIAN_POINT('',(6.30362721579872,6.9088,-2.22234656542086));
#10324=CARTESIAN_POINT('Origin',(6.30362721579872,7.6708,-2.22234656542086));
#10325=CARTESIAN_POINT('',(6.30362721579872,6.9088,-0.825346565420853));
#10326=CARTESIAN_POINT('',(6.30362721579872,6.9088,-0.825346565420853));
#10327=CARTESIAN_POINT('',(6.30362721579872,7.6708,-0.0633465654208523));
#10328=CARTESIAN_POINT('Origin',(6.30362721579872,7.6708,-0.825346565420853));
#10329=CARTESIAN_POINT('',(6.30362721579872,8.4328,-0.0633465654208524));
#10330=CARTESIAN_POINT('',(6.30362721579872,8.4328,-0.0633465654208524));
#10331=CARTESIAN_POINT('',(6.30362721579872,9.1948,-0.825346565420853));
#10332=CARTESIAN_POINT('Origin',(6.30362721579872,8.4328,-0.825346565420853));
#10333=CARTESIAN_POINT('',(6.30362721579872,9.1948,-2.22234656542086));
#10334=CARTESIAN_POINT('',(6.30362721579872,9.1948,-2.22234656542086));
#10335=CARTESIAN_POINT('',(6.30362721579872,8.4328,-2.98434656542086));
#10336=CARTESIAN_POINT('Origin',(6.30362721579872,8.4328,-2.22234656542086));
#10337=CARTESIAN_POINT('',(6.30362721579872,7.6708,-2.98434656542086));
#10338=CARTESIAN_POINT('',(6.30362721579872,8.4328,-4.50834656542086));
#10339=CARTESIAN_POINT('',(6.30362721579872,9.1948,-5.27034656542086));
#10340=CARTESIAN_POINT('Origin',(6.30362721579872,8.4328,-5.27034656542086));
#10341=CARTESIAN_POINT('',(6.30362721579872,9.1948,-6.66734656542085));
#10342=CARTESIAN_POINT('',(6.30362721579872,9.1948,-6.66734656542085));
#10343=CARTESIAN_POINT('',(6.30362721579872,8.4328,-7.42934656542085));
#10344=CARTESIAN_POINT('Origin',(6.30362721579872,8.4328,-6.66734656542085));
#10345=CARTESIAN_POINT('',(6.30362721579872,7.6708,-7.42934656542085));
#10346=CARTESIAN_POINT('',(6.30362721579872,7.6708,-7.42934656542085));
#10347=CARTESIAN_POINT('',(6.30362721579872,6.9088,-6.66734656542085));
#10348=CARTESIAN_POINT('Origin',(6.30362721579872,7.6708,-6.66734656542085));
#10349=CARTESIAN_POINT('',(6.30362721579872,6.9088,-5.27034656542086));
#10350=CARTESIAN_POINT('',(6.30362721579872,6.9088,-5.27034656542086));
#10351=CARTESIAN_POINT('',(6.30362721579872,7.6708,-4.50834656542086));
#10352=CARTESIAN_POINT('Origin',(6.30362721579872,7.6708,-5.27034656542086));
#10353=CARTESIAN_POINT('',(6.30362721579872,8.4328,-4.50834656542086));
#10354=CARTESIAN_POINT('',(6.30362721579872,2.3368,-5.27034656542086));
#10355=CARTESIAN_POINT('',(6.30362721579872,3.0988,-4.50834656542086));
#10356=CARTESIAN_POINT('Origin',(6.30362721579872,3.0988,-5.27034656542086));
#10357=CARTESIAN_POINT('',(6.30362721579872,3.8608,-4.50834656542086));
#10358=CARTESIAN_POINT('',(6.30362721579872,3.8608,-4.50834656542086));
#10359=CARTESIAN_POINT('',(6.30362721579872,4.6228,-5.27034656542086));
#10360=CARTESIAN_POINT('Origin',(6.30362721579872,3.8608,-5.27034656542086));
#10361=CARTESIAN_POINT('',(6.30362721579872,4.6228,-6.66734656542085));
#10362=CARTESIAN_POINT('',(6.30362721579872,4.6228,-6.66734656542085));
#10363=CARTESIAN_POINT('',(6.30362721579872,3.8608,-7.42934656542085));
#10364=CARTESIAN_POINT('Origin',(6.30362721579872,3.8608,-6.66734656542085));
#10365=CARTESIAN_POINT('',(6.30362721579872,3.0988,-7.42934656542085));
#10366=CARTESIAN_POINT('',(6.30362721579872,3.0988,-7.42934656542085));
#10367=CARTESIAN_POINT('',(6.30362721579872,2.3368,-6.66734656542085));
#10368=CARTESIAN_POINT('Origin',(6.30362721579872,3.0988,-6.66734656542085));
#10369=CARTESIAN_POINT('',(6.30362721579872,2.3368,-5.27034656542086));
#10370=CARTESIAN_POINT('',(6.30362721579872,3.4798,3.49265343457914));
#10371=CARTESIAN_POINT('',(6.30362721579872,8.0518,3.49265343457915));
#10372=CARTESIAN_POINT('',(6.30362721579872,3.4798,3.49265343457914));
#10373=CARTESIAN_POINT('',(6.30362721579872,3.4798,4.00065343457914));
#10374=CARTESIAN_POINT('',(6.30362721579872,3.4798,3.49265343457914));
#10375=CARTESIAN_POINT('',(6.30362721579872,8.0518,4.00065343457914));
#10376=CARTESIAN_POINT('',(6.30362721579872,3.4798,4.00065343457914));
#10377=CARTESIAN_POINT('',(6.30362721579872,8.0518,3.49265343457915));
#10378=CARTESIAN_POINT('',(6.30362721579872,3.8608,7.42965343457914));
#10379=CARTESIAN_POINT('',(6.30362721579872,3.0988,7.42965343457914));
#10380=CARTESIAN_POINT('',(6.30362721579872,3.8608,7.42965343457914));
#10381=CARTESIAN_POINT('',(6.30362721579872,4.6228,6.66765343457914));
#10382=CARTESIAN_POINT('Origin',(6.30362721579872,3.8608,6.66765343457914));
#10383=CARTESIAN_POINT('',(6.30362721579872,4.6228,5.27065343457914));
#10384=CARTESIAN_POINT('',(6.30362721579872,4.6228,5.27065343457914));
#10385=CARTESIAN_POINT('',(6.30362721579872,3.8608,4.50865343457914));
#10386=CARTESIAN_POINT('Origin',(6.30362721579872,3.8608,5.27065343457914));
#10387=CARTESIAN_POINT('',(6.30362721579872,3.0988,4.50865343457914));
#10388=CARTESIAN_POINT('',(6.30362721579872,3.0988,4.50865343457914));
#10389=CARTESIAN_POINT('',(6.30362721579872,2.3368,5.27065343457914));
#10390=CARTESIAN_POINT('Origin',(6.30362721579872,3.0988,5.27065343457914));
#10391=CARTESIAN_POINT('',(6.30362721579872,2.3368,6.66765343457914));
#10392=CARTESIAN_POINT('',(6.30362721579872,2.3368,6.66765343457914));
#10393=CARTESIAN_POINT('Origin',(6.30362721579872,3.0988,6.66765343457914));
#10394=CARTESIAN_POINT('',(6.30362721579872,8.4328,2.98465343457914));
#10395=CARTESIAN_POINT('',(6.30362721579872,9.1948,2.22265343457915));
#10396=CARTESIAN_POINT('Origin',(6.30362721579872,8.4328,2.22265343457915));
#10397=CARTESIAN_POINT('',(6.30362721579872,9.1948,0.825653434579145));
#10398=CARTESIAN_POINT('',(6.30362721579872,9.1948,0.825653434579145));
#10399=CARTESIAN_POINT('',(6.30362721579872,8.4328,0.0636534345791447));
#10400=CARTESIAN_POINT('Origin',(6.30362721579872,8.4328,0.825653434579145));
#10401=CARTESIAN_POINT('',(6.30362721579872,7.6708,0.0636534345791448));
#10402=CARTESIAN_POINT('',(6.30362721579872,7.6708,0.0636534345791448));
#10403=CARTESIAN_POINT('',(6.30362721579872,6.9088,0.825653434579145));
#10404=CARTESIAN_POINT('Origin',(6.30362721579872,7.6708,0.825653434579145));
#10405=CARTESIAN_POINT('',(6.30362721579872,6.9088,2.22265343457915));
#10406=CARTESIAN_POINT('',(6.30362721579872,6.9088,2.22265343457915));
#10407=CARTESIAN_POINT('',(6.30362721579872,7.6708,2.98465343457914));
#10408=CARTESIAN_POINT('Origin',(6.30362721579872,7.6708,2.22265343457915));
#10409=CARTESIAN_POINT('',(6.30362721579872,8.4328,2.98465343457914));
#10410=CARTESIAN_POINT('',(6.30362721579872,3.0988,0.0636534345791454));
#10411=CARTESIAN_POINT('',(6.30362721579872,2.3368,0.825653434579146));
#10412=CARTESIAN_POINT('Origin',(6.30362721579872,3.0988,0.825653434579146));
#10413=CARTESIAN_POINT('',(6.30362721579872,2.3368,2.22265343457915));
#10414=CARTESIAN_POINT('',(6.30362721579872,2.3368,2.22265343457915));
#10415=CARTESIAN_POINT('',(6.30362721579872,3.0988,2.98465343457914));
#10416=CARTESIAN_POINT('Origin',(6.30362721579872,3.0988,2.22265343457915));
#10417=CARTESIAN_POINT('',(6.30362721579872,3.8608,2.98465343457914));
#10418=CARTESIAN_POINT('',(6.30362721579872,3.8608,2.98465343457914));
#10419=CARTESIAN_POINT('',(6.30362721579872,4.6228,2.22265343457915));
#10420=CARTESIAN_POINT('Origin',(6.30362721579872,3.8608,2.22265343457915));
#10421=CARTESIAN_POINT('',(6.30362721579872,4.6228,0.825653434579146));
#10422=CARTESIAN_POINT('',(6.30362721579872,4.6228,0.825653434579146));
#10423=CARTESIAN_POINT('',(6.30362721579872,3.8608,0.0636534345791453));
#10424=CARTESIAN_POINT('Origin',(6.30362721579872,3.8608,0.825653434579146));
#10425=CARTESIAN_POINT('',(6.30362721579872,3.0988,0.0636534345791454));
#10426=CARTESIAN_POINT('',(6.30362721579872,8.4328,7.42965343457914));
#10427=CARTESIAN_POINT('',(6.30362721579872,7.6708,7.42965343457914));
#10428=CARTESIAN_POINT('',(6.30362721579872,8.4328,7.42965343457914));
#10429=CARTESIAN_POINT('',(6.30362721579872,9.1948,6.66765343457915));
#10430=CARTESIAN_POINT('Origin',(6.30362721579872,8.4328,6.66765343457914));
#10431=CARTESIAN_POINT('',(6.30362721579872,9.1948,5.27065343457914));
#10432=CARTESIAN_POINT('',(6.30362721579872,9.1948,5.27065343457914));
#10433=CARTESIAN_POINT('',(6.30362721579872,8.4328,4.50865343457914));
#10434=CARTESIAN_POINT('Origin',(6.30362721579872,8.4328,5.27065343457914));
#10435=CARTESIAN_POINT('',(6.30362721579872,7.6708,4.50865343457914));
#10436=CARTESIAN_POINT('',(6.30362721579872,7.6708,4.50865343457914));
#10437=CARTESIAN_POINT('',(6.30362721579872,6.9088,5.27065343457914));
#10438=CARTESIAN_POINT('Origin',(6.30362721579872,7.6708,5.27065343457914));
#10439=CARTESIAN_POINT('',(6.30362721579872,6.9088,6.66765343457914));
#10440=CARTESIAN_POINT('',(6.30362721579872,6.9088,6.66765343457914));
#10441=CARTESIAN_POINT('Origin',(6.30362721579872,7.6708,6.66765343457914));
#10442=CARTESIAN_POINT('',(6.30362721579872,4.6228,-2.22234656542086));
#10443=CARTESIAN_POINT('',(6.30362721579872,3.8608,-2.98434656542086));
#10444=CARTESIAN_POINT('Origin',(6.30362721579872,3.8608,-2.22234656542086));
#10445=CARTESIAN_POINT('',(6.30362721579872,3.0988,-2.98434656542086));
#10446=CARTESIAN_POINT('',(6.30362721579872,3.0988,-2.98434656542086));
#10447=CARTESIAN_POINT('',(6.30362721579872,2.3368,-2.22234656542086));
#10448=CARTESIAN_POINT('Origin',(6.30362721579872,3.0988,-2.22234656542086));
#10449=CARTESIAN_POINT('',(6.30362721579872,2.3368,-0.825346565420852));
#10450=CARTESIAN_POINT('',(6.30362721579872,2.3368,-0.825346565420852));
#10451=CARTESIAN_POINT('',(6.30362721579872,3.0988,-0.0633465654208517));
#10452=CARTESIAN_POINT('Origin',(6.30362721579872,3.0988,-0.825346565420852));
#10453=CARTESIAN_POINT('',(6.30362721579872,3.8608,-0.0633465654208518));
#10454=CARTESIAN_POINT('',(6.30362721579872,3.8608,-0.0633465654208518));
#10455=CARTESIAN_POINT('',(6.30362721579872,4.6228,-0.825346565420852));
#10456=CARTESIAN_POINT('Origin',(6.30362721579872,3.8608,-0.825346565420852));
#10457=CARTESIAN_POINT('',(6.30362721579872,4.6228,-2.22234656542086));
#10458=CARTESIAN_POINT('',(6.30362721579872,3.4798,-4.00034656542086));
#10459=CARTESIAN_POINT('',(6.30362721579872,8.0518,-4.00034656542086));
#10460=CARTESIAN_POINT('',(6.30362721579872,3.4798,-4.00034656542086));
#10461=CARTESIAN_POINT('',(6.30362721579872,3.4798,-3.49234656542085));
#10462=CARTESIAN_POINT('',(6.30362721579872,3.4798,-4.00034656542086));
#10463=CARTESIAN_POINT('',(6.30362721579872,8.0518,-3.49234656542085));
#10464=CARTESIAN_POINT('',(6.30362721579872,3.4798,-3.49234656542085));
#10465=CARTESIAN_POINT('',(6.30362721579872,8.0518,-4.00034656542086));
#10466=CARTESIAN_POINT('Origin',(-1.36926723127128,9.7178810433,-9.81694656542085));
#10467=CARTESIAN_POINT('',(-6.29477278420128,10.5156,-9.81694656542085));
#10468=CARTESIAN_POINT('',(-6.29477278420128,10.5156,-9.81694656542085));
#10469=CARTESIAN_POINT('',(-3.98337278420128,8.3312,-9.81694656542085));
#10470=CARTESIAN_POINT('',(6.30362721579872,8.3312,-9.81694656542085));
#10471=CARTESIAN_POINT('',(-3.98337278420128,7.5692,-9.81694656542085));
#10472=CARTESIAN_POINT('Origin',(-3.98337278420128,7.9502,-9.81694656542085));
#10473=CARTESIAN_POINT('',(-2.33237278420128,7.5692,-9.81694656542085));
#10474=CARTESIAN_POINT('',(-2.33237278420128,7.5692,-9.81694656542085));
#10475=CARTESIAN_POINT('',(-1.57037278420128,6.8072,-9.81694656542085));
#10476=CARTESIAN_POINT('Origin',(-1.57037278420128,7.5692,-9.81694656542085));
#10477=CARTESIAN_POINT('',(-1.57037278420128,6.8072,-9.81694656542085));
#10478=CARTESIAN_POINT('',(-3.60237278420128,3.556,-9.81694656542085));
#10479=CARTESIAN_POINT('',(6.30362721579872,3.556,-9.81694656542085));
#10480=CARTESIAN_POINT('',(-3.60237278420128,2.032,-9.81694656542085));
#10481=CARTESIAN_POINT('Origin',(-3.60237278420128,2.794,-9.81694656542085));
#10482=CARTESIAN_POINT('',(-3.60237278420128,2.032,-9.81694656542085));
#10483=CARTESIAN_POINT('',(-6.29477278420128,1.651,-9.81694656542085));
#10484=CARTESIAN_POINT('',(6.30362721579872,1.651,-9.81694656542085));
#10485=CARTESIAN_POINT('',(-6.67577278420128,2.032,-9.81694656542085));
#10486=CARTESIAN_POINT('Origin',(-6.29477278420128,2.032,-9.81694656542085));
#10487=CARTESIAN_POINT('',(-6.67577278420128,10.1346,-9.81694656542085));
#10488=CARTESIAN_POINT('',(-6.67577278420128,2.032,-9.81694656542085));
#10489=CARTESIAN_POINT('Origin',(-6.29477278420128,10.1346,-9.81694656542085));
#10490=CARTESIAN_POINT('Origin',(6.30362721579872,10.5156,-8.80094656542085));
#10491=CARTESIAN_POINT('',(-6.29477278420128,10.5156,-10.5408465654208));
#10492=CARTESIAN_POINT('',(-6.29477278420128,10.5156,-10.5408465654208));
#10493=CARTESIAN_POINT('',(7.06562721579872,10.5156,-10.5408465654208));
#10494=CARTESIAN_POINT('',(-6.29477278420128,10.5156,-10.5408465654208));
#10495=CARTESIAN_POINT('',(7.06562721579872,10.5156,-8.80094656542085));
#10496=CARTESIAN_POINT('',(7.06562721579872,10.5156,-10.5408465654208));
#10497=CARTESIAN_POINT('',(7.06562721579872,10.5156,-8.80094656542085));
#10498=CARTESIAN_POINT('Origin',(-1.36926723127128,9.7178810433,-8.80094656542085));
#10499=CARTESIAN_POINT('',(-3.14517278420128,10.67613452233,-8.80094656542085));
#10500=CARTESIAN_POINT('',(-2.89560569543648,10.42217320776,-8.80094656542085));
#10501=CARTESIAN_POINT('Origin',(-2.89117278420128,10.67613452233,-8.80094656542085));
#10502=CARTESIAN_POINT('',(-2.89560569543648,10.42217320776,-8.80094656542085));
#10503=CARTESIAN_POINT('',(7.06562721579872,11.5316,-8.80094656542085));
#10504=CARTESIAN_POINT('',(7.06562721579872,10.5156,-8.80094656542085));
#10505=CARTESIAN_POINT('',(-3.14517278420128,11.5316,-8.80094656542085));
#10506=CARTESIAN_POINT('',(7.06562721579872,11.5316,-8.80094656542085));
#10507=CARTESIAN_POINT('',(-3.14517278420128,10.67613452233,-8.80094656542085));
#10508=CARTESIAN_POINT('Origin',(-2.89117278420128,10.67613452233,-8.19134656542085));
#10509=CARTESIAN_POINT('',(-2.89560569543668,10.42217320776,-8.19134656542085));
#10510=CARTESIAN_POINT('',(-2.89560569543648,10.42217320776,-8.19134656542085));
#10511=CARTESIAN_POINT('',(-3.14517278420128,10.67613452233,-8.19134656542085));
#10512=CARTESIAN_POINT('',(-3.14517278420128,10.67613452233,-8.80094656542085));
#10513=CARTESIAN_POINT('Origin',(-2.89117278420128,10.67613452233,-8.19134656542085));
#10514=CARTESIAN_POINT('Origin',(-2.89560569543638,10.42217320776,-8.19134656542085));
#10515=CARTESIAN_POINT('',(6.30362721579872,10.2616,-8.19134656542085));
#10516=CARTESIAN_POINT('Origin',(-1.60732798378448,7.97106060487,-8.19134656542085));
#10517=CARTESIAN_POINT('',(-3.14517278420128,11.5316,-8.19134656542085));
#10518=CARTESIAN_POINT('',(-3.14517278420128,11.5316,-8.19134656542085));
#10519=CARTESIAN_POINT('',(-3.14517278420128,11.5316,-8.19134656542085));
#10520=CARTESIAN_POINT('Origin',(-3.14517278420128,11.5316,-8.19134656542085));
#10521=CARTESIAN_POINT('',(-3.14517278420128,11.5316,-8.80094656542085));
#10522=CARTESIAN_POINT('Origin',(8.55152961579872,11.5316,-15.0441854212009));
#10523=CARTESIAN_POINT('',(-7.69177278420128,11.5316,-8.19134656542085));
#10524=CARTESIAN_POINT('',(-7.69177278420128,11.5316,-1.65700770964086));
#10525=CARTESIAN_POINT('',(-7.69177278420128,11.5316,-8.19134656542085));
#10526=CARTESIAN_POINT('',(-6.67577278420128,11.5316,-1.62152820783086));
#10527=CARTESIAN_POINT('',(-7.69177278420128,11.5316,-1.65700770964086));
#10528=CARTESIAN_POINT('',(-6.67577278420128,11.5316,-3.20284902966086));
#10529=CARTESIAN_POINT('',(-6.67577278420128,11.5316,-1.62152820783086));
#10530=CARTESIAN_POINT('',(-2.45937278420156,11.5316,-3.27644656542086));
#10531=CARTESIAN_POINT('',(-6.67577278420128,11.5316,-3.20284902966086));
#10532=CARTESIAN_POINT('',(1.50302721579872,11.5316,-3.27644656542086));
#10533=CARTESIAN_POINT('',(-2.45937278420156,11.5316,-3.27644656542086));
#10534=CARTESIAN_POINT('',(6.96402721579872,11.5316,-3.37176867499086));
#10535=CARTESIAN_POINT('',(1.50302721579872,11.5316,-3.27644656542086));
#10536=CARTESIAN_POINT('',(6.96402721579872,11.5316,-4.12092445585085));
#10537=CARTESIAN_POINT('',(6.96402721579872,11.5316,-3.37176867499086));
#10538=CARTESIAN_POINT('',(1.50302721579872,11.5316,-4.21624656542086));
#10539=CARTESIAN_POINT('',(6.96402721579872,11.5316,-4.12092445585085));
#10540=CARTESIAN_POINT('',(-2.45937278420169,11.5316,-4.21624656542086));
#10541=CARTESIAN_POINT('',(1.50302721579872,11.5316,-4.21624656542086));
#10542=CARTESIAN_POINT('',(-6.67577278420128,11.5316,-4.28984410118086));
#10543=CARTESIAN_POINT('',(-2.45937278420169,11.5316,-4.21624656542086));
#10544=CARTESIAN_POINT('',(-6.67577278420128,11.5316,-7.05039029569086));
#10545=CARTESIAN_POINT('',(-6.67577278420128,11.5316,-4.28984410118086));
#10546=CARTESIAN_POINT('',(-6.67577278420128,11.5316,-7.05039029569086));
#10547=CARTESIAN_POINT('',(7.06562721579872,11.5316,-10.1598465654208));
#10548=CARTESIAN_POINT('',(7.06562721579872,11.5316,-8.80094656542085));
#10549=CARTESIAN_POINT('',(-7.69177278420128,11.5316,-10.1598465654208));
#10550=CARTESIAN_POINT('',(-7.69177278420128,11.5316,-10.1598465654208));
#10551=CARTESIAN_POINT('',(-7.69177278420128,11.5316,-8.80094656542085));
#10552=CARTESIAN_POINT('',(-7.69177278420128,11.5316,-10.1598465654208));
#10553=CARTESIAN_POINT('',(-4.16117278420128,11.5316,-8.80094656542085));
#10554=CARTESIAN_POINT('',(-4.16117278420128,11.5316,-8.80094656542085));
#10555=CARTESIAN_POINT('',(-4.16117278420128,11.5316,-8.19134656542085));
#10556=CARTESIAN_POINT('',(-4.16117278420128,11.5316,-8.80094656542085));
#10557=CARTESIAN_POINT('',(-7.69177278420128,11.5316,-8.19134656542085));
#10558=CARTESIAN_POINT('Origin',(-7.69177278420128,5.7658,-14.9858465654209));
#10559=CARTESIAN_POINT('',(-7.69177278420128,11.5316,1.65731457879915));
#10560=CARTESIAN_POINT('',(-7.69177278420128,11.5316,1.65731457879915));
#10561=CARTESIAN_POINT('',(-7.69177278420128,9.0678,-8.19134656542085));
#10562=CARTESIAN_POINT('',(-7.69177278420128,11.5316,-8.19134656542085));
#10563=CARTESIAN_POINT('',(-7.69177278420128,9.0678,-8.80094656542085));
#10564=CARTESIAN_POINT('',(-7.69177278420128,9.0678,-8.19134656542085));
#10565=CARTESIAN_POINT('',(-7.69177278420128,11.5316,-8.80094656542085));
#10566=CARTESIAN_POINT('',(-7.69177278420128,11.1506,-10.5408465654208));
#10567=CARTESIAN_POINT('Origin',(-7.69177278420128,11.1506,-10.1598465654208));
#10568=CARTESIAN_POINT('',(-7.69177278420128,1.27,-10.5408465654208));
#10569=CARTESIAN_POINT('',(-7.69177278420128,11.1506,-10.5408465654208));
#10570=CARTESIAN_POINT('',(-7.69177278420128,-1.11022302462516E-15,-9.27084656542086));
#10571=CARTESIAN_POINT('',(-7.69177278420128,1.27,-10.5408465654208));
#10572=CARTESIAN_POINT('',(-7.69177278420128,-1.11022302462516E-15,-9.05024641166085));
#10573=CARTESIAN_POINT('',(-7.69177278420128,-1.11022302462516E-15,-9.27084656542086));
#10574=CARTESIAN_POINT('',(-7.69177278420128,0.431799999999999,-8.80094656542085));
#10575=CARTESIAN_POINT('',(-7.69177278420128,-1.11022302462516E-15,-9.05024641166085));
#10576=CARTESIAN_POINT('',(-7.69177278420128,0.9300906157,-8.80094656542085));
#10577=CARTESIAN_POINT('',(-7.69177278420128,0.9300906157,-8.80094656542085));
#10578=CARTESIAN_POINT('',(-7.69177278420128,0.9300906157,-8.92794656542086));
#10579=CARTESIAN_POINT('',(-7.69177278420128,0.9300906157,-8.92794656542086));
#10580=CARTESIAN_POINT('',(-7.69177278420128,1.27,-8.92794656542086));
#10581=CARTESIAN_POINT('',(-7.69177278420128,1.27,-8.92794656542086));
#10582=CARTESIAN_POINT('',(-7.69177278420128,1.27,-8.19134656542085));
#10583=CARTESIAN_POINT('',(-7.69177278420128,1.27,-8.92794656542086));
#10584=CARTESIAN_POINT('',(-7.69177278420128,0.431799999999999,-8.19134656542085));
#10585=CARTESIAN_POINT('',(-7.69177278420128,0.431799999999999,-8.19134656542085));
#10586=CARTESIAN_POINT('',(-7.69177278420128,-1.11022302462516E-15,-7.94204671918085));
#10587=CARTESIAN_POINT('',(-7.69177278420128,0.431799999999999,-8.19134656542085));
#10588=CARTESIAN_POINT('',(-7.69177278420128,1.11022302462516E-15,7.94235358833914));
#10589=CARTESIAN_POINT('',(-7.69177278420128,-1.11022302462516E-15,-7.94204671918085));
#10590=CARTESIAN_POINT('',(-7.69177278420128,0.431800000000001,8.19165343457915));
#10591=CARTESIAN_POINT('',(-7.69177278420128,1.11022302462516E-15,7.94235358833914));
#10592=CARTESIAN_POINT('',(-7.69177278420128,1.27,8.19165343457914));
#10593=CARTESIAN_POINT('',(-7.69177278420128,1.27,8.19165343457914));
#10594=CARTESIAN_POINT('',(-7.69177278420128,1.27,8.92825343457914));
#10595=CARTESIAN_POINT('',(-7.69177278420128,1.27,8.92825343457914));
#10596=CARTESIAN_POINT('',(-7.69177278420128,0.9300906157,8.92825343457914));
#10597=CARTESIAN_POINT('',(-7.69177278420128,0.9300906157,8.92825343457914));
#10598=CARTESIAN_POINT('',(-7.69177278420128,0.9300906157,8.80125343457914));
#10599=CARTESIAN_POINT('',(-7.69177278420128,0.9300906157,8.80125343457914));
#10600=CARTESIAN_POINT('',(-7.69177278420128,0.431799999999999,8.80125343457914));
#10601=CARTESIAN_POINT('',(-7.69177278420128,0.431799999999999,8.80125343457914));
#10602=CARTESIAN_POINT('',(-7.69177278420128,-1.11022302462516E-15,9.05055328081914));
#10603=CARTESIAN_POINT('',(-7.69177278420128,0.431799999999999,8.80125343457914));
#10604=CARTESIAN_POINT('',(-7.69177278420128,-1.11022302462516E-15,9.27115343457914));
#10605=CARTESIAN_POINT('',(-7.69177278420128,-1.11022302462516E-15,9.05055328081914));
#10606=CARTESIAN_POINT('',(-7.69177278420128,1.27,10.5411534345791));
#10607=CARTESIAN_POINT('',(-7.69177278420128,-1.11022302462516E-15,9.27115343457914));
#10608=CARTESIAN_POINT('',(-7.69177278420128,11.1506,10.5411534345791));
#10609=CARTESIAN_POINT('',(-7.69177278420128,11.1506,10.5411534345791));
#10610=CARTESIAN_POINT('',(-7.69177278420128,11.5316,10.1601534345792));
#10611=CARTESIAN_POINT('Origin',(-7.69177278420128,11.1506,10.1601534345792));
#10612=CARTESIAN_POINT('',(-7.69177278420128,11.5316,8.80125343457914));
#10613=CARTESIAN_POINT('',(-7.69177278420128,11.5316,8.80125343457914));
#10614=CARTESIAN_POINT('',(-7.69177278420128,9.0678,8.80125343457914));
#10615=CARTESIAN_POINT('',(-7.69177278420128,11.5316,8.80125343457914));
#10616=CARTESIAN_POINT('',(-7.69177278420128,9.0678,8.19165343457915));
#10617=CARTESIAN_POINT('',(-7.69177278420128,9.0678,8.19165343457915));
#10618=CARTESIAN_POINT('',(-7.69177278420128,11.5316,8.19165343457915));
#10619=CARTESIAN_POINT('',(-7.69177278420128,11.5316,8.19165343457915));
#10620=CARTESIAN_POINT('',(-7.69177278420128,11.5316,1.65731457879915));
#10621=CARTESIAN_POINT('',(-7.69177278420128,6.61810046129,-9.23274656542086));
#10622=CARTESIAN_POINT('',(-7.69177278420128,5.19289953871,-9.23274656542086));
#10623=CARTESIAN_POINT('',(-7.69177278420128,6.61810046129,-9.23274656542086));
#10624=CARTESIAN_POINT('',(-7.69177278420128,7.366,-8.80094656542085));
#10625=CARTESIAN_POINT('',(-7.69177278420128,6.61810046129,-9.23274656542086));
#10626=CARTESIAN_POINT('',(-7.69177278420128,7.366,-8.19134656542085));
#10627=CARTESIAN_POINT('',(-7.69177278420128,7.366,-8.19134656542085));
#10628=CARTESIAN_POINT('',(-7.69177278420128,4.445,-8.19134656542085));
#10629=CARTESIAN_POINT('',(-7.69177278420128,7.366,-8.19134656542085));
#10630=CARTESIAN_POINT('',(-7.69177278420128,4.445,-8.80094656542085));
#10631=CARTESIAN_POINT('',(-7.69177278420128,4.445,-8.80094656542085));
#10632=CARTESIAN_POINT('',(-7.69177278420128,4.445,-8.80094656542085));
#10633=CARTESIAN_POINT('',(-7.69177278420128,9.23681132234,-7.09035788776085));
#10634=CARTESIAN_POINT('',(-7.69177278420128,9.23681132234,-0.402335243080863));
#10635=CARTESIAN_POINT('',(-7.69177278420128,9.23681132234,-7.09035788776085));
#10636=CARTESIAN_POINT('',(-7.69177278420128,4.1853957793,-0.402335243080862));
#10637=CARTESIAN_POINT('',(-7.69177278420128,9.23681132234,-0.402335243080863));
#10638=CARTESIAN_POINT('',(-7.69177278420128,2.29478867766,-2.29294234472086));
#10639=CARTESIAN_POINT('',(-7.69177278420128,4.1853957793,-0.402335243080862));
#10640=CARTESIAN_POINT('',(-7.69177278420128,2.29478867766,-5.19975078612085));
#10641=CARTESIAN_POINT('',(-7.69177278420128,2.29478867766,-2.29294234472086));
#10642=CARTESIAN_POINT('',(-7.69177278420128,4.1853957793,-7.09035788776085));
#10643=CARTESIAN_POINT('',(-7.69177278420128,2.29478867766,-5.19975078612085));
#10644=CARTESIAN_POINT('',(-7.69177278420128,4.1853957793,-7.09035788776085));
#10645=CARTESIAN_POINT('',(-7.69177278420128,3.21945,-7.55213394130085));
#10646=CARTESIAN_POINT('',(-7.69177278420128,3.29565,-7.49498394130086));
#10647=CARTESIAN_POINT('',(-7.69177278420128,3.21945,-7.55213394130085));
#10648=CARTESIAN_POINT('',(-7.69177278420128,3.3528,-7.47593394130086));
#10649=CARTESIAN_POINT('',(-7.69177278420128,3.29565,-7.49498394130086));
#10650=CARTESIAN_POINT('',(-7.69177278420128,3.3528,-7.32353394130086));
#10651=CARTESIAN_POINT('',(-7.69177278420128,3.3528,-7.32353394130086));
#10652=CARTESIAN_POINT('',(-7.69177278420128,1.8288,-7.32353394130086));
#10653=CARTESIAN_POINT('',(-7.69177278420128,1.8288,-7.32353394130086));
#10654=CARTESIAN_POINT('',(-7.69177278420128,1.8288,-7.51403394130086));
#10655=CARTESIAN_POINT('',(-7.69177278420128,1.8288,-7.51403394130086));
#10656=CARTESIAN_POINT('',(-7.69177278420128,2.9337,-7.51403394130086));
#10657=CARTESIAN_POINT('',(-7.69177278420128,2.9337,-7.51403394130086));
#10658=CARTESIAN_POINT('',(-7.69177278420128,2.9337,-7.87598394130086));
#10659=CARTESIAN_POINT('',(-7.69177278420128,2.9337,-7.87598394130086));
#10660=CARTESIAN_POINT('',(-7.69177278420128,3.0861,-7.87598394130086));
#10661=CARTESIAN_POINT('',(-7.69177278420128,3.0861,-7.87598394130086));
#10662=CARTESIAN_POINT('',(-7.69177278420128,3.0861,-7.83788394130085));
#10663=CARTESIAN_POINT('',(-7.69177278420128,3.0861,-7.83788394130085));
#10664=CARTESIAN_POINT('',(-7.69177278420128,3.10515,-7.74263394130085));
#10665=CARTESIAN_POINT('',(-7.69177278420128,3.0861,-7.83788394130085));
#10666=CARTESIAN_POINT('',(-7.69177278420128,3.1242,-7.68548394130086));
#10667=CARTESIAN_POINT('',(-7.69177278420128,3.10515,-7.74263394130085));
#10668=CARTESIAN_POINT('',(-7.69177278420128,3.1623,-7.60928394130086));
#10669=CARTESIAN_POINT('',(-7.69177278420128,3.1242,-7.68548394130086));
#10670=CARTESIAN_POINT('',(-7.69177278420128,3.1623,-7.60928394130086));
#10671=CARTESIAN_POINT('',(-7.69177278420128,9.23681132234,7.09066475691914));
#10672=CARTESIAN_POINT('',(-7.69177278420128,4.1853957793,7.09066475691914));
#10673=CARTESIAN_POINT('',(-7.69177278420128,9.23681132234,7.09066475691914));
#10674=CARTESIAN_POINT('',(-7.69177278420128,2.29478867766,5.20005765527914));
#10675=CARTESIAN_POINT('',(-7.69177278420128,4.1853957793,7.09066475691914));
#10676=CARTESIAN_POINT('',(-7.69177278420128,2.29478867766,2.29324921387915));
#10677=CARTESIAN_POINT('',(-7.69177278420128,2.29478867766,5.20005765527914));
#10678=CARTESIAN_POINT('',(-7.69177278420128,4.1853957793,0.402642112239147));
#10679=CARTESIAN_POINT('',(-7.69177278420128,2.29478867766,2.29324921387915));
#10680=CARTESIAN_POINT('',(-7.69177278420128,9.23681132234,0.402642112239146));
#10681=CARTESIAN_POINT('',(-7.69177278420128,4.1853957793,0.402642112239147));
#10682=CARTESIAN_POINT('',(-7.69177278420128,9.23681132234,0.402642112239146));
#10683=CARTESIAN_POINT('',(-7.69177278420128,5.19289953871,9.23305343457915));
#10684=CARTESIAN_POINT('',(-7.69177278420128,4.445,8.80125343457914));
#10685=CARTESIAN_POINT('',(-7.69177278420128,5.19289953871,9.23305343457915));
#10686=CARTESIAN_POINT('',(-7.69177278420128,4.445,8.19165343457914));
#10687=CARTESIAN_POINT('',(-7.69177278420128,4.445,8.80125343457914));
#10688=CARTESIAN_POINT('',(-7.69177278420128,7.366,8.19165343457914));
#10689=CARTESIAN_POINT('',(-7.69177278420128,7.366,8.19165343457914));
#10690=CARTESIAN_POINT('',(-7.69177278420128,7.366,8.80125343457914));
#10691=CARTESIAN_POINT('',(-7.69177278420128,7.366,8.19165343457914));
#10692=CARTESIAN_POINT('',(-7.69177278420128,6.61810046129,9.23305343457915));
#10693=CARTESIAN_POINT('',(-7.69177278420128,7.366,8.80125343457914));
#10694=CARTESIAN_POINT('',(-7.69177278420128,6.61810046129,9.23305343457915));
#10695=CARTESIAN_POINT('Origin',(-7.69177278420128,11.5316,-0.0246822167908508));
#10696=CARTESIAN_POINT('',(-4.61837278420128,13.3858,1.54998908583914));
#10697=CARTESIAN_POINT('',(-7.69177278420128,11.5316,1.65731457879915));
#10698=CARTESIAN_POINT('',(-4.61837278420128,13.3858,-1.54968221668086));
#10699=CARTESIAN_POINT('',(-4.61837278420128,13.3858,-1.54968221668086));
#10700=CARTESIAN_POINT('',(-4.61837278420128,13.3858,-1.54968221668086));
#10701=CARTESIAN_POINT('Origin',(-2.51309783267751,9.81870141451,-1.47616439538086));
#10702=CARTESIAN_POINT('',(-3.90717278420128,13.3858,-1.52484656542086));
#10703=CARTESIAN_POINT('',(-3.90717278420128,13.3858,-1.52484656542086));
#10704=CARTESIAN_POINT('',(-4.36292067090328,10.14298528592,-1.54076163232085));
#10705=CARTESIAN_POINT('',(-4.36292067090328,10.14298528592,-1.54076163232085));
#10706=CARTESIAN_POINT('',(-6.67577278420128,10.18335626973,-1.62152820783086));
#10707=CARTESIAN_POINT('',(-6.67577278420128,10.18335626973,-1.62152820783086));
#10708=CARTESIAN_POINT('',(-6.67577278420128,11.5316,-1.62152820783086));
#10709=CARTESIAN_POINT('Origin',(-6.67577278420128,11.5316,11.9699058345791));
#10710=CARTESIAN_POINT('',(-6.67577278420128,10.18335626973,-3.20284902966086));
#10711=CARTESIAN_POINT('',(-6.67577278420128,10.18335626973,-1.62152820783086));
#10712=CARTESIAN_POINT('',(-6.67577278420128,10.18335626973,-3.20284902966086));
#10713=CARTESIAN_POINT('Origin',(-2.45937278420129,-1.11022302462516E-15,
-3.27644656542086));
#10714=CARTESIAN_POINT('',(-2.45937278420129,10.10975873397,-3.27644656542086));
#10715=CARTESIAN_POINT('',(-6.67577278420128,10.18335626973,-3.20284902966086));
#10716=CARTESIAN_POINT('',(-2.45937278420156,11.5316,-3.27644656542086));
#10717=CARTESIAN_POINT('Origin',(-4.36292067090328,10.14298528592,-1.65600770964086));
#10718=CARTESIAN_POINT('',(1.50302721579972,10.04059478469,-3.27644656542086));
#10719=CARTESIAN_POINT('',(1.50302721579972,10.04059478469,-3.27644656542086));
#10720=CARTESIAN_POINT('',(-2.45937278420129,10.10975873397,-3.27644656542086));
#10721=CARTESIAN_POINT('',(-4.36292067090328,10.14298528592,1.54106850147915));
#10722=CARTESIAN_POINT('',(-4.36292067090328,10.14298528592,1.54106850147915));
#10723=CARTESIAN_POINT('',(-6.67577278420128,10.18335626973,1.62183507698915));
#10724=CARTESIAN_POINT('',(-4.36292067090328,10.14298528592,1.54106850147915));
#10725=CARTESIAN_POINT('',(-6.67577278420128,10.18335626973,3.20315589881915));
#10726=CARTESIAN_POINT('',(-6.67577278420128,10.18335626973,3.20315589881915));
#10727=CARTESIAN_POINT('',(-2.45937278420128,10.10975873397,3.27675343457915));
#10728=CARTESIAN_POINT('',(-6.67577278420128,10.18335626973,3.20315589881915));
#10729=CARTESIAN_POINT('',(1.50302721579972,10.04059478469,3.27675343457915));
#10730=CARTESIAN_POINT('',(1.50302721579972,10.04059478469,3.27675343457915));
#10731=CARTESIAN_POINT('',(1.50302721579972,10.04059478469,3.27675343457915));
#10732=CARTESIAN_POINT('Origin',(1.50302721579872,-1.11022302462516E-15,
3.27675343457915));
#10733=CARTESIAN_POINT('',(1.50302721579872,11.5316,3.27675343457915));
#10734=CARTESIAN_POINT('',(1.50302721579872,11.5316,3.27675343457915));
#10735=CARTESIAN_POINT('',(6.96402721579872,11.5316,3.37207554414914));
#10736=CARTESIAN_POINT('',(6.96402721579872,11.5316,3.37207554414914));
#10737=CARTESIAN_POINT('',(6.96402721579872,9.96832732488,3.37207554414914));
#10738=CARTESIAN_POINT('',(6.96402721579872,11.5316,3.37207554414914));
#10739=CARTESIAN_POINT('',(6.30362721579872,9.9568,3.36054821926915));
#10740=CARTESIAN_POINT('Origin',(8.20355721579872,9.98996340151,3.09445399165914));
#10741=CARTESIAN_POINT('',(6.96402721579872,9.96832732488,3.37207554414914));
#10742=CARTESIAN_POINT('Origin',(6.96402721579872,14.7243824,-5.93162556542086));
#10743=CARTESIAN_POINT('',(6.96402721579872,11.5316,4.12123132500915));
#10744=CARTESIAN_POINT('Origin',(8.55152961579872,11.5316,-15.0441854212009));
#10745=CARTESIAN_POINT('',(-4.16117278420128,11.5316,8.19165343457915));
#10746=CARTESIAN_POINT('',(-4.16117278420128,11.5316,8.19165343457915));
#10747=CARTESIAN_POINT('',(-4.16117278420128,11.5316,8.80125343457914));
#10748=CARTESIAN_POINT('',(-4.16117278420128,11.5316,8.80125343457914));
#10749=CARTESIAN_POINT('',(-4.16117278420128,11.5316,8.80125343457914));
#10750=CARTESIAN_POINT('',(7.06562721579872,11.5316,10.1601534345792));
#10751=CARTESIAN_POINT('',(7.06562721579872,11.5316,10.1601534345792));
#10752=CARTESIAN_POINT('',(7.06562721579872,11.5316,8.80125343457914));
#10753=CARTESIAN_POINT('',(7.06562721579872,11.5316,8.80125343457914));
#10754=CARTESIAN_POINT('',(-3.14517278420128,11.5316,8.80125343457914));
#10755=CARTESIAN_POINT('',(7.06562721579872,11.5316,8.80125343457914));
#10756=CARTESIAN_POINT('',(-3.14517278420128,11.5316,8.19165343457915));
#10757=CARTESIAN_POINT('',(-3.14517278420128,11.5316,8.80125343457914));
#10758=CARTESIAN_POINT('',(-3.14517278420128,11.5316,8.19165343457915));
#10759=CARTESIAN_POINT('',(-6.67577278420128,11.5316,7.05069716484914));
#10760=CARTESIAN_POINT('',(6.30362721579872,11.5316,7.27725343457914));
#10761=CARTESIAN_POINT('',(-6.67577278420128,11.5316,4.29015097033915));
#10762=CARTESIAN_POINT('',(-6.67577278420128,11.5316,4.29015097033915));
#10763=CARTESIAN_POINT('',(-2.45937278420169,11.5316,4.21655343457914));
#10764=CARTESIAN_POINT('',(-6.67577278420128,11.5316,4.29015097033915));
#10765=CARTESIAN_POINT('',(-2.45937278420169,11.5316,4.21655343457914));
#10766=CARTESIAN_POINT('',(-2.45937278420156,11.5316,3.27675343457915));
#10767=CARTESIAN_POINT('',(1.50302721579872,11.5316,3.27675343457915));
#10768=CARTESIAN_POINT('',(-6.67577278420128,11.5316,3.20315589881915));
#10769=CARTESIAN_POINT('',(-2.45937278420156,11.5316,3.27675343457915));
#10770=CARTESIAN_POINT('',(-6.67577278420128,11.5316,1.62183507698915));
#10771=CARTESIAN_POINT('',(-6.67577278420128,11.5316,3.20315589881915));
#10772=CARTESIAN_POINT('',(-6.67577278420128,11.5316,1.62183507698915));
#10773=CARTESIAN_POINT('Origin',(-8.46395971058428,9.81870141451,1.68427994045915));
#10774=CARTESIAN_POINT('',(-6.67577278420128,10.18335626973,1.62183507698915));
#10775=CARTESIAN_POINT('',(-3.90717278420128,13.3858,1.52515343457914));
#10776=CARTESIAN_POINT('',(-3.90717278420128,13.3858,1.52515343457914));
#10777=CARTESIAN_POINT('',(-4.61837278420128,13.3858,1.54998908583914));
#10778=CARTESIAN_POINT('Origin',(-3.90717278420128,13.3858,4.68464007396914));
#10779=CARTESIAN_POINT('',(-3.90717278420128,13.3858,-1.52484656542086));
#10780=CARTESIAN_POINT('Origin',(-3.90717278420128,13.3858,7.51798908594914));
#10781=CARTESIAN_POINT('Origin',(-6.67577278420128,11.5316,11.9699058345791));
#10782=CARTESIAN_POINT('',(-6.67577278420128,10.18335626973,3.20315589881915));
#10783=CARTESIAN_POINT('Origin',(-6.67577278420128,0.,3.20315589881915));
#10784=CARTESIAN_POINT('',(-2.45937278420156,11.5316,3.27675343457915));
#10785=CARTESIAN_POINT('Origin',(-2.45937278420129,-1.11022302462516E-15,
3.27675343457915));
#10786=CARTESIAN_POINT('Origin',(1.50302721579872,-1.11022302462516E-15,
4.21655343457914));
#10787=CARTESIAN_POINT('',(-2.45937278420169,11.5316,4.21655343457914));
#10788=CARTESIAN_POINT('Origin',(-2.45937278420129,-1.11022302462516E-15,
4.21655343457914));
#10789=CARTESIAN_POINT('',(-6.67577278420128,11.5316,4.29015097033915));
#10790=CARTESIAN_POINT('Origin',(-6.67577278420128,11.5316,11.9699058345791));
#10791=CARTESIAN_POINT('',(-6.67577278420128,11.5316,7.05069716484914));
#10792=CARTESIAN_POINT('Origin',(-1.60612310698998,7.97106060487,7.13918822912914));
#10793=CARTESIAN_POINT('Origin',(-1.60732798378448,7.97106060487,8.19165343457914));
#10794=CARTESIAN_POINT('',(-3.14517278420128,10.67613452233,8.19165343457915));
#10795=CARTESIAN_POINT('',(-2.89560569543648,10.42217320776,8.19165343457915));
#10796=CARTESIAN_POINT('Origin',(-2.89117278420128,10.67613452233,8.19165343457915));
#10797=CARTESIAN_POINT('',(-2.89560569543648,10.42217320776,8.19165343457915));
#10798=CARTESIAN_POINT('',(-3.14517278420128,11.5316,8.19165343457915));
#10799=CARTESIAN_POINT('Origin',(-2.89117278420128,10.67613452233,8.19165343457915));
#10800=CARTESIAN_POINT('',(-3.14517278420128,10.67613452233,8.80125343457914));
#10801=CARTESIAN_POINT('',(-3.14517278420128,10.67613452233,8.19165343457915));
#10802=CARTESIAN_POINT('',(-2.89560569543648,10.42217320776,8.80125343457914));
#10803=CARTESIAN_POINT('Origin',(-2.89117278420128,10.67613452233,8.80125343457914));
#10804=CARTESIAN_POINT('',(-2.89560569543648,10.42217320776,8.80125343457914));
#10805=CARTESIAN_POINT('Origin',(-2.89560569543638,10.42217320776,8.19165343457915));
#10806=CARTESIAN_POINT('',(6.30362721579872,10.2616,8.80125343457914));
#10807=CARTESIAN_POINT('Origin',(-1.36926723127128,9.7178810433,8.80125343457914));
#10808=CARTESIAN_POINT('',(-3.14517278420128,10.67613452233,8.80125343457914));
#10809=CARTESIAN_POINT('',(7.06562721579872,10.5156,8.80125343457914));
#10810=CARTESIAN_POINT('',(7.06562721579872,10.5156,8.80125343457914));
#10811=CARTESIAN_POINT('',(7.06562721579872,10.5156,8.80125343457914));
#10812=CARTESIAN_POINT('Origin',(-3.14517278420128,11.5316,8.19165343457915));
#10813=CARTESIAN_POINT('Origin',(6.30362721579872,10.5156,8.80125343457914));
#10814=CARTESIAN_POINT('',(7.06562721579872,10.5156,10.5411534345791));
#10815=CARTESIAN_POINT('',(-6.29477278420128,10.5156,10.5411534345791));
#10816=CARTESIAN_POINT('',(7.06562721579872,10.5156,10.5411534345791));
#10817=CARTESIAN_POINT('',(-6.29477278420128,10.5156,9.81725343457915));
#10818=CARTESIAN_POINT('',(-6.29477278420128,10.5156,9.81725343457915));
#10819=CARTESIAN_POINT('',(6.30362721579872,10.5156,9.81725343457915));
#10820=CARTESIAN_POINT('',(7.06562721579872,10.5156,10.5411534345791));
#10821=CARTESIAN_POINT('Origin',(6.30362721579872,1.27,10.5411534345791));
#10822=CARTESIAN_POINT('',(-6.67577278420128,10.1346,10.5411534345791));
#10823=CARTESIAN_POINT('Origin',(-6.29477278420128,10.1346,10.5411534345791));
#10824=CARTESIAN_POINT('',(7.06562721579872,11.1506,10.5411534345791));
#10825=CARTESIAN_POINT('',(7.06562721579872,11.1506,10.5411534345791));
#10826=CARTESIAN_POINT('',(-7.69177278420128,11.1506,10.5411534345791));
#10827=CARTESIAN_POINT('',(7.06562721579872,1.27,10.5411534345791));
#10828=CARTESIAN_POINT('',(-7.69177278420128,1.27,10.5411534345791));
#10829=CARTESIAN_POINT('',(7.06562721579872,1.651,10.5411534345791));
#10830=CARTESIAN_POINT('',(7.06562721579872,1.651,10.5411534345791));
#10831=CARTESIAN_POINT('',(-6.29477278420128,1.651,10.5411534345791));
#10832=CARTESIAN_POINT('',(-6.29477278420128,1.651,10.5411534345791));
#10833=CARTESIAN_POINT('',(-6.67577278420128,2.032,10.5411534345791));
#10834=CARTESIAN_POINT('Origin',(-6.29477278420128,2.032,10.5411534345791));
#10835=CARTESIAN_POINT('',(-6.67577278420128,10.1346,10.5411534345791));
#10836=CARTESIAN_POINT('Origin',(-6.29477278420128,10.1346,3.73125809989915));
#10837=CARTESIAN_POINT('',(-6.67577278420128,10.1346,9.81725343457915));
#10838=CARTESIAN_POINT('',(-6.67577278420128,10.1346,10.5411534345791));
#10839=CARTESIAN_POINT('Origin',(-6.29477278420128,10.1346,9.81725343457915));
#10840=CARTESIAN_POINT('Origin',(-6.67577278420128,10.5156,9.81725343457915));
#10841=CARTESIAN_POINT('',(-6.67577278420128,2.032,9.81725343457915));
#10842=CARTESIAN_POINT('',(-6.67577278420128,2.032,9.81725343457915));
#10843=CARTESIAN_POINT('',(-6.67577278420128,10.1346,9.81725343457915));
#10844=CARTESIAN_POINT('Origin',(-1.36926723127128,9.7178810433,9.81725343457915));
#10845=CARTESIAN_POINT('',(-6.29477278420128,1.651,9.81725343457915));
#10846=CARTESIAN_POINT('Origin',(-6.29477278420128,2.032,9.81725343457915));
#10847=CARTESIAN_POINT('',(-6.29477278420128,1.651,9.81725343457915));
#10848=CARTESIAN_POINT('',(-3.60237278420128,2.032,9.81725343457915));
#10849=CARTESIAN_POINT('',(6.30362721579872,2.032,9.81725343457915));
#10850=CARTESIAN_POINT('',(-3.60237278420128,3.556,9.81725343457915));
#10851=CARTESIAN_POINT('Origin',(-3.60237278420128,2.794,9.81725343457915));
#10852=CARTESIAN_POINT('',(-3.60237278420128,3.556,9.81725343457915));
#10853=CARTESIAN_POINT('',(-1.57037278420128,6.8072,9.81725343457915));
#10854=CARTESIAN_POINT('',(6.30362721579872,6.8072,9.81725343457915));
#10855=CARTESIAN_POINT('',(-2.33237278420128,7.5692,9.81725343457915));
#10856=CARTESIAN_POINT('Origin',(-1.57037278420128,7.5692,9.81725343457915));
#10857=CARTESIAN_POINT('',(-3.98337278420128,7.5692,9.81725343457915));
#10858=CARTESIAN_POINT('',(-2.33237278420128,7.5692,9.81725343457915));
#10859=CARTESIAN_POINT('',(-3.98337278420128,8.3312,9.81725343457915));
#10860=CARTESIAN_POINT('Origin',(-3.98337278420128,7.9502,9.81725343457915));
#10861=CARTESIAN_POINT('',(-3.98337278420128,8.3312,9.81725343457915));
#10862=CARTESIAN_POINT('Origin',(6.30362721579872,8.3312,7.81328120371914));
#10863=CARTESIAN_POINT('',(5.87182721579872,8.3312,8.19165343457914));
#10864=CARTESIAN_POINT('',(5.87182721579872,8.3312,8.19165343457914));
#10865=CARTESIAN_POINT('',(-3.98337278420128,8.3312,8.19165343457914));
#10866=CARTESIAN_POINT('',(-3.98337278420128,8.3312,8.19165343457914));
#10867=CARTESIAN_POINT('',(5.87182721579872,8.3312,8.19165343457914));
#10868=CARTESIAN_POINT('Origin',(6.08772721579872,7.5692,8.06700351145914));
#10869=CARTESIAN_POINT('',(5.87182721579872,6.8072,8.19165343457914));
#10870=CARTESIAN_POINT('',(5.87182721579872,6.8072,8.19165343457914));
#10871=CARTESIAN_POINT('',(6.30362721579872,6.8072,7.94235358833914));
#10872=CARTESIAN_POINT('Origin',(-1.57037278420128,6.8072,9.81725343457915));
#10873=CARTESIAN_POINT('',(-1.57037278420128,6.8072,8.19165343457914));
#10874=CARTESIAN_POINT('',(-1.57037278420128,6.8072,8.19165343457914));
#10875=CARTESIAN_POINT('',(-1.57037278420128,6.8072,9.81725343457915));
#10876=CARTESIAN_POINT('Origin',(-1.57037278420128,7.5692,9.81725343457915));
#10877=CARTESIAN_POINT('',(-2.33237278420128,7.5692,8.19165343457914));
#10878=CARTESIAN_POINT('Origin',(-1.57037278420128,7.5692,8.19165343457914));
#10879=CARTESIAN_POINT('',(-2.33237278420128,7.5692,8.19165343457914));
#10880=CARTESIAN_POINT('Origin',(-3.98337278420128,7.5692,9.81725343457915));
#10881=CARTESIAN_POINT('',(-3.98337278420128,7.5692,8.19165343457914));
#10882=CARTESIAN_POINT('',(-2.33237278420128,7.5692,8.19165343457914));
#10883=CARTESIAN_POINT('',(-3.98337278420128,7.5692,9.81725343457915));
#10884=CARTESIAN_POINT('Origin',(-3.98337278420128,7.9502,7.81328120371914));
#10885=CARTESIAN_POINT('Origin',(-3.98337278420128,7.9502,8.19165343457914));
#10886=CARTESIAN_POINT('Origin',(-1.60732798378448,7.97106060487,8.19165343457914));
#10887=CARTESIAN_POINT('Origin',(7.91921021579872,3.556,9.81725343457915));
#10888=CARTESIAN_POINT('',(-3.60237278420128,3.556,8.19165343457914));
#10889=CARTESIAN_POINT('',(-3.60237278420128,3.556,8.19165343457914));
#10890=CARTESIAN_POINT('',(6.30362721579872,3.556,8.19165343457914));
#10891=CARTESIAN_POINT('Origin',(-1.60732798378448,7.97106060487,8.19165343457914));
#10892=CARTESIAN_POINT('',(-3.60237278420128,2.032,8.19165343457914));
#10893=CARTESIAN_POINT('Origin',(-3.60237278420128,2.794,8.19165343457914));
#10894=CARTESIAN_POINT('',(6.30362721579872,2.032,8.19165343457914));
#10895=CARTESIAN_POINT('Origin',(-1.57037278420128,2.032,9.81725343457915));
#10896=CARTESIAN_POINT('',(-3.60237278420128,2.032,9.81725343457915));
#10897=CARTESIAN_POINT('Origin',(-3.60237278420128,2.794,9.81725343457915));
#10898=CARTESIAN_POINT('Origin',(6.30362721579872,1.651,10.5411534345791));
#10899=CARTESIAN_POINT('',(-6.29477278420128,1.651,10.5411534345791));
#10900=CARTESIAN_POINT('',(7.06562721579872,1.651,8.92825343457914));
#10901=CARTESIAN_POINT('',(7.06562721579872,1.651,8.92825343457914));
#10902=CARTESIAN_POINT('',(6.30362721579872,1.651,8.92825343457914));
#10903=CARTESIAN_POINT('Origin',(-6.29477278420128,2.032,3.73125809989915));
#10904=CARTESIAN_POINT('Origin',(5.62420714617872,4.04472294739,8.92825343457914));
#10905=CARTESIAN_POINT('',(7.06562721579872,-3.33066907387547E-15,8.92825343457914));
#10906=CARTESIAN_POINT('',(7.06562721579872,1.651,8.92825343457914));
#10907=CARTESIAN_POINT('',(6.30362721579872,-3.33066907387547E-15,8.92825343457914));
#10908=CARTESIAN_POINT('Origin',(6.30362721579872,-1.11022302462516E-15,
-31.2799465654209));
#10909=CARTESIAN_POINT('',(-6.67577278420128,0.,-3.20284902966086));
#10910=CARTESIAN_POINT('',(-6.67577278420128,0.,3.20315589881915));
#10911=CARTESIAN_POINT('',(-6.67577278420128,0.,-3.20284902966086));
#10912=CARTESIAN_POINT('',(-2.45937278420156,-1.11022302462516E-15,3.27675343457915));
#10913=CARTESIAN_POINT('',(-6.67577278420128,0.,3.20315589881915));
#10914=CARTESIAN_POINT('',(1.50302721579872,-1.11022302462516E-15,3.27675343457915));
#10915=CARTESIAN_POINT('',(-2.45937278420156,-1.11022302462516E-15,3.27675343457915));
#10916=CARTESIAN_POINT('',(6.96402721579871,-2.22044604925031E-15,3.37207554414914));
#10917=CARTESIAN_POINT('',(1.50302721579872,-1.11022302462516E-15,3.27675343457915));
#10918=CARTESIAN_POINT('',(6.96402721579871,-2.22044604925031E-15,4.12123132500915));
#10919=CARTESIAN_POINT('',(6.96402721579871,-2.22044604925031E-15,3.37207554414914));
#10920=CARTESIAN_POINT('',(1.50302721579872,-1.11022302462516E-15,4.21655343457914));
#10921=CARTESIAN_POINT('',(6.96402721579871,-2.22044604925031E-15,4.12123132500915));
#10922=CARTESIAN_POINT('',(-2.45937278420169,-1.11022302462516E-15,4.21655343457914));
#10923=CARTESIAN_POINT('',(1.50302721579872,-1.11022302462516E-15,4.21655343457914));
#10924=CARTESIAN_POINT('',(-6.67577278420128,0.,4.29015097033915));
#10925=CARTESIAN_POINT('',(-2.45937278420169,-1.11022302462516E-15,4.21655343457914));
#10926=CARTESIAN_POINT('',(-6.67577278420128,1.11022302462516E-15,7.05069716484914));
#10927=CARTESIAN_POINT('',(-6.67577278420128,1.11022302462516E-15,7.05069716484914));
#10928=CARTESIAN_POINT('',(-6.67577278420128,1.11022302462516E-15,7.05069716484914));
#10929=CARTESIAN_POINT('',(7.06562721579872,-3.33066907387547E-15,9.27115343457914));
#10930=CARTESIAN_POINT('',(7.06562721579872,-3.33066907387547E-15,9.27115343457914));
#10931=CARTESIAN_POINT('',(-7.69177278420128,-1.11022302462516E-15,9.27115343457914));
#10932=CARTESIAN_POINT('',(-2.25617278420128,-2.22044604925031E-15,9.05055328081914));
#10933=CARTESIAN_POINT('',(-7.69177278420128,-1.11022302462516E-15,9.05055328081914));
#10934=CARTESIAN_POINT('',(-2.25617278420128,0.,7.94235358833914));
#10935=CARTESIAN_POINT('',(-2.25617278420128,-2.22044604925031E-15,9.05055328081914));
#10936=CARTESIAN_POINT('',(-2.25617278420128,0.,7.94235358833914));
#10937=CARTESIAN_POINT('',(-2.25617278420128,-2.22044604925031E-15,-7.94204671918085));
#10938=CARTESIAN_POINT('',(-2.25617278420128,-2.22044604925031E-15,-7.94204671918085));
#10939=CARTESIAN_POINT('',(-2.25617278420128,-2.22044604925031E-15,-9.05024641166085));
#10940=CARTESIAN_POINT('',(-2.25617278420128,-2.22044604925031E-15,-9.05024641166085));
#10941=CARTESIAN_POINT('',(-7.69177278420128,-1.11022302462516E-15,-9.05024641166085));
#10942=CARTESIAN_POINT('',(7.06562721579872,-3.33066907387547E-15,-9.27084656542086));
#10943=CARTESIAN_POINT('',(-7.69177278420128,-1.11022302462516E-15,-9.27084656542086));
#10944=CARTESIAN_POINT('',(7.06562721579872,-3.33066907387547E-15,-8.92794656542086));
#10945=CARTESIAN_POINT('',(7.06562721579872,-3.33066907387547E-15,-9.27084656542086));
#10946=CARTESIAN_POINT('',(6.30362721579872,-3.33066907387547E-15,-8.92794656542086));
#10947=CARTESIAN_POINT('',(-6.67577278420128,-1.11022302462516E-15,-7.05039029569086));
#10948=CARTESIAN_POINT('',(6.30362721579872,-3.33066907387547E-15,-7.27694656542085));
#10949=CARTESIAN_POINT('',(-6.67577278420128,0.,-4.28984410118086));
#10950=CARTESIAN_POINT('',(-6.67577278420128,-1.11022302462516E-15,-7.05039029569086));
#10951=CARTESIAN_POINT('',(-2.45937278420169,-1.11022302462516E-15,-4.21624656542086));
#10952=CARTESIAN_POINT('',(-6.67577278420128,0.,-4.28984410118086));
#10953=CARTESIAN_POINT('',(1.50302721579872,-1.11022302462516E-15,-4.21624656542086));
#10954=CARTESIAN_POINT('',(-2.45937278420169,-1.11022302462516E-15,-4.21624656542086));
#10955=CARTESIAN_POINT('',(6.96402721579871,-2.22044604925031E-15,-4.12092445585085));
#10956=CARTESIAN_POINT('',(1.50302721579872,-1.11022302462516E-15,-4.21624656542086));
#10957=CARTESIAN_POINT('',(6.96402721579871,-2.22044604925031E-15,-3.37176867499086));
#10958=CARTESIAN_POINT('',(6.96402721579871,-2.22044604925031E-15,-4.12092445585085));
#10959=CARTESIAN_POINT('',(1.50302721579872,-1.11022302462516E-15,-3.27644656542086));
#10960=CARTESIAN_POINT('',(6.96402721579871,-2.22044604925031E-15,-3.37176867499086));
#10961=CARTESIAN_POINT('',(-2.45937278420156,-1.11022302462516E-15,-3.27644656542086));
#10962=CARTESIAN_POINT('',(1.50302721579872,-1.11022302462516E-15,-3.27644656542086));
#10963=CARTESIAN_POINT('',(-2.45937278420156,-1.11022302462516E-15,-3.27644656542086));
#10964=CARTESIAN_POINT('Origin',(-6.67577278420128,-1.11022302462516E-15,
10.5411534345791));
#10965=CARTESIAN_POINT('',(-6.67577278420128,1.34824373027,-3.20284902966086));
#10966=CARTESIAN_POINT('',(-6.67577278420128,0.,-3.20284902966086));
#10967=CARTESIAN_POINT('',(-6.67577278420128,1.34824373027,3.20315589881915));
#10968=CARTESIAN_POINT('',(-6.67577278420128,1.34824373027,-3.20284902966086));
#10969=CARTESIAN_POINT('',(-6.67577278420128,1.34824373027,3.20315589881915));
#10970=CARTESIAN_POINT('Origin',(-6.67577278420128,0.,3.20315589881915));
#10971=CARTESIAN_POINT('',(-2.45937278420129,1.42184126603,3.27675343457915));
#10972=CARTESIAN_POINT('',(-6.67577278420128,1.34824373027,3.20315589881915));
#10973=CARTESIAN_POINT('',(-2.45937278420129,1.42184126603,3.27675343457915));
#10974=CARTESIAN_POINT('Origin',(-2.45937278420129,-1.11022302462516E-15,
3.27675343457915));
#10975=CARTESIAN_POINT('',(1.50302721579972,1.49100521531,3.27675343457915));
#10976=CARTESIAN_POINT('',(-2.45937278420129,1.42184126603,3.27675343457915));
#10977=CARTESIAN_POINT('',(1.50302721579972,1.49100521531,3.27675343457915));
#10978=CARTESIAN_POINT('Origin',(1.50302721579872,-1.11022302462516E-15,
3.27675343457915));
#10979=CARTESIAN_POINT('',(6.30362721579872,1.5748,3.36054821926915));
#10980=CARTESIAN_POINT('',(6.96402721579871,1.56327267512,3.37207554414914));
#10981=CARTESIAN_POINT('',(6.96402721579871,1.56327267512,3.37207554414914));
#10982=CARTESIAN_POINT('',(6.96402721579871,1.56327267512,3.37207554414914));
#10983=CARTESIAN_POINT('Origin',(6.96402721579872,14.7243824,-5.93162556542086));
#10984=CARTESIAN_POINT('',(6.96402721579871,1.56327267512,4.12123132500915));
#10985=CARTESIAN_POINT('',(6.96402721579871,1.56327267512,4.12123132500915));
#10986=CARTESIAN_POINT('',(6.96402721579871,-2.22044604925031E-15,4.12123132500915));
#10987=CARTESIAN_POINT('Origin',(6.30362721579872,1.5748,3.09445399165914));
#10988=CARTESIAN_POINT('',(6.30362721579872,1.5748,4.13275864988915));
#10989=CARTESIAN_POINT('Origin',(7.06562721579872,-2.22044604925031E-15,
4.11945789040914));
#10990=CARTESIAN_POINT('',(1.50302721579972,1.49100521531,4.21655343457914));
#10991=CARTESIAN_POINT('',(1.50302721579972,1.49100521531,4.21655343457914));
#10992=CARTESIAN_POINT('',(1.50302721579972,1.49100521531,4.21655343457914));
#10993=CARTESIAN_POINT('Origin',(1.50302721579872,-1.11022302462516E-15,
4.21655343457914));
#10994=CARTESIAN_POINT('',(-2.45937278420142,1.42184126603,4.21655343457914));
#10995=CARTESIAN_POINT('',(1.50302721579972,1.49100521531,4.21655343457914));
#10996=CARTESIAN_POINT('',(-2.45937278420142,1.42184126603,4.21655343457914));
#10997=CARTESIAN_POINT('Origin',(-2.45937278420129,-1.11022302462516E-15,
4.21655343457914));
#10998=CARTESIAN_POINT('',(-6.67577278420128,1.34824373027,4.29015097033915));
#10999=CARTESIAN_POINT('',(-6.67577278420128,1.34824373027,4.29015097033915));
#11000=CARTESIAN_POINT('',(-6.67577278420128,1.34824373027,4.29015097033915));
#11001=CARTESIAN_POINT('Origin',(-6.67577278420128,-1.11022302462516E-15,
10.5411534345791));
#11002=CARTESIAN_POINT('',(-6.67577278420128,1.34824373027,7.05069716484914));
#11003=CARTESIAN_POINT('',(-6.67577278420128,1.34824373027,7.05069716484914));
#11004=CARTESIAN_POINT('',(-6.67577278420128,1.34824373027,4.29015097033915));
#11005=CARTESIAN_POINT('Origin',(-1.60612310698998,7.97106060487,7.13918822912914));
#11006=CARTESIAN_POINT('',(6.30362721579872,1.5748,7.27725343457914));
#11007=CARTESIAN_POINT('Origin',(-10.6255560477753,1.27930000695,-12.6490489654209));
#11008=CARTESIAN_POINT('Origin',(-10.6255560477753,1.27930000695,-12.6490489654209));
#11009=CARTESIAN_POINT('',(-2.45937278420129,1.42184126603,-3.27644656542086));
#11010=CARTESIAN_POINT('',(-2.45937278420129,1.42184126603,-3.27644656542086));
#11011=CARTESIAN_POINT('',(1.50302721579972,1.49100521531,-3.27644656542086));
#11012=CARTESIAN_POINT('',(1.50302721579972,1.49100521531,-3.27644656542086));
#11013=CARTESIAN_POINT('',(1.50302721579972,1.49100521531,-3.27644656542086));
#11014=CARTESIAN_POINT('Origin',(7.06562721579872,-2.22044604925031E-15,
-3.37354210959085));
#11015=CARTESIAN_POINT('',(6.96402721579871,1.56327267512,-3.37176867499086));
#11016=CARTESIAN_POINT('',(6.96402721579871,-2.22044604925031E-15,-3.37176867499086));
#11017=CARTESIAN_POINT('',(6.30362721579872,1.5748,-3.36024135011086));
#11018=CARTESIAN_POINT('',(1.50302721579972,1.49100521531,-3.27644656542086));
#11019=CARTESIAN_POINT('Origin',(6.96402721579872,14.7243824,-5.93162556542086));
#11020=CARTESIAN_POINT('',(6.96402721579871,1.56327267512,-4.12092445585085));
#11021=CARTESIAN_POINT('',(6.96402721579871,1.56327267512,-4.12092445585085));
#11022=CARTESIAN_POINT('',(6.96402721579871,1.56327267512,-3.37176867499086));
#11023=CARTESIAN_POINT('Origin',(1.50302721579872,-1.11022302462516E-15,
-4.21624656542086));
#11024=CARTESIAN_POINT('',(1.50302721579972,1.49100521531,-4.21624656542086));
#11025=CARTESIAN_POINT('',(1.50302721579972,1.49100521531,-4.21624656542086));
#11026=CARTESIAN_POINT('',(6.30362721579872,1.5748,-4.13245178073086));
#11027=CARTESIAN_POINT('',(6.96402721579871,1.56327267512,-4.12092445585085));
#11028=CARTESIAN_POINT('Origin',(6.30362721579872,1.5748,-4.39854600834086));
#11029=CARTESIAN_POINT('Origin',(-10.6255560477753,1.27930000695,-12.6490489654209));
#11030=CARTESIAN_POINT('',(-2.45937278420142,1.42184126603,-4.21624656542086));
#11031=CARTESIAN_POINT('',(-2.45937278420142,1.42184126603,-4.21624656542086));
#11032=CARTESIAN_POINT('',(-6.67577278420128,1.34824373027,-4.28984410118086));
#11033=CARTESIAN_POINT('',(-2.45937278420142,1.42184126603,-4.21624656542086));
#11034=CARTESIAN_POINT('',(-6.67577278420128,1.34824373027,-7.05039029569086));
#11035=CARTESIAN_POINT('',(-6.67577278420128,1.34824373027,-4.28984410118086));
#11036=CARTESIAN_POINT('',(-6.67577278420128,1.34824373027,-7.05039029569086));
#11037=CARTESIAN_POINT('Origin',(-1.60612310698998,7.97106060487,-7.13888135997085));
#11038=CARTESIAN_POINT('',(-6.67577278420128,1.34824373027,-7.05039029569086));
#11039=CARTESIAN_POINT('Origin',(-6.67577278420128,-1.11022302462516E-15,
10.5411534345791));
#11040=CARTESIAN_POINT('',(-6.67577278420128,0.,-4.28984410118086));
#11041=CARTESIAN_POINT('Origin',(-6.67577278420128,0.,-4.28984410118086));
#11042=CARTESIAN_POINT('',(-2.45937278420142,1.42184126603,-4.21624656542086));
#11043=CARTESIAN_POINT('Origin',(-2.45937278420129,-1.11022302462516E-15,
-4.21624656542086));
#11044=CARTESIAN_POINT('Origin',(1.50302721579872,-1.11022302462516E-15,
-3.27644656542086));
#11045=CARTESIAN_POINT('',(-2.45937278420129,1.42184126603,-3.27644656542086));
#11046=CARTESIAN_POINT('Origin',(-2.45937278420129,-1.11022302462516E-15,
-3.27644656542086));
#11047=CARTESIAN_POINT('Origin',(5.62420714617872,4.04472294739,-8.92794656542086));
#11048=CARTESIAN_POINT('',(7.06562721579872,1.651,-8.92794656542086));
#11049=CARTESIAN_POINT('',(7.06562721579872,-3.33066907387547E-15,-8.92794656542086));
#11050=CARTESIAN_POINT('',(7.06562721579872,1.651,-8.92794656542086));
#11051=CARTESIAN_POINT('Origin',(6.30362721579872,1.651,-10.5408465654208));
#11052=CARTESIAN_POINT('',(-6.29477278420128,1.651,-10.5408465654208));
#11053=CARTESIAN_POINT('',(-6.29477278420128,1.651,-9.81694656542085));
#11054=CARTESIAN_POINT('',(7.06562721579872,1.651,-10.5408465654208));
#11055=CARTESIAN_POINT('',(7.06562721579872,1.651,-8.92794656542086));
#11056=CARTESIAN_POINT('',(7.06562721579872,1.651,-10.5408465654208));
#11057=CARTESIAN_POINT('Origin',(-6.29477278420128,2.032,3.73125809989915));
#11058=CARTESIAN_POINT('',(-6.67577278420128,2.032,-10.5408465654208));
#11059=CARTESIAN_POINT('Origin',(-6.29477278420128,2.032,-10.5408465654208));
#11060=CARTESIAN_POINT('',(-6.67577278420128,2.032,-10.5408465654208));
#11061=CARTESIAN_POINT('Origin',(-6.67577278420128,10.5156,-9.81694656542085));
#11062=CARTESIAN_POINT('',(-6.67577278420128,10.1346,-10.5408465654208));
#11063=CARTESIAN_POINT('',(-6.67577278420128,10.1346,-9.81694656542085));
#11064=CARTESIAN_POINT('',(-6.67577278420128,2.032,-10.5408465654208));
#11065=CARTESIAN_POINT('Origin',(-6.29477278420128,10.1346,3.73125809989915));
#11066=CARTESIAN_POINT('Origin',(-6.29477278420128,10.1346,-10.5408465654208));
#11067=CARTESIAN_POINT('Origin',(6.30362721579872,1.27,-10.5408465654208));
#11068=CARTESIAN_POINT('',(7.06562721579872,11.1506,-10.5408465654208));
#11069=CARTESIAN_POINT('',(7.06562721579872,10.5156,-10.5408465654208));
#11070=CARTESIAN_POINT('',(7.06562721579872,1.27,-10.5408465654208));
#11071=CARTESIAN_POINT('',(7.06562721579872,1.27,-10.5408465654208));
#11072=CARTESIAN_POINT('',(7.06562721579872,1.27,-10.5408465654208));
#11073=CARTESIAN_POINT('',(7.06562721579872,11.1506,-10.5408465654208));
#11074=CARTESIAN_POINT('Origin',(7.06562721579872,-2.22044604925031E-15,
-3.37354210959085));
#11075=CARTESIAN_POINT('Origin',(7.06562721579872,11.1506,-10.1598465654208));
#11076=CARTESIAN_POINT('Origin',(-7.69177278420128,11.1506,-10.1598465654208));
#11077=CARTESIAN_POINT('Origin',(-0.694072784201284,0.634999999999999,-9.90584656542085));
#11078=CARTESIAN_POINT('',(7.06562721579872,-3.33066907387547E-15,-9.27084656542086));
#11079=CARTESIAN_POINT('Origin',(7.06562721579872,-2.22044604925031E-15,
-3.37354210959085));
#11080=CARTESIAN_POINT('Origin',(-4.97397278420128,0.215899999999996,-8.92559648854086));
#11081=CARTESIAN_POINT('',(-2.25617278420128,0.431799999999998,-8.80094656542085));
#11082=CARTESIAN_POINT('',(-2.25617278420128,0.431799999999998,-8.80094656542085));
#11083=CARTESIAN_POINT('',(-3.72317278420128,0.431799999999998,-8.80094656542085));
#11084=CARTESIAN_POINT('',(-3.72317278420128,0.431799999999998,-8.80094656542085));
#11085=CARTESIAN_POINT('',(-4.23817278420128,0.431799999999998,-8.80094656542085));
#11086=CARTESIAN_POINT('',(-4.23817278420128,0.431799999999998,-8.80094656542085));
#11087=CARTESIAN_POINT('',(-5.60817278420128,0.431799999999999,-8.80094656542085));
#11088=CARTESIAN_POINT('',(-5.60817278420128,0.431799999999999,-8.80094656542085));
#11089=CARTESIAN_POINT('',(-6.12317278420128,0.431799999999999,-8.80094656542085));
#11090=CARTESIAN_POINT('',(-6.12317278420128,0.431799999999999,-8.80094656542085));
#11091=CARTESIAN_POINT('',(-7.69177278420128,0.431799999999999,-8.80094656542085));
#11092=CARTESIAN_POINT('Origin',(6.30362721579872,1.651,-8.80094656542085));
#11093=CARTESIAN_POINT('',(-6.12317278420128,0.90271060085,-8.80094656542085));
#11094=CARTESIAN_POINT('',(-6.12317278420128,0.90271060085,-8.80094656542085));
#11095=CARTESIAN_POINT('',(-6.12317278420128,0.431799999999999,-8.80094656542085));
#11096=CARTESIAN_POINT('Origin',(-2.25617278420128,0.83521186477,-8.19134656542085));
#11097=CARTESIAN_POINT('',(-2.25617278420128,0.83521186477,-8.80094656542085));
#11098=CARTESIAN_POINT('',(-2.25617278420128,0.83521186477,-8.92794656542086));
#11099=CARTESIAN_POINT('',(-2.25617278420128,0.83521186477,-8.80094656542085));
#11100=CARTESIAN_POINT('',(-7.69177278420128,0.9300906157,-8.92794656542086));
#11101=CARTESIAN_POINT('',(-5.60817278420128,0.893721242410001,-8.80094656542085));
#11102=CARTESIAN_POINT('',(-5.60817278420128,0.893721242410001,-8.80094656542085));
#11103=CARTESIAN_POINT('',(-4.23817278420128,0.869807803459997,-8.80094656542085));
#11104=CARTESIAN_POINT('',(-4.23817278420128,0.869807803459997,-8.80094656542085));
#11105=CARTESIAN_POINT('',(-3.72317278420128,0.860818445019997,-8.80094656542085));
#11106=CARTESIAN_POINT('',(-3.72317278420128,0.860818445019997,-8.80094656542085));
#11107=CARTESIAN_POINT('',(-2.25617278420128,0.83521186477,-8.80094656542085));
#11108=CARTESIAN_POINT('Origin',(-2.25617278420128,-2.22044604925031E-15,
-8.19134656542085));
#11109=CARTESIAN_POINT('',(-2.25617278420128,1.27,-8.19134656542085));
#11110=CARTESIAN_POINT('',(-2.25617278420128,0.431799999999998,-8.19134656542085));
#11111=CARTESIAN_POINT('',(-2.25617278420128,1.27,-8.19134656542085));
#11112=CARTESIAN_POINT('',(-2.25617278420128,1.27,-8.92794656542086));
#11113=CARTESIAN_POINT('',(-2.25617278420128,1.27,-8.92794656542086));
#11114=CARTESIAN_POINT('',(-2.25617278420128,0.83521186477,-8.92794656542086));
#11115=CARTESIAN_POINT('',(-2.25617278420128,0.83521186477,-8.80094656542085));
#11116=CARTESIAN_POINT('',(-2.25617278420128,-2.22044604925031E-15,-7.94204671918085));
#11117=CARTESIAN_POINT('Origin',(-1.60732798378448,7.97106060487,-8.19134656542085));
#11118=CARTESIAN_POINT('',(-7.69177278420128,0.431799999999999,-8.19134656542085));
#11119=CARTESIAN_POINT('',(-2.25617278420128,1.27,-8.19134656542085));
#11120=CARTESIAN_POINT('Origin',(-4.93213216282928,1.27,-8.67057669884086));
#11121=CARTESIAN_POINT('',(-2.25617278420128,1.27,-8.92794656542086));
#11122=CARTESIAN_POINT('',(-3.72317278420128,1.27,-8.80094656542085));
#11123=CARTESIAN_POINT('',(-3.72317278420128,1.27,-8.29294656542086));
#11124=CARTESIAN_POINT('',(-3.72317278420128,1.27,-8.80094656542085));
#11125=CARTESIAN_POINT('',(-4.23817278420128,1.27,-8.80094656542085));
#11126=CARTESIAN_POINT('',(-3.72317278420128,1.27,-8.80094656542085));
#11127=CARTESIAN_POINT('',(-4.23817278420128,1.27,-8.29294656542086));
#11128=CARTESIAN_POINT('',(-4.23817278420128,1.27,-8.80094656542085));
#11129=CARTESIAN_POINT('',(-3.72317278420128,1.27,-8.29294656542086));
#11130=CARTESIAN_POINT('',(-5.60817278420128,1.27,-8.29294656542086));
#11131=CARTESIAN_POINT('',(-6.12317278420128,1.27,-8.29294656542086));
#11132=CARTESIAN_POINT('',(-5.60817278420128,1.27,-8.29294656542086));
#11133=CARTESIAN_POINT('',(-5.60817278420128,1.27,-8.80094656542085));
#11134=CARTESIAN_POINT('',(-5.60817278420128,1.27,-8.29294656542086));
#11135=CARTESIAN_POINT('',(-6.12317278420128,1.27,-8.80094656542085));
#11136=CARTESIAN_POINT('',(-5.60817278420128,1.27,-8.80094656542085));
#11137=CARTESIAN_POINT('',(-6.12317278420128,1.27,-8.29294656542086));
#11138=CARTESIAN_POINT('Origin',(5.62420714617872,4.04472294739,-8.92794656542086));
#11139=CARTESIAN_POINT('Origin',(-3.72317278420128,2.392,-8.29294656542086));
#11140=CARTESIAN_POINT('',(-3.72317278420128,-0.380999999300002,-8.29294656542086));
#11141=CARTESIAN_POINT('',(-3.72317278420128,1.27,-8.29294656542086));
#11142=CARTESIAN_POINT('',(-3.72317278420128,-0.380999999300002,-8.80094656542085));
#11143=CARTESIAN_POINT('',(-3.72317278420128,-0.380999999300002,-8.80094656542085));
#11144=CARTESIAN_POINT('',(-3.72317278420128,0.431799999999998,-8.80094656542085));
#11145=CARTESIAN_POINT('',(-3.72317278420128,0.860818445019997,-8.80094656542085));
#11146=CARTESIAN_POINT('',(-3.72317278420128,1.27,-8.80094656542085));
#11147=CARTESIAN_POINT('Origin',(-5.86567278420128,0.193867676529996,-8.29294656542086));
#11148=CARTESIAN_POINT('',(-4.23817278420128,-2.96473966333,-8.29294656542086));
#11149=CARTESIAN_POINT('',(-4.23817278420128,-2.96473966333,-8.29294656542086));
#11150=CARTESIAN_POINT('',(-3.90679613502828,-2.96473966333,-8.29294656542086));
#11151=CARTESIAN_POINT('',(-4.23817278420128,-2.96473966333,-8.29294656542086));
#11152=CARTESIAN_POINT('',(-3.84935304256329,-2.8763712869,-8.29294656542086));
#11153=CARTESIAN_POINT('Origin',(-3.66974792014128,-3.05597640932,-8.29294656542086));
#11154=CARTESIAN_POINT('',(-3.08118175496608,-2.1081999993,-8.29294656542086));
#11155=CARTESIAN_POINT('',(-3.84935304256329,-2.8763712869,-8.29294656542086));
#11156=CARTESIAN_POINT('',(-3.42347559084418,-2.1081999993,-8.29294656542086));
#11157=CARTESIAN_POINT('',(-3.08118175496608,-2.1081999993,-8.29294656542086));
#11158=CARTESIAN_POINT('',(-3.56715968878129,-1.76131590136001,-8.29294656542086));
#11159=CARTESIAN_POINT('Origin',(-3.42347559084418,-1.9049999993,-8.29294656542086));
#11160=CARTESIAN_POINT('',(-3.12664378671839,-1.3207999993,-8.29294656542086));
#11161=CARTESIAN_POINT('',(-3.56715968878129,-1.76131590136001,-8.29294656542086));
#11162=CARTESIAN_POINT('',(-3.41520458832708,-1.3207999993,-8.29294656542086));
#11163=CARTESIAN_POINT('',(-3.12664378671839,-1.3207999993,-8.29294656542086));
#11164=CARTESIAN_POINT('',(-3.55888868626429,-0.973915901360003,-8.29294656542086));
#11165=CARTESIAN_POINT('Origin',(-3.41520458832708,-1.1175999993,-8.29294656542086));
#11166=CARTESIAN_POINT('',(-3.16917278420128,-0.584199999300001,-8.29294656542086));
#11167=CARTESIAN_POINT('',(-3.55888868626429,-0.973915901360003,-8.29294656542086));
#11168=CARTESIAN_POINT('',(-3.51997278420129,-0.584199999300001,-8.29294656542086));
#11169=CARTESIAN_POINT('',(-3.51997278420129,-0.584199999300001,-8.29294656542086));
#11170=CARTESIAN_POINT('Origin',(-3.51997278420128,-0.380999999300002,-8.29294656542086));
#11171=CARTESIAN_POINT('Origin',(-4.23817278420128,-2.54113404208,-8.87563892067086));
#11172=CARTESIAN_POINT('',(-4.23817278420128,1.27,-8.80094656542085));
#11173=CARTESIAN_POINT('',(-4.23817278420128,0.869807803459997,-8.80094656542085));
#11174=CARTESIAN_POINT('',(-4.23817278420128,-2.96473966333,-8.80094656542085));
#11175=CARTESIAN_POINT('',(-4.23817278420128,0.431799999999998,-8.80094656542085));
#11176=CARTESIAN_POINT('',(-4.23817278420128,-2.96473966333,-8.80094656542085));
#11177=CARTESIAN_POINT('Origin',(-4.23817278420128,-2.96473966333,-8.29294656542086));
#11178=CARTESIAN_POINT('',(-3.90679613502828,-2.96473966333,-8.80094656542085));
#11179=CARTESIAN_POINT('',(-3.90679613502828,-2.96473966333,-8.29294656542086));
#11180=CARTESIAN_POINT('',(-3.90679613502828,-2.96473966333,-8.80094656542085));
#11181=CARTESIAN_POINT('Origin',(-3.66974792014128,-3.05597640932,-8.87563892067086));
#11182=CARTESIAN_POINT('',(-3.84935304256329,-2.8763712869,-8.80094656542085));
#11183=CARTESIAN_POINT('Origin',(-3.66974792014128,-3.05597640932,-8.80094656542085));
#11184=CARTESIAN_POINT('',(-3.84935304256329,-2.8763712869,-8.80094656542085));
#11185=CARTESIAN_POINT('Origin',(-3.08118175496798,-2.1081999993,-8.87563892067086));
#11186=CARTESIAN_POINT('',(-3.08118175496608,-2.1081999993,-8.80094656542085));
#11187=CARTESIAN_POINT('',(-3.08118175496608,-2.1081999993,-8.29294656542086));
#11188=CARTESIAN_POINT('',(-3.08118175496608,-2.1081999993,-8.80094656542085));
#11189=CARTESIAN_POINT('Origin',(-3.08118175492638,-2.1081999993,-8.29294656542086));
#11190=CARTESIAN_POINT('',(-3.42347559084418,-2.1081999993,-8.80094656542085));
#11191=CARTESIAN_POINT('',(-3.42347559084418,-2.1081999993,-8.29294656542086));
#11192=CARTESIAN_POINT('',(-3.08118175496608,-2.1081999993,-8.80094656542085));
#11193=CARTESIAN_POINT('Origin',(-3.42347559084418,-1.9049999993,-8.54694656542086));
#11194=CARTESIAN_POINT('',(-3.56715968878129,-1.76131590136001,-8.80094656542085));
#11195=CARTESIAN_POINT('Origin',(-3.42347559084418,-1.9049999993,-8.80094656542085));
#11196=CARTESIAN_POINT('',(-3.56715968878129,-1.76131590136001,-8.80094656542085));
#11197=CARTESIAN_POINT('Origin',(-3.72317278420128,-1.91732899678,-8.29294656542086));
#11198=CARTESIAN_POINT('',(-3.12664378671839,-1.3207999993,-8.80094656542085));
#11199=CARTESIAN_POINT('',(-3.12664378671839,-1.3207999993,-8.80094656542085));
#11200=CARTESIAN_POINT('',(-3.12664378671839,-1.3207999993,-8.80094656542085));
#11201=CARTESIAN_POINT('Origin',(-5.86567278420128,0.193867676529996,-8.80094656542085));
#11202=CARTESIAN_POINT('',(-3.51997278420129,-0.584199999300001,-8.80094656542085));
#11203=CARTESIAN_POINT('Origin',(-3.51997278420128,-0.380999999300002,-8.80094656542085));
#11204=CARTESIAN_POINT('',(-3.16917278420128,-0.584199999300001,-8.80094656542085));
#11205=CARTESIAN_POINT('',(-3.51997278420129,-0.584199999300001,-8.80094656542085));
#11206=CARTESIAN_POINT('',(-3.55888868626429,-0.973915901360003,-8.80094656542085));
#11207=CARTESIAN_POINT('',(-3.16917278420128,-0.584199999300001,-8.80094656542085));
#11208=CARTESIAN_POINT('',(-3.41520458832708,-1.3207999993,-8.80094656542085));
#11209=CARTESIAN_POINT('Origin',(-3.41520458832708,-1.1175999993,-8.80094656542085));
#11210=CARTESIAN_POINT('',(-3.12664378671839,-1.3207999993,-8.80094656542085));
#11211=CARTESIAN_POINT('Origin',(-3.51997278420128,-0.380999999300002,-8.29294656542086));
#11212=CARTESIAN_POINT('',(-3.51997278420129,-0.584199999300001,-8.29294656542086));
#11213=CARTESIAN_POINT('Origin',(-3.51997278420129,-0.584199999300001,-8.29294656542086));
#11214=CARTESIAN_POINT('',(-3.16917278420128,-0.584199999300001,-8.80094656542085));
#11215=CARTESIAN_POINT('Origin',(-3.72317278420128,-1.1381999993,-8.29294656542086));
#11216=CARTESIAN_POINT('',(-3.55888868626429,-0.973915901360003,-8.80094656542085));
#11217=CARTESIAN_POINT('Origin',(-3.41520458832708,-1.1175999993,-8.54694656542086));
#11218=CARTESIAN_POINT('',(-3.41520458832708,-1.3207999993,-8.29294656542086));
#11219=CARTESIAN_POINT('Origin',(-3.12664378671839,-1.3207999993,-8.29294656542086));
#11220=CARTESIAN_POINT('Origin',(6.30362721579872,1.651,-8.80094656542085));
#11221=CARTESIAN_POINT('',(-5.60817278420128,0.431799999999999,-8.80094656542085));
#11222=CARTESIAN_POINT('Origin',(-5.60817278420128,-3.5282,-8.29294656542086));
#11223=CARTESIAN_POINT('',(-5.60817278420128,-2.96473966333,-8.29294656542086));
#11224=CARTESIAN_POINT('',(-5.60817278420128,1.27,-8.29294656542086));
#11225=CARTESIAN_POINT('',(-5.60817278420128,-2.96473966333,-8.80094656542085));
#11226=CARTESIAN_POINT('',(-5.60817278420128,-2.96473966333,-8.80094656542085));
#11227=CARTESIAN_POINT('',(-5.60817278420128,-2.96473966333,-8.80094656542085));
#11228=CARTESIAN_POINT('',(-5.60817278420128,0.893721242410001,-8.80094656542085));
#11229=CARTESIAN_POINT('Origin',(-5.86567278420128,0.193867676529996,-8.29294656542086));
#11230=CARTESIAN_POINT('',(-5.93954943340529,-2.96473966333,-8.29294656542086));
#11231=CARTESIAN_POINT('',(-5.93954943340529,-2.96473966333,-8.29294656542086));
#11232=CARTESIAN_POINT('',(-6.12317278420128,-0.380999999300001,-8.29294656542086));
#11233=CARTESIAN_POINT('',(-6.12317278420128,-0.380999999300001,-8.29294656542086));
#11234=CARTESIAN_POINT('',(-6.32637278420129,-0.5841999993,-8.29294656542086));
#11235=CARTESIAN_POINT('Origin',(-6.32637278420129,-0.380999999300001,-8.29294656542086));
#11236=CARTESIAN_POINT('',(-6.67717278420128,-0.5841999993,-8.29294656542086));
#11237=CARTESIAN_POINT('',(-6.32637278420129,-0.5841999993,-8.29294656542086));
#11238=CARTESIAN_POINT('',(-6.28745688213828,-0.973915901360002,-8.29294656542086));
#11239=CARTESIAN_POINT('',(-6.67717278420128,-0.5841999993,-8.29294656542086));
#11240=CARTESIAN_POINT('',(-6.43114098007528,-1.3207999993,-8.29294656542086));
#11241=CARTESIAN_POINT('Origin',(-6.43114098007528,-1.1175999993,-8.29294656542086));
#11242=CARTESIAN_POINT('',(-6.71970178168429,-1.3207999993,-8.29294656542086));
#11243=CARTESIAN_POINT('',(-6.43114098007528,-1.3207999993,-8.29294656542086));
#11244=CARTESIAN_POINT('',(-6.27918587962128,-1.76131590136,-8.29294656542086));
#11245=CARTESIAN_POINT('',(-6.71970178168429,-1.3207999993,-8.29294656542086));
#11246=CARTESIAN_POINT('',(-6.42286997755828,-2.1081999993,-8.29294656542086));
#11247=CARTESIAN_POINT('Origin',(-6.42286997755828,-1.9049999993,-8.29294656542086));
#11248=CARTESIAN_POINT('',(-6.76516381347028,-2.1081999993,-8.29294656542086));
#11249=CARTESIAN_POINT('',(-6.42286997755828,-2.1081999993,-8.29294656542086));
#11250=CARTESIAN_POINT('',(-5.99699252587028,-2.8763712869,-8.29294656542086));
#11251=CARTESIAN_POINT('',(-6.76516381347028,-2.1081999993,-8.29294656542086));
#11252=CARTESIAN_POINT('Origin',(-6.17659764829129,-3.05597640932,-8.29294656542086));
#11253=CARTESIAN_POINT('Origin',(-6.12317278420129,-2.96473966333,-8.29294656542086));
#11254=CARTESIAN_POINT('',(-5.93954943340529,-2.96473966333,-8.80094656542085));
#11255=CARTESIAN_POINT('',(-5.93954943340529,-2.96473966333,-8.80094656542085));
#11256=CARTESIAN_POINT('',(-5.60817278420128,-2.96473966333,-8.80094656542085));
#11257=CARTESIAN_POINT('Origin',(-6.17659764829129,-3.05597640932,-8.87563892067086));
#11258=CARTESIAN_POINT('',(-5.99699252587028,-2.8763712869,-8.80094656542085));
#11259=CARTESIAN_POINT('',(-5.99699252587028,-2.8763712869,-8.29294656542086));
#11260=CARTESIAN_POINT('Origin',(-6.17659764829129,-3.05597640932,-8.80094656542085));
#11261=CARTESIAN_POINT('Origin',(-5.86567278420128,0.193867676529996,-8.80094656542085));
#11262=CARTESIAN_POINT('',(-6.12317278420128,-0.380999999300001,-8.80094656542085));
#11263=CARTESIAN_POINT('',(-6.12317278420128,-0.380999999300001,-8.80094656542085));
#11264=CARTESIAN_POINT('',(-6.76516381347028,-2.1081999993,-8.80094656542085));
#11265=CARTESIAN_POINT('',(-5.99699252587028,-2.8763712869,-8.80094656542085));
#11266=CARTESIAN_POINT('',(-6.42286997755828,-2.1081999993,-8.80094656542085));
#11267=CARTESIAN_POINT('',(-6.42286997755828,-2.1081999993,-8.80094656542085));
#11268=CARTESIAN_POINT('',(-6.27918587962128,-1.76131590136,-8.80094656542085));
#11269=CARTESIAN_POINT('Origin',(-6.42286997755828,-1.9049999993,-8.80094656542085));
#11270=CARTESIAN_POINT('',(-6.71970178168429,-1.3207999993,-8.80094656542085));
#11271=CARTESIAN_POINT('',(-6.27918587962128,-1.76131590136,-8.80094656542085));
#11272=CARTESIAN_POINT('',(-6.43114098007528,-1.3207999993,-8.80094656542085));
#11273=CARTESIAN_POINT('',(-6.43114098007528,-1.3207999993,-8.80094656542085));
#11274=CARTESIAN_POINT('',(-6.28745688213828,-0.973915901360002,-8.80094656542085));
#11275=CARTESIAN_POINT('Origin',(-6.43114098007528,-1.1175999993,-8.80094656542085));
#11276=CARTESIAN_POINT('',(-6.67717278420128,-0.5841999993,-8.80094656542085));
#11277=CARTESIAN_POINT('',(-6.28745688213828,-0.973915901360002,-8.80094656542085));
#11278=CARTESIAN_POINT('',(-6.32637278420129,-0.5841999993,-8.80094656542085));
#11279=CARTESIAN_POINT('',(-6.32637278420129,-0.5841999993,-8.80094656542085));
#11280=CARTESIAN_POINT('Origin',(-6.32637278420129,-0.380999999300001,-8.80094656542085));
#11281=CARTESIAN_POINT('Origin',(-6.12317278420128,-0.380999999300001,-8.29294656542086));
#11282=CARTESIAN_POINT('',(-6.12317278420128,-0.380999999300001,-8.29294656542086));
#11283=CARTESIAN_POINT('',(-6.12317278420128,0.90271060085,-8.80094656542085));
#11284=CARTESIAN_POINT('Origin',(-5.86567278420128,0.193867676529996,-8.80094656542085));
#11285=CARTESIAN_POINT('Origin',(-6.32637278420129,-0.380999999300001,-8.29294656542086));
#11286=CARTESIAN_POINT('',(-6.32637278420129,-0.5841999993,-8.80094656542085));
#11287=CARTESIAN_POINT('Origin',(-6.12317278420128,-0.5841999993,-8.29294656542086));
#11288=CARTESIAN_POINT('',(-6.67717278420128,-0.5841999993,-8.80094656542085));
#11289=CARTESIAN_POINT('Origin',(-6.67717278420128,-0.5841999993,-8.29294656542086));
#11290=CARTESIAN_POINT('',(-6.28745688213828,-0.973915901360002,-8.29294656542086));
#11291=CARTESIAN_POINT('Origin',(-6.43114098007528,-1.1175999993,-8.54694656542086));
#11292=CARTESIAN_POINT('',(-6.43114098007528,-1.3207999993,-8.80094656542085));
#11293=CARTESIAN_POINT('Origin',(-6.12317278420128,-1.3207999993,-8.29294656542086));
#11294=CARTESIAN_POINT('',(-6.71970178168429,-1.3207999993,-8.80094656542085));
#11295=CARTESIAN_POINT('Origin',(-6.71970178168429,-1.3207999993,-8.29294656542086));
#11296=CARTESIAN_POINT('',(-6.27918587962128,-1.76131590136,-8.29294656542086));
#11297=CARTESIAN_POINT('Origin',(-6.42286997755828,-1.9049999993,-8.54694656542086));
#11298=CARTESIAN_POINT('',(-6.42286997755828,-2.1081999993,-8.80094656542085));
#11299=CARTESIAN_POINT('Origin',(-6.12317278420128,-2.1081999993,-8.29294656542086));
#11300=CARTESIAN_POINT('',(-6.76516381347028,-2.1081999993,-8.80094656542085));
#11301=CARTESIAN_POINT('Origin',(-5.99699252587028,-2.8763712869,-8.87563892067086));
#11302=CARTESIAN_POINT('Origin',(-5.86567278420128,0.193867676529996,-8.80094656542085));
#11303=CARTESIAN_POINT('Origin',(6.30362721579872,1.651,-8.80094656542085));
#11304=CARTESIAN_POINT('Origin',(-4.97397278420128,0.215899999999996,-8.06669664230086));
#11305=CARTESIAN_POINT('Origin',(-4.97397278420128,0.215899999999998,8.06700351145914));
#11306=CARTESIAN_POINT('',(-2.25617278420128,0.4318,8.19165343457915));
#11307=CARTESIAN_POINT('',(-7.69177278420128,0.431800000000001,8.19165343457915));
#11308=CARTESIAN_POINT('',(-2.25617278420128,0.4318,8.19165343457915));
#11309=CARTESIAN_POINT('Origin',(-1.60732798378448,7.97106060487,8.19165343457914));
#11310=CARTESIAN_POINT('',(-2.25617278420128,1.27,8.19165343457914));
#11311=CARTESIAN_POINT('',(-2.25617278420128,0.4318,8.19165343457915));
#11312=CARTESIAN_POINT('',(-2.25617278420128,1.27,8.19165343457914));
#11313=CARTESIAN_POINT('Origin',(-2.25617278420128,0.,8.19165343457915));
#11314=CARTESIAN_POINT('',(-2.25617278420128,0.83521186477,8.92825343457914));
#11315=CARTESIAN_POINT('',(-2.25617278420128,0.83521186477,8.80125343457914));
#11316=CARTESIAN_POINT('',(-2.25617278420128,0.83521186477,8.92825343457914));
#11317=CARTESIAN_POINT('',(-2.25617278420128,1.27,8.92825343457914));
#11318=CARTESIAN_POINT('',(-2.25617278420128,1.27,8.92825343457914));
#11319=CARTESIAN_POINT('',(-2.25617278420128,1.27,8.92825343457914));
#11320=CARTESIAN_POINT('',(-2.25617278420128,0.431799999999998,8.80125343457914));
#11321=CARTESIAN_POINT('',(-2.25617278420128,-2.22044604925031E-15,9.05055328081914));
#11322=CARTESIAN_POINT('',(-2.25617278420128,0.431799999999998,8.80125343457914));
#11323=CARTESIAN_POINT('Origin',(-2.25617278420128,0.835211864770002,8.19165343457915));
#11324=CARTESIAN_POINT('',(-3.72317278420128,0.860818445019997,8.80125343457914));
#11325=CARTESIAN_POINT('',(-3.72317278420128,0.860818445019997,8.80125343457914));
#11326=CARTESIAN_POINT('',(-4.23817278420128,0.869807803459997,8.80125343457914));
#11327=CARTESIAN_POINT('',(-4.23817278420128,0.869807803459997,8.80125343457914));
#11328=CARTESIAN_POINT('',(-5.60817278420128,0.893721242410001,8.80125343457914));
#11329=CARTESIAN_POINT('',(-5.60817278420128,0.893721242410001,8.80125343457914));
#11330=CARTESIAN_POINT('',(-6.12317278420128,0.90271060085,8.80125343457914));
#11331=CARTESIAN_POINT('',(-6.12317278420128,0.90271060085,8.80125343457914));
#11332=CARTESIAN_POINT('',(-7.69177278420128,0.9300906157,8.80125343457914));
#11333=CARTESIAN_POINT('',(-2.25617278420128,0.83521186477,8.92825343457914));
#11334=CARTESIAN_POINT('Origin',(5.62420714617872,4.04472294739,8.92825343457914));
#11335=CARTESIAN_POINT('',(-2.25617278420128,1.27,8.92825343457914));
#11336=CARTESIAN_POINT('Origin',(-4.95671387133228,1.27,8.64771685296915));
#11337=CARTESIAN_POINT('',(-3.72317278420128,1.27,8.80125343457914));
#11338=CARTESIAN_POINT('',(-3.72317278420128,1.27,8.29325343457914));
#11339=CARTESIAN_POINT('',(-3.72317278420128,1.27,8.80125343457914));
#11340=CARTESIAN_POINT('',(-4.23817278420128,1.27,8.29325343457914));
#11341=CARTESIAN_POINT('',(-3.72317278420128,1.27,8.29325343457914));
#11342=CARTESIAN_POINT('',(-4.23817278420128,1.27,8.80125343457914));
#11343=CARTESIAN_POINT('',(-4.23817278420128,1.27,8.80125343457914));
#11344=CARTESIAN_POINT('',(-3.72317278420128,1.27,8.80125343457914));
#11345=CARTESIAN_POINT('',(-5.60817278420128,1.27,8.80125343457914));
#11346=CARTESIAN_POINT('',(-6.12317278420128,1.27,8.80125343457914));
#11347=CARTESIAN_POINT('',(-5.60817278420128,1.27,8.80125343457914));
#11348=CARTESIAN_POINT('',(-5.60817278420128,1.27,8.29325343457914));
#11349=CARTESIAN_POINT('',(-5.60817278420128,1.27,8.29325343457914));
#11350=CARTESIAN_POINT('',(-6.12317278420128,1.27,8.29325343457914));
#11351=CARTESIAN_POINT('',(-5.60817278420128,1.27,8.29325343457914));
#11352=CARTESIAN_POINT('',(-6.12317278420128,1.27,8.29325343457914));
#11353=CARTESIAN_POINT('Origin',(-3.72317278420128,2.392,8.29325343457914));
#11354=CARTESIAN_POINT('',(-3.72317278420128,1.27,8.80125343457914));
#11355=CARTESIAN_POINT('',(-3.72317278420128,0.431799999999998,8.80125343457914));
#11356=CARTESIAN_POINT('',(-3.72317278420128,0.431799999999998,8.80125343457914));
#11357=CARTESIAN_POINT('',(-3.72317278420128,-0.380999999300002,8.80125343457914));
#11358=CARTESIAN_POINT('',(-3.72317278420128,0.431799999999998,8.80125343457914));
#11359=CARTESIAN_POINT('',(-3.72317278420128,-0.3809999993,8.29325343457915));
#11360=CARTESIAN_POINT('',(-3.72317278420128,-0.3809999993,8.29325343457915));
#11361=CARTESIAN_POINT('',(-3.72317278420128,1.27,8.29325343457914));
#11362=CARTESIAN_POINT('Origin',(-5.86567278420128,0.193867676529998,8.29325343457915));
#11363=CARTESIAN_POINT('',(-3.51997278420129,-0.584199999299999,8.29325343457915));
#11364=CARTESIAN_POINT('Origin',(-3.51997278420128,-0.3809999993,8.29325343457915));
#11365=CARTESIAN_POINT('',(-3.16917278420128,-0.584199999299999,8.29325343457915));
#11366=CARTESIAN_POINT('',(-3.51997278420129,-0.584199999299999,8.29325343457915));
#11367=CARTESIAN_POINT('',(-3.55888868626429,-0.973915901360001,8.29325343457915));
#11368=CARTESIAN_POINT('',(-3.16917278420128,-0.584199999299999,8.29325343457915));
#11369=CARTESIAN_POINT('',(-3.41520458832708,-1.3207999993,8.29325343457915));
#11370=CARTESIAN_POINT('Origin',(-3.41520458832708,-1.1175999993,8.29325343457915));
#11371=CARTESIAN_POINT('',(-3.12664378671839,-1.3207999993,8.29325343457915));
#11372=CARTESIAN_POINT('',(-3.12664378671839,-1.3207999993,8.29325343457915));
#11373=CARTESIAN_POINT('',(-3.56715968878129,-1.76131590136,8.29325343457915));
#11374=CARTESIAN_POINT('',(-3.12664378671839,-1.3207999993,8.29325343457915));
#11375=CARTESIAN_POINT('',(-3.42347559084418,-2.1081999993,8.29325343457915));
#11376=CARTESIAN_POINT('Origin',(-3.42347559084418,-1.9049999993,8.29325343457915));
#11377=CARTESIAN_POINT('',(-3.08118175496608,-2.1081999993,8.29325343457915));
#11378=CARTESIAN_POINT('',(-3.08118175496608,-2.1081999993,8.29325343457915));
#11379=CARTESIAN_POINT('',(-3.84935304256329,-2.8763712869,8.29325343457915));
#11380=CARTESIAN_POINT('',(-3.08118175496608,-2.1081999993,8.29325343457915));
#11381=CARTESIAN_POINT('',(-3.90679613502828,-2.96473966333,8.29325343457915));
#11382=CARTESIAN_POINT('Origin',(-3.66974792014128,-3.05597640932,8.29325343457915));
#11383=CARTESIAN_POINT('',(-4.23817278420128,-2.96473966333,8.29325343457915));
#11384=CARTESIAN_POINT('',(-3.90679613502828,-2.96473966333,8.29325343457915));
#11385=CARTESIAN_POINT('',(-4.23817278420128,-2.96473966333,8.29325343457915));
#11386=CARTESIAN_POINT('Origin',(-4.23817278420128,-2.54113404208,8.87594578982914));
#11387=CARTESIAN_POINT('',(-4.23817278420128,-2.96473966333,8.80125343457914));
#11388=CARTESIAN_POINT('',(-4.23817278420128,-2.96473966333,8.80125343457914));
#11389=CARTESIAN_POINT('',(-4.23817278420128,0.431799999999998,8.80125343457914));
#11390=CARTESIAN_POINT('',(-4.23817278420128,0.431799999999998,8.80125343457914));
#11391=CARTESIAN_POINT('',(-4.23817278420128,0.431799999999998,8.80125343457914));
#11392=CARTESIAN_POINT('',(-4.23817278420128,1.27,8.80125343457914));
#11393=CARTESIAN_POINT('Origin',(-5.86567278420128,0.193867676529996,8.80125343457914));
#11394=CARTESIAN_POINT('Origin',(6.30362721579872,1.651,8.80125343457914));
#11395=CARTESIAN_POINT('',(-5.60817278420128,0.431799999999999,8.80125343457914));
#11396=CARTESIAN_POINT('',(-4.23817278420128,0.431799999999998,8.80125343457914));
#11397=CARTESIAN_POINT('',(-5.60817278420128,0.893721242410001,8.80125343457914));
#11398=CARTESIAN_POINT('Origin',(-5.60817278420128,-3.5282,8.29325343457915));
#11399=CARTESIAN_POINT('',(-5.60817278420128,0.893721242410001,8.80125343457914));
#11400=CARTESIAN_POINT('',(-5.60817278420128,-2.96473966333,8.80125343457914));
#11401=CARTESIAN_POINT('',(-5.60817278420128,-2.96473966333,8.80125343457914));
#11402=CARTESIAN_POINT('',(-5.60817278420128,-2.96473966333,8.29325343457915));
#11403=CARTESIAN_POINT('',(-5.60817278420128,-2.96473966333,8.80125343457914));
#11404=CARTESIAN_POINT('',(-5.60817278420128,1.27,8.29325343457914));
#11405=CARTESIAN_POINT('Origin',(-5.86567278420128,0.193867676529998,8.29325343457915));
#11406=CARTESIAN_POINT('',(-5.93954943340529,-2.96473966333,8.29325343457915));
#11407=CARTESIAN_POINT('',(-5.99699252586929,-2.8763712869,8.29325343457915));
#11408=CARTESIAN_POINT('Origin',(-6.17659764829129,-3.05597640932,8.29325343457915));
#11409=CARTESIAN_POINT('',(-6.76516381347028,-2.1081999993,8.29325343457915));
#11410=CARTESIAN_POINT('',(-5.99699252587028,-2.8763712869,8.29325343457915));
#11411=CARTESIAN_POINT('',(-6.42286997755828,-2.1081999993,8.29325343457915));
#11412=CARTESIAN_POINT('',(-6.42286997755828,-2.1081999993,8.29325343457915));
#11413=CARTESIAN_POINT('',(-6.27918587962128,-1.76131590136,8.29325343457915));
#11414=CARTESIAN_POINT('Origin',(-6.42286997755828,-1.9049999993,8.29325343457915));
#11415=CARTESIAN_POINT('',(-6.71970178168429,-1.3207999993,8.29325343457915));
#11416=CARTESIAN_POINT('',(-6.27918587962128,-1.76131590136,8.29325343457915));
#11417=CARTESIAN_POINT('',(-6.43114098007528,-1.3207999993,8.29325343457915));
#11418=CARTESIAN_POINT('',(-6.43114098007528,-1.3207999993,8.29325343457915));
#11419=CARTESIAN_POINT('',(-6.28745688213828,-0.97391590136,8.29325343457915));
#11420=CARTESIAN_POINT('Origin',(-6.43114098007528,-1.1175999993,8.29325343457915));
#11421=CARTESIAN_POINT('',(-6.67717278420128,-0.584199999299998,8.29325343457915));
#11422=CARTESIAN_POINT('',(-6.28745688213828,-0.97391590136,8.29325343457915));
#11423=CARTESIAN_POINT('',(-6.32637278420129,-0.584199999299998,8.29325343457915));
#11424=CARTESIAN_POINT('',(-6.32637278420129,-0.584199999299998,8.29325343457915));
#11425=CARTESIAN_POINT('',(-6.12317278420128,-0.380999999299999,8.29325343457915));
#11426=CARTESIAN_POINT('Origin',(-6.32637278420129,-0.380999999299999,8.29325343457915));
#11427=CARTESIAN_POINT('',(-6.12317278420128,-0.380999999299999,8.29325343457915));
#11428=CARTESIAN_POINT('',(-5.60817278420128,-2.96473966333,8.29325343457915));
#11429=CARTESIAN_POINT('Origin',(-6.17659764829129,-3.05597640932,8.87594578982914));
#11430=CARTESIAN_POINT('',(-5.93954943340529,-2.96473966333,8.80125343457914));
#11431=CARTESIAN_POINT('',(-5.93954943340529,-2.96473966333,8.29325343457915));
#11432=CARTESIAN_POINT('',(-5.99699252587028,-2.8763712869,8.80125343457914));
#11433=CARTESIAN_POINT('Origin',(-6.17659764829129,-3.05597640932,8.80125343457914));
#11434=CARTESIAN_POINT('',(-5.99699252587028,-2.8763712869,8.80125343457914));
#11435=CARTESIAN_POINT('Origin',(-6.12317278420129,-2.96473966333,8.29325343457915));
#11436=CARTESIAN_POINT('',(-5.60817278420128,-2.96473966333,8.80125343457914));
#11437=CARTESIAN_POINT('Origin',(6.30362721579872,1.651,8.80125343457914));
#11438=CARTESIAN_POINT('',(-6.12317278420128,0.431799999999999,8.80125343457914));
#11439=CARTESIAN_POINT('',(-5.60817278420128,0.431799999999999,8.80125343457914));
#11440=CARTESIAN_POINT('',(-6.12317278420128,-0.380999999300001,8.80125343457914));
#11441=CARTESIAN_POINT('',(-6.12317278420128,-0.380999999300001,8.80125343457914));
#11442=CARTESIAN_POINT('',(-6.32637278420129,-0.5841999993,8.80125343457914));
#11443=CARTESIAN_POINT('Origin',(-6.32637278420129,-0.380999999300001,8.80125343457914));
#11444=CARTESIAN_POINT('',(-6.67717278420128,-0.5841999993,8.80125343457914));
#11445=CARTESIAN_POINT('',(-6.32637278420129,-0.5841999993,8.80125343457914));
#11446=CARTESIAN_POINT('',(-6.28745688213828,-0.973915901360002,8.80125343457914));
#11447=CARTESIAN_POINT('',(-6.67717278420128,-0.5841999993,8.80125343457914));
#11448=CARTESIAN_POINT('',(-6.43114098007528,-1.3207999993,8.80125343457914));
#11449=CARTESIAN_POINT('Origin',(-6.43114098007528,-1.1175999993,8.80125343457914));
#11450=CARTESIAN_POINT('',(-6.71970178168429,-1.3207999993,8.80125343457914));
#11451=CARTESIAN_POINT('',(-6.43114098007528,-1.3207999993,8.80125343457914));
#11452=CARTESIAN_POINT('',(-6.27918587962128,-1.76131590136,8.80125343457914));
#11453=CARTESIAN_POINT('',(-6.71970178168429,-1.3207999993,8.80125343457914));
#11454=CARTESIAN_POINT('',(-6.42286997755828,-2.1081999993,8.80125343457914));
#11455=CARTESIAN_POINT('Origin',(-6.42286997755828,-1.9049999993,8.80125343457914));
#11456=CARTESIAN_POINT('',(-6.76516381347028,-2.1081999993,8.80125343457914));
#11457=CARTESIAN_POINT('',(-6.42286997755828,-2.1081999993,8.80125343457914));
#11458=CARTESIAN_POINT('',(-6.76516381347028,-2.1081999993,8.80125343457914));
#11459=CARTESIAN_POINT('Origin',(-5.99699252587028,-2.8763712869,8.87594578982914));
#11460=CARTESIAN_POINT('',(-6.76516381347028,-2.1081999993,8.80125343457914));
#11461=CARTESIAN_POINT('Origin',(-6.12317278420128,-2.1081999993,8.29325343457915));
#11462=CARTESIAN_POINT('',(-6.42286997755828,-2.1081999993,8.29325343457915));
#11463=CARTESIAN_POINT('Origin',(-6.42286997755828,-1.9049999993,8.54725343457914));
#11464=CARTESIAN_POINT('',(-6.27918587962128,-1.76131590136,8.80125343457914));
#11465=CARTESIAN_POINT('Origin',(-6.71970178168429,-1.3207999993,8.29325343457915));
#11466=CARTESIAN_POINT('',(-6.71970178168429,-1.3207999993,8.80125343457914));
#11467=CARTESIAN_POINT('Origin',(-6.12317278420128,-1.3207999993,8.29325343457915));
#11468=CARTESIAN_POINT('',(-6.43114098007528,-1.3207999993,8.29325343457915));
#11469=CARTESIAN_POINT('Origin',(-6.43114098007528,-1.1175999993,8.54725343457914));
#11470=CARTESIAN_POINT('',(-6.28745688213828,-0.973915901360002,8.80125343457914));
#11471=CARTESIAN_POINT('Origin',(-6.67717278420128,-0.584199999299998,8.29325343457915));
#11472=CARTESIAN_POINT('',(-6.67717278420128,-0.5841999993,8.80125343457914));
#11473=CARTESIAN_POINT('Origin',(-6.12317278420128,-0.584199999299998,8.29325343457915));
#11474=CARTESIAN_POINT('',(-6.32637278420129,-0.584199999299998,8.29325343457915));
#11475=CARTESIAN_POINT('Origin',(-6.32637278420129,-0.380999999299999,8.29325343457915));
#11476=CARTESIAN_POINT('',(-6.12317278420128,-0.380999999300001,8.80125343457914));
#11477=CARTESIAN_POINT('Origin',(-6.12317278420128,-0.380999999299999,8.29325343457915));
#11478=CARTESIAN_POINT('',(-6.12317278420128,0.90271060085,8.80125343457914));
#11479=CARTESIAN_POINT('',(-6.12317278420128,0.90271060085,8.80125343457914));
#11480=CARTESIAN_POINT('Origin',(6.30362721579872,1.651,8.80125343457914));
#11481=CARTESIAN_POINT('Origin',(6.30362721579872,1.651,8.80125343457914));
#11482=CARTESIAN_POINT('',(-6.12317278420128,0.431799999999999,8.80125343457914));
#11483=CARTESIAN_POINT('Origin',(-4.97397278420128,0.215899999999996,8.92590335769914));
#11484=CARTESIAN_POINT('',(-2.25617278420128,0.431799999999998,8.80125343457914));
#11485=CARTESIAN_POINT('',(-3.72317278420128,0.431799999999998,8.80125343457914));
#11486=CARTESIAN_POINT('Origin',(6.30362721579872,1.651,8.80125343457914));
#11487=CARTESIAN_POINT('Origin',(-5.86567278420128,0.193867676529996,8.80125343457914));
#11488=CARTESIAN_POINT('',(-3.90679613502828,-2.96473966333,8.80125343457914));
#11489=CARTESIAN_POINT('',(-3.90679613502828,-2.96473966333,8.80125343457914));
#11490=CARTESIAN_POINT('',(-3.84935304256329,-2.8763712869,8.80125343457914));
#11491=CARTESIAN_POINT('Origin',(-3.66974792014128,-3.05597640932,8.80125343457914));
#11492=CARTESIAN_POINT('',(-3.08118175496608,-2.1081999993,8.80125343457914));
#11493=CARTESIAN_POINT('',(-3.84935304256329,-2.8763712869,8.80125343457914));
#11494=CARTESIAN_POINT('',(-3.42347559084418,-2.1081999993,8.80125343457914));
#11495=CARTESIAN_POINT('',(-3.08118175496608,-2.1081999993,8.80125343457914));
#11496=CARTESIAN_POINT('',(-3.56715968878129,-1.76131590136001,8.80125343457914));
#11497=CARTESIAN_POINT('Origin',(-3.42347559084418,-1.9049999993,8.80125343457914));
#11498=CARTESIAN_POINT('',(-3.12664378671839,-1.3207999993,8.80125343457914));
#11499=CARTESIAN_POINT('',(-3.56715968878129,-1.76131590136001,8.80125343457914));
#11500=CARTESIAN_POINT('',(-3.41520458832708,-1.3207999993,8.80125343457914));
#11501=CARTESIAN_POINT('',(-3.12664378671839,-1.3207999993,8.80125343457914));
#11502=CARTESIAN_POINT('',(-3.55888868626429,-0.973915901360003,8.80125343457914));
#11503=CARTESIAN_POINT('Origin',(-3.41520458832708,-1.1175999993,8.80125343457914));
#11504=CARTESIAN_POINT('',(-3.16917278420128,-0.584199999300001,8.80125343457914));
#11505=CARTESIAN_POINT('',(-3.55888868626429,-0.973915901360003,8.80125343457914));
#11506=CARTESIAN_POINT('',(-3.51997278420129,-0.584199999300001,8.80125343457914));
#11507=CARTESIAN_POINT('',(-3.51997278420129,-0.584199999300001,8.80125343457914));
#11508=CARTESIAN_POINT('Origin',(-3.51997278420128,-0.380999999300002,8.80125343457914));
#11509=CARTESIAN_POINT('Origin',(-3.51997278420128,-0.3809999993,8.29325343457915));
#11510=CARTESIAN_POINT('',(-3.51997278420129,-0.584199999300001,8.80125343457914));
#11511=CARTESIAN_POINT('Origin',(-3.51997278420129,-0.584199999299999,8.29325343457915));
#11512=CARTESIAN_POINT('',(-3.16917278420128,-0.584199999300001,8.80125343457914));
#11513=CARTESIAN_POINT('Origin',(-3.72317278420128,-1.1381999993,8.29325343457915));
#11514=CARTESIAN_POINT('',(-3.55888868626429,-0.973915901360001,8.29325343457915));
#11515=CARTESIAN_POINT('Origin',(-3.41520458832708,-1.1175999993,8.54725343457914));
#11516=CARTESIAN_POINT('',(-3.41520458832708,-1.3207999993,8.80125343457914));
#11517=CARTESIAN_POINT('Origin',(-3.12664378671839,-1.3207999993,8.29325343457915));
#11518=CARTESIAN_POINT('',(-3.12664378671839,-1.3207999993,8.80125343457914));
#11519=CARTESIAN_POINT('Origin',(-3.72317278420128,-1.91732899678,8.29325343457915));
#11520=CARTESIAN_POINT('',(-3.56715968878129,-1.76131590136,8.29325343457915));
#11521=CARTESIAN_POINT('Origin',(-3.42347559084418,-1.9049999993,8.54725343457914));
#11522=CARTESIAN_POINT('',(-3.42347559084418,-2.1081999993,8.80125343457914));
#11523=CARTESIAN_POINT('Origin',(-3.08118175492638,-2.1081999993,8.29325343457915));
#11524=CARTESIAN_POINT('',(-3.08118175496608,-2.1081999993,8.29325343457915));
#11525=CARTESIAN_POINT('Origin',(-3.08118175496798,-2.1081999993,8.87594578982914));
#11526=CARTESIAN_POINT('',(-3.84935304256329,-2.8763712869,8.29325343457915));
#11527=CARTESIAN_POINT('Origin',(-3.66974792014128,-3.05597640932,8.87594578982914));
#11528=CARTESIAN_POINT('',(-3.90679613502828,-2.96473966333,8.80125343457914));
#11529=CARTESIAN_POINT('Origin',(-4.23817278420128,-2.96473966333,8.29325343457915));
#11530=CARTESIAN_POINT('Origin',(-0.694072784201284,0.634999999999997,9.90615343457914));
#11531=CARTESIAN_POINT('',(7.06562721579872,1.27,10.5411534345791));
#11532=CARTESIAN_POINT('Origin',(7.06562721579872,-2.22044604925031E-15,
3.37384897874914));
#11533=CARTESIAN_POINT('Origin',(-7.69177278420128,11.1506,10.1601534345792));
#11534=CARTESIAN_POINT('Origin',(7.06562721579872,11.1506,10.1601534345792));
#11535=CARTESIAN_POINT('Origin',(7.06562721579872,-2.22044604925031E-15,
3.37384897874914));
#11536=CARTESIAN_POINT('Origin',(-1.36926723127128,9.7178810433,8.80125343457914));
#11537=CARTESIAN_POINT('',(-4.16117278420128,10.8218,8.80125343457914));
#11538=CARTESIAN_POINT('',(-4.16117278420128,11.5316,8.80125343457914));
#11539=CARTESIAN_POINT('',(-7.07747263043728,10.8218,8.80125343457914));
#11540=CARTESIAN_POINT('',(-7.07747263043728,10.8218,8.80125343457914));
#11541=CARTESIAN_POINT('',(-7.07747263043728,9.0678,8.80125343457914));
#11542=CARTESIAN_POINT('',(-7.07747263043728,10.8218,8.80125343457914));
#11543=CARTESIAN_POINT('',(-7.07747263043728,9.0678,8.80125343457914));
#11544=CARTESIAN_POINT('Origin',(-7.69177278420128,9.0678,8.19165343457915));
#11545=CARTESIAN_POINT('',(-7.07747263043728,9.0678,8.19165343457915));
#11546=CARTESIAN_POINT('',(-7.69177278420128,9.0678,8.19165343457915));
#11547=CARTESIAN_POINT('',(-7.07747263043728,9.0678,8.19165343457915));
#11548=CARTESIAN_POINT('Origin',(-1.60732798378448,7.97106060487,8.19165343457914));
#11549=CARTESIAN_POINT('',(-7.07747263043728,10.8218,8.19165343457915));
#11550=CARTESIAN_POINT('',(-7.07747263043728,10.8218,8.19165343457915));
#11551=CARTESIAN_POINT('',(-4.16117278420128,10.8218,8.19165343457915));
#11552=CARTESIAN_POINT('',(-7.07747263043728,10.8218,8.19165343457915));
#11553=CARTESIAN_POINT('',(-4.16117278420128,10.8218,8.19165343457915));
#11554=CARTESIAN_POINT('Origin',(-4.16117278420128,9.5504,8.19165343457915));
#11555=CARTESIAN_POINT('',(-4.16117278420128,10.8218,8.19165343457915));
#11556=CARTESIAN_POINT('Origin',(-4.42317278420128,10.8218,8.80325343457915));
#11557=CARTESIAN_POINT('',(-7.07747263043728,10.8218,8.80125343457914));
#11558=CARTESIAN_POINT('Origin',(-7.07747263043728,0.919367966629999,9.81725343457915));
#11559=CARTESIAN_POINT('Origin',(1.50302721579872,-1.11022302462516E-15,
-3.27644656542086));
#11560=CARTESIAN_POINT('',(1.50302721579872,11.5316,-3.27644656542086));
#11561=CARTESIAN_POINT('Origin',(7.06562721579872,-2.22044604925031E-15,
-3.37354210959085));
#11562=CARTESIAN_POINT('',(6.96402721579872,9.96832732488,-3.37176867499086));
#11563=CARTESIAN_POINT('',(6.96402721579872,9.96832732488,-3.37176867499086));
#11564=CARTESIAN_POINT('',(6.96402721579872,9.96832732488,-3.37176867499086));
#11565=CARTESIAN_POINT('Origin',(6.96402721579872,14.7243824,-5.93162556542086));
#11566=CARTESIAN_POINT('',(6.96402721579872,9.96832732488,-4.12092445585085));
#11567=CARTESIAN_POINT('',(6.96402721579872,9.96832732488,-4.12092445585085));
#11568=CARTESIAN_POINT('',(6.96402721579872,11.5316,-4.12092445585085));
#11569=CARTESIAN_POINT('Origin',(1.50302721579872,-1.11022302462516E-15,
-4.21624656542086));
#11570=CARTESIAN_POINT('',(6.30362721579872,9.9568,-4.13245178073086));
#11571=CARTESIAN_POINT('',(1.50302721579972,10.04059478469,-4.21624656542086));
#11572=CARTESIAN_POINT('',(6.30362721579872,9.9568,-4.13245178073086));
#11573=CARTESIAN_POINT('',(1.50302721579872,11.5316,-4.21624656542086));
#11574=CARTESIAN_POINT('Origin',(8.20355721579872,9.98996340151,-4.39854600834086));
#11575=CARTESIAN_POINT('Origin',(-2.45937278420129,-1.11022302462516E-15,
-4.21624656542086));
#11576=CARTESIAN_POINT('',(-2.45937278420142,10.10975873397,-4.21624656542086));
#11577=CARTESIAN_POINT('',(1.50302721579972,10.04059478469,-4.21624656542086));
#11578=CARTESIAN_POINT('',(-2.45937278420169,11.5316,-4.21624656542086));
#11579=CARTESIAN_POINT('Origin',(-10.6255560477753,10.25229999305,-12.6490489654209));
#11580=CARTESIAN_POINT('',(-6.67577278420128,10.18335626973,-7.05039029569086));
#11581=CARTESIAN_POINT('',(-6.67577278420128,10.18335626973,-7.05039029569086));
#11582=CARTESIAN_POINT('',(-6.67577278420128,10.18335626973,-4.28984410118086));
#11583=CARTESIAN_POINT('',(-6.67577278420128,10.18335626973,-4.28984410118086));
#11584=CARTESIAN_POINT('',(-6.67577278420128,10.18335626973,-4.28984410118086));
#11585=CARTESIAN_POINT('Origin',(-6.67577278420128,0.,-4.28984410118086));
#11586=CARTESIAN_POINT('',(-6.67577278420128,10.18335626973,-4.28984410118086));
#11587=CARTESIAN_POINT('Origin',(-6.67577278420128,10.18335626973,10.5411534345791));
#11588=CARTESIAN_POINT('',(-6.67577278420128,10.18335626973,-7.05039029569086));
#11589=CARTESIAN_POINT('Origin',(-1.60612310698998,7.97106060487,-7.13888135997085));
#11590=CARTESIAN_POINT('Origin',(-1.36926723127128,9.7178810433,-8.80094656542085));
#11591=CARTESIAN_POINT('',(-7.07747263043728,9.0678,-8.80094656542085));
#11592=CARTESIAN_POINT('',(-7.07747263043728,10.8218,-8.80094656542085));
#11593=CARTESIAN_POINT('',(-7.07747263043728,9.0678,-8.80094656542085));
#11594=CARTESIAN_POINT('',(-4.16117278420128,10.8218,-8.80094656542085));
#11595=CARTESIAN_POINT('',(-7.07747263043728,10.8218,-8.80094656542085));
#11596=CARTESIAN_POINT('',(-4.16117278420128,11.5316,-8.80094656542085));
#11597=CARTESIAN_POINT('',(-7.07747263043728,9.0678,-8.80094656542085));
#11598=CARTESIAN_POINT('Origin',(-7.07747263043728,0.919367966630001,-9.81694656542085));
#11599=CARTESIAN_POINT('',(-7.07747263043728,9.0678,-8.19134656542085));
#11600=CARTESIAN_POINT('',(-7.07747263043728,10.8218,-8.19134656542085));
#11601=CARTESIAN_POINT('',(-7.07747263043728,9.0678,-8.19134656542085));
#11602=CARTESIAN_POINT('',(-7.07747263043728,10.8218,-8.80094656542085));
#11603=CARTESIAN_POINT('',(-7.07747263043728,9.0678,-8.80094656542085));
#11604=CARTESIAN_POINT('Origin',(-1.60732798378448,7.97106060487,-8.19134656542085));
#11605=CARTESIAN_POINT('',(-4.16117278420128,10.8218,-8.19134656542085));
#11606=CARTESIAN_POINT('',(-7.07747263043728,10.8218,-8.19134656542085));
#11607=CARTESIAN_POINT('',(-7.69177278420128,9.0678,-8.19134656542085));
#11608=CARTESIAN_POINT('',(-4.16117278420128,10.8218,-8.19134656542085));
#11609=CARTESIAN_POINT('Origin',(-5.42317278420128,10.8218,-8.80294656542086));
#11610=CARTESIAN_POINT('',(-4.16117278420128,10.8218,-8.19134656542085));
#11611=CARTESIAN_POINT('Origin',(-4.16117278420128,9.5504,-8.19134656542085));
#11612=CARTESIAN_POINT('Origin',(-7.69177278420128,9.0678,-8.19134656542085));
#11613=CARTESIAN_POINT('Origin',(-7.69177278420128,5.19289953871,-9.23274656542086));
#11614=CARTESIAN_POINT('',(-7.07747263043728,5.19289953871,-9.23274656542086));
#11615=CARTESIAN_POINT('',(-7.07747263043728,5.19289953871,-9.23274656542086));
#11616=CARTESIAN_POINT('',(-7.07747263043728,6.61810046129,-9.23274656542086));
#11617=CARTESIAN_POINT('',(-7.07747263043728,5.19289953871,-9.23274656542086));
#11618=CARTESIAN_POINT('',(-7.07747263043728,6.61810046129,-9.23274656542086));
#11619=CARTESIAN_POINT('Origin',(-7.69177278420128,6.61810046129,-9.23274656542086));
#11620=CARTESIAN_POINT('',(-7.07747263043728,7.366,-8.80094656542085));
#11621=CARTESIAN_POINT('',(-7.69177278420128,7.366,-8.80094656542085));
#11622=CARTESIAN_POINT('',(-7.07747263043728,7.366,-8.80094656542085));
#11623=CARTESIAN_POINT('Origin',(-7.69177278420128,7.366,-8.80094656542085));
#11624=CARTESIAN_POINT('',(-7.07747263043728,7.366,-8.19134656542085));
#11625=CARTESIAN_POINT('',(-7.07747263043728,7.366,-8.80094656542085));
#11626=CARTESIAN_POINT('',(-7.07747263043728,7.366,-8.19134656542085));
#11627=CARTESIAN_POINT('Origin',(-7.07747263043728,0.919367966630001,-9.81694656542085));
#11628=CARTESIAN_POINT('',(-7.07747263043728,4.445,-8.80094656542085));
#11629=CARTESIAN_POINT('',(-7.07747263043728,5.19289953871,-9.23274656542086));
#11630=CARTESIAN_POINT('',(-7.07747263043728,4.445,-8.19134656542085));
#11631=CARTESIAN_POINT('',(-7.07747263043728,4.445,-8.19134656542085));
#11632=CARTESIAN_POINT('',(-7.07747263043728,4.445,-8.19134656542085));
#11633=CARTESIAN_POINT('Origin',(-1.60732798378448,7.97106060487,-8.19134656542085));
#11634=CARTESIAN_POINT('',(-7.07747263043728,4.445,-8.19134656542085));
#11635=CARTESIAN_POINT('Origin',(-7.69177278420128,4.445,-8.19134656542085));
#11636=CARTESIAN_POINT('',(-7.07747263043728,4.445,-8.80094656542085));
#11637=CARTESIAN_POINT('Origin',(-7.69177278420128,4.445,-8.80094656542085));
#11638=CARTESIAN_POINT('Origin',(4.39862721579872,9.1313,-6.98484656542086));
#11639=CARTESIAN_POINT('',(3.38262721579872,9.14016649768,-6.99371306310086));
#11640=CARTESIAN_POINT('',(3.38262721579872,9.14016649768,-0.498980067740858));
#11641=CARTESIAN_POINT('',(3.38262721579872,9.14016649768,-6.99371306310086));
#11642=CARTESIAN_POINT('',(-7.69177278420128,9.23681132234,-0.402335243080863));
#11643=CARTESIAN_POINT('',(3.38262721579872,9.14016649768,-6.99371306310086));
#11644=CARTESIAN_POINT('Origin',(3.38262721579872,3.937,-4.02574656542086));
#11645=CARTESIAN_POINT('',(3.38262721579872,2.39143350232,-2.33297394183085));
#11646=CARTESIAN_POINT('',(3.38262721579872,2.39143350232,-5.15971918901085));
#11647=CARTESIAN_POINT('',(3.38262721579872,2.39143350232,-2.33297394183085));
#11648=CARTESIAN_POINT('',(3.38262721579872,4.22542737641,-0.498980067740857));
#11649=CARTESIAN_POINT('',(3.38262721579872,2.39143350232,-2.33297394183085));
#11650=CARTESIAN_POINT('',(3.38262721579872,9.14016649768,-0.498980067740858));
#11651=CARTESIAN_POINT('',(3.38262721579872,4.22542737641,-6.99371306310086));
#11652=CARTESIAN_POINT('',(3.38262721579872,4.22542737641,-6.99371306310086));
#11653=CARTESIAN_POINT('',(3.38262721579872,4.22542737641,-6.99371306310086));
#11654=CARTESIAN_POINT('',(3.38262721579872,7.61985975903,-3.49234656542085));
#11655=CARTESIAN_POINT('',(3.38262721579872,3.91174024097,-3.49234656542085));
#11656=CARTESIAN_POINT('',(3.38262721579872,7.61985975903,-3.49234656542085));
#11657=CARTESIAN_POINT('',(3.38262721579872,3.91174024097,-4.00034656542086));
#11658=CARTESIAN_POINT('',(3.38262721579872,3.91174024097,-3.49234656542085));
#11659=CARTESIAN_POINT('',(3.38262721579872,7.61985975903,-4.00034656542086));
#11660=CARTESIAN_POINT('',(3.38262721579872,7.61985975903,-4.00034656542086));
#11661=CARTESIAN_POINT('',(3.38262721579872,7.61985975903,-4.00034656542086));
#11662=CARTESIAN_POINT('Origin',(4.39862721579872,2.4003,-2.33664656542086));
#11663=CARTESIAN_POINT('',(3.38262721579872,2.39143350232,-2.33297394183085));
#11664=CARTESIAN_POINT('',(-7.69177278420128,2.29478867766,-5.19975078612085));
#11665=CARTESIAN_POINT('Origin',(4.39862721579872,2.4003,-5.15604656542085));
#11666=CARTESIAN_POINT('',(-7.69177278420128,4.1853957793,-7.09035788776085));
#11667=CARTESIAN_POINT('Origin',(4.39862721579872,4.2291,-6.98484656542086));
#11668=CARTESIAN_POINT('Origin',(4.39862721579872,4.2291,-0.507846565420855));
#11669=CARTESIAN_POINT('',(3.38262721579872,4.22542737641,-0.498980067740857));
#11670=CARTESIAN_POINT('Origin',(4.39862721579872,9.1313,-0.507846565420856));
#11671=CARTESIAN_POINT('Origin',(3.48228996411572,6.71695100238,-3.49234656542085));
#11672=CARTESIAN_POINT('',(2.29129583094672,4.1783,-3.49234656542085));
#11673=CARTESIAN_POINT('',(-4.43177278420128,4.1783,-3.49234656542085));
#11674=CARTESIAN_POINT('',(2.29129583094672,4.1783,-3.49234656542085));
#11675=CARTESIAN_POINT('',(2.48929848450372,4.15212535237,-3.49234656542085));
#11676=CARTESIAN_POINT('Origin',(2.29129583094672,3.4163,-3.49234656542085));
#11677=CARTESIAN_POINT('',(2.48929848450372,4.15212535237,-3.49234656542085));
#11678=CARTESIAN_POINT('',(2.48929848450372,7.37947464763,-3.49234656542085));
#11679=CARTESIAN_POINT('',(3.38262721579872,7.61985975903,-3.49234656542085));
#11680=CARTESIAN_POINT('',(2.29129583094672,7.3533,-3.49234656542085));
#11681=CARTESIAN_POINT('Origin',(2.29129583094672,8.1153,-3.49234656542085));
#11682=CARTESIAN_POINT('',(-4.43177278420128,7.3533,-3.49234656542085));
#11683=CARTESIAN_POINT('',(-4.43177278420128,7.3533,-3.49234656542085));
#11684=CARTESIAN_POINT('',(-4.43177278420128,4.1783,-3.49234656542085));
#11685=CARTESIAN_POINT('Origin',(-3.66587278420128,4.1783,-3.74634656542086));
#11686=CARTESIAN_POINT('',(2.29129583094672,4.1783,-4.00034656542086));
#11687=CARTESIAN_POINT('',(-4.43177278420128,4.1783,-4.00034656542086));
#11688=CARTESIAN_POINT('',(2.29129583094672,4.1783,-4.00034656542086));
#11689=CARTESIAN_POINT('',(2.29129583094672,4.1783,-3.49234656542085));
#11690=CARTESIAN_POINT('',(-4.43177278420128,4.1783,-4.00034656542086));
#11691=CARTESIAN_POINT('Origin',(3.48228996411572,4.81464899762,-4.00034656542086));
#11692=CARTESIAN_POINT('',(2.29129583094672,7.3533,-4.00034656542086));
#11693=CARTESIAN_POINT('',(-4.43177278420128,7.3533,-4.00034656542086));
#11694=CARTESIAN_POINT('',(2.29129583094672,7.3533,-4.00034656542086));
#11695=CARTESIAN_POINT('',(2.48929848450372,7.37947464763,-4.00034656542086));
#11696=CARTESIAN_POINT('Origin',(2.29129583094672,8.1153,-4.00034656542086));
#11697=CARTESIAN_POINT('',(2.48929848450372,7.37947464763,-4.00034656542086));
#11698=CARTESIAN_POINT('',(2.48929848450372,4.15212535237,-4.00034656542086));
#11699=CARTESIAN_POINT('',(3.38262721579872,3.91174024097,-4.00034656542086));
#11700=CARTESIAN_POINT('Origin',(2.29129583094672,3.4163,-4.00034656542086));
#11701=CARTESIAN_POINT('',(-4.43177278420128,7.3533,-4.00034656542086));
#11702=CARTESIAN_POINT('Origin',(2.29129583094672,7.3533,-4.00034656542086));
#11703=CARTESIAN_POINT('',(2.29129583094672,7.3533,-4.00034656542086));
#11704=CARTESIAN_POINT('',(-4.43177278420128,7.3533,-3.49234656542085));
#11705=CARTESIAN_POINT('Origin',(-4.43177278420128,26.3086,48.4255884345791));
#11706=CARTESIAN_POINT('',(-4.43177278420128,7.3533,3.49265343457915));
#11707=CARTESIAN_POINT('',(-4.43177278420128,4.1783,3.49265343457914));
#11708=CARTESIAN_POINT('',(-4.43177278420128,7.3533,3.49265343457915));
#11709=CARTESIAN_POINT('',(-4.43177278420128,4.1783,4.00065343457914));
#11710=CARTESIAN_POINT('',(-4.43177278420128,4.1783,3.49265343457914));
#11711=CARTESIAN_POINT('',(-4.43177278420128,7.3533,4.00065343457914));
#11712=CARTESIAN_POINT('',(-4.43177278420128,4.1783,4.00065343457914));
#11713=CARTESIAN_POINT('',(-4.43177278420128,7.3533,4.00065343457914));
#11714=CARTESIAN_POINT('Origin',(-4.43177278420128,26.3086,48.4255884345791));
#11715=CARTESIAN_POINT('Origin',(3.48228996411572,4.81464899762,3.49265343457914));
#11716=CARTESIAN_POINT('',(2.29129583094672,7.3533,3.49265343457915));
#11717=CARTESIAN_POINT('',(-4.43177278420128,7.3533,3.49265343457915));
#11718=CARTESIAN_POINT('',(2.48929848450372,7.37947464763,3.49265343457915));
#11719=CARTESIAN_POINT('Origin',(2.29129583094672,8.1153,3.49265343457915));
#11720=CARTESIAN_POINT('',(3.38262721579872,7.61985975903001,3.49265343457915));
#11721=CARTESIAN_POINT('',(2.48929848450372,7.37947464763,3.49265343457915));
#11722=CARTESIAN_POINT('',(3.38262721579872,3.91174024097,3.49265343457914));
#11723=CARTESIAN_POINT('',(3.38262721579872,3.91174024097,3.49265343457914));
#11724=CARTESIAN_POINT('',(2.48929848450372,4.15212535237,3.49265343457914));
#11725=CARTESIAN_POINT('',(3.38262721579872,3.91174024097,3.49265343457914));
#11726=CARTESIAN_POINT('',(2.29129583094672,4.1783,3.49265343457914));
#11727=CARTESIAN_POINT('Origin',(2.29129583094672,3.4163,3.49265343457914));
#11728=CARTESIAN_POINT('',(2.29129583094672,4.1783,3.49265343457914));
#11729=CARTESIAN_POINT('Origin',(2.29129583094672,7.3533,3.49265343457915));
#11730=CARTESIAN_POINT('',(2.29129583094672,7.3533,4.00065343457914));
#11731=CARTESIAN_POINT('',(2.29129583094672,7.3533,4.00065343457914));
#11732=CARTESIAN_POINT('',(2.29129583094672,7.3533,3.49265343457915));
#11733=CARTESIAN_POINT('Origin',(3.48228996411572,6.71695100238,4.00065343457914));
#11734=CARTESIAN_POINT('',(2.29129583094672,4.1783,4.00065343457914));
#11735=CARTESIAN_POINT('',(2.29129583094672,4.1783,4.00065343457914));
#11736=CARTESIAN_POINT('',(2.48929848450372,4.15212535237,4.00065343457914));
#11737=CARTESIAN_POINT('Origin',(2.29129583094672,3.4163,4.00065343457914));
#11738=CARTESIAN_POINT('',(3.38262721579872,3.91174024097,4.00065343457914));
#11739=CARTESIAN_POINT('',(2.48929848450372,4.15212535237,4.00065343457914));
#11740=CARTESIAN_POINT('',(3.38262721579872,7.61985975903,4.00065343457914));
#11741=CARTESIAN_POINT('',(3.38262721579872,3.91174024097,4.00065343457914));
#11742=CARTESIAN_POINT('',(2.48929848450372,7.37947464763,4.00065343457914));
#11743=CARTESIAN_POINT('',(3.38262721579872,7.61985975903,4.00065343457914));
#11744=CARTESIAN_POINT('Origin',(2.29129583094672,8.1153,4.00065343457914));
#11745=CARTESIAN_POINT('Origin',(-3.66587278420128,4.1783,3.74665343457914));
#11746=CARTESIAN_POINT('',(2.29129583094672,4.1783,4.00065343457914));
#11747=CARTESIAN_POINT('Origin',(2.29129583094672,3.4163,3.49265343457914));
#11748=CARTESIAN_POINT('',(2.48929848450372,4.15212535237,3.49265343457914));
#11749=CARTESIAN_POINT('Origin',(3.94662456224172,3.75997464763,3.49265343457914));
#11750=CARTESIAN_POINT('',(3.38262721579872,3.91174024097,4.00065343457914));
#11751=CARTESIAN_POINT('Origin',(3.38262721579872,2.39143350232,3.46725343457915));
#11752=CARTESIAN_POINT('',(3.38262721579872,2.39143350232,5.16002605816914));
#11753=CARTESIAN_POINT('',(3.38262721579872,2.39143350232,2.33328081098915));
#11754=CARTESIAN_POINT('',(3.38262721579872,2.39143350232,5.16002605816914));
#11755=CARTESIAN_POINT('',(3.38262721579872,4.22542737641,6.99401993225915));
#11756=CARTESIAN_POINT('',(3.38262721579872,2.39143350232,5.16002605816914));
#11757=CARTESIAN_POINT('',(3.38262721579872,9.14016649768,6.99401993225915));
#11758=CARTESIAN_POINT('',(3.38262721579872,9.14016649768,6.99401993225915));
#11759=CARTESIAN_POINT('',(3.38262721579872,9.14016649768,0.499286936899141));
#11760=CARTESIAN_POINT('',(3.38262721579872,9.14016649768,0.499286936899141));
#11761=CARTESIAN_POINT('',(3.38262721579872,4.22542737641,0.499286936899142));
#11762=CARTESIAN_POINT('',(3.38262721579872,4.22542737641,0.499286936899142));
#11763=CARTESIAN_POINT('',(3.38262721579872,4.22542737641,0.499286936899142));
#11764=CARTESIAN_POINT('',(3.38262721579872,7.61985975903001,3.49265343457915));
#11765=CARTESIAN_POINT('Origin',(4.39862721579872,2.4003,5.15635343457914));
#11766=CARTESIAN_POINT('',(3.38262721579872,2.39143350232,5.16002605816914));
#11767=CARTESIAN_POINT('',(-7.69177278420128,2.29478867766,2.29324921387915));
#11768=CARTESIAN_POINT('Origin',(4.39862721579872,2.4003,2.33695343457915));
#11769=CARTESIAN_POINT('',(-7.69177278420128,4.1853957793,0.402642112239147));
#11770=CARTESIAN_POINT('Origin',(4.39862721579872,4.2291,0.508153434579148));
#11771=CARTESIAN_POINT('',(3.38262721579872,9.14016649768,0.499286936899141));
#11772=CARTESIAN_POINT('Origin',(4.39862721579872,9.1313,0.508153434579148));
#11773=CARTESIAN_POINT('',(-7.69177278420128,9.23681132234,7.09066475691914));
#11774=CARTESIAN_POINT('Origin',(4.39862721579872,9.1313,6.98515343457914));
#11775=CARTESIAN_POINT('',(3.38262721579872,4.22542737641,6.99401993225915));
#11776=CARTESIAN_POINT('Origin',(4.39862721579872,4.2291,6.98515343457914));
#11777=CARTESIAN_POINT('Origin',(3.94662456224172,7.77162535237,3.49265343457915));
#11778=CARTESIAN_POINT('',(2.48929848450372,7.37947464763,4.00065343457914));
#11779=CARTESIAN_POINT('Origin',(2.29129583094672,8.1153,3.49265343457915));
#11780=CARTESIAN_POINT('Origin',(2.29129583094672,8.1153,-4.00034656542086));
#11781=CARTESIAN_POINT('',(2.48929848450372,7.37947464763,-3.49234656542085));
#11782=CARTESIAN_POINT('Origin',(3.94662456224172,7.77162535237,-4.00034656542086));
#11783=CARTESIAN_POINT('Origin',(2.29129583094672,3.4163,-4.00034656542086));
#11784=CARTESIAN_POINT('',(2.48929848450372,4.15212535237,-4.00034656542086));
#11785=CARTESIAN_POINT('Origin',(3.94662456224172,3.75997464763,-4.00034656542086));
#11786=CARTESIAN_POINT('Origin',(-7.69177278420128,3.21945,-7.55213394130085));
#11787=CARTESIAN_POINT('',(-7.79337278420129,3.21945,-7.55213394130085));
#11788=CARTESIAN_POINT('',(-7.79337278420129,3.21945,-7.55213394130085));
#11789=CARTESIAN_POINT('',(-7.79337278420129,3.29565,-7.49498394130086));
#11790=CARTESIAN_POINT('',(-7.79337278420129,3.29565,-7.49498394130086));
#11791=CARTESIAN_POINT('',(-7.79337278420129,3.29565,-7.49498394130086));
#11792=CARTESIAN_POINT('Origin',(-7.69177278420128,3.29565,-7.49498394130086));
#11793=CARTESIAN_POINT('',(-7.79337278420129,3.3528,-7.47593394130086));
#11794=CARTESIAN_POINT('',(-7.79337278420129,3.3528,-7.47593394130086));
#11795=CARTESIAN_POINT('',(-7.79337278420129,3.3528,-7.47593394130086));
#11796=CARTESIAN_POINT('Origin',(-7.69177278420128,3.3528,-7.47593394130086));
#11797=CARTESIAN_POINT('',(-7.79337278420129,3.3528,-7.32353394130086));
#11798=CARTESIAN_POINT('',(-7.79337278420129,3.3528,-7.47593394130086));
#11799=CARTESIAN_POINT('',(-7.79337278420129,3.3528,-7.32353394130086));
#11800=CARTESIAN_POINT('Origin',(-7.69177278420128,3.3528,-7.32353394130086));
#11801=CARTESIAN_POINT('',(-7.79337278420129,1.8288,-7.32353394130086));
#11802=CARTESIAN_POINT('',(-7.79337278420129,3.3528,-7.32353394130086));
#11803=CARTESIAN_POINT('',(-7.79337278420129,1.8288,-7.32353394130086));
#11804=CARTESIAN_POINT('Origin',(-7.69177278420128,1.8288,-7.32353394130086));
#11805=CARTESIAN_POINT('',(-7.79337278420129,1.8288,-7.51403394130086));
#11806=CARTESIAN_POINT('',(-7.79337278420129,1.8288,-7.32353394130086));
#11807=CARTESIAN_POINT('',(-7.79337278420129,1.8288,-7.51403394130086));
#11808=CARTESIAN_POINT('Origin',(-7.69177278420128,1.8288,-7.51403394130086));
#11809=CARTESIAN_POINT('',(-7.79337278420129,2.9337,-7.51403394130086));
#11810=CARTESIAN_POINT('',(-7.79337278420129,1.8288,-7.51403394130086));
#11811=CARTESIAN_POINT('',(-7.79337278420129,2.9337,-7.51403394130086));
#11812=CARTESIAN_POINT('Origin',(-7.69177278420128,2.9337,-7.51403394130086));
#11813=CARTESIAN_POINT('',(-7.79337278420129,2.9337,-7.87598394130086));
#11814=CARTESIAN_POINT('',(-7.79337278420129,2.9337,-7.51403394130086));
#11815=CARTESIAN_POINT('',(-7.79337278420129,2.9337,-7.87598394130086));
#11816=CARTESIAN_POINT('Origin',(-7.69177278420128,2.9337,-7.87598394130086));
#11817=CARTESIAN_POINT('',(-7.79337278420129,3.0861,-7.87598394130086));
#11818=CARTESIAN_POINT('',(-7.79337278420129,2.9337,-7.87598394130086));
#11819=CARTESIAN_POINT('',(-7.79337278420129,3.0861,-7.87598394130086));
#11820=CARTESIAN_POINT('Origin',(-7.69177278420128,3.0861,-7.87598394130086));
#11821=CARTESIAN_POINT('',(-7.79337278420129,3.0861,-7.83788394130085));
#11822=CARTESIAN_POINT('',(-7.79337278420129,3.0861,-7.87598394130086));
#11823=CARTESIAN_POINT('',(-7.79337278420129,3.0861,-7.83788394130085));
#11824=CARTESIAN_POINT('Origin',(-7.69177278420128,3.0861,-7.83788394130085));
#11825=CARTESIAN_POINT('',(-7.79337278420129,3.10515,-7.74263394130085));
#11826=CARTESIAN_POINT('',(-7.79337278420129,3.10515,-7.74263394130085));
#11827=CARTESIAN_POINT('',(-7.79337278420129,3.10515,-7.74263394130085));
#11828=CARTESIAN_POINT('Origin',(-7.69177278420128,3.10515,-7.74263394130085));
#11829=CARTESIAN_POINT('',(-7.79337278420129,3.1242,-7.68548394130086));
#11830=CARTESIAN_POINT('',(-7.79337278420129,3.1242,-7.68548394130086));
#11831=CARTESIAN_POINT('',(-7.79337278420129,3.1242,-7.68548394130086));
#11832=CARTESIAN_POINT('Origin',(-7.69177278420128,3.1242,-7.68548394130086));
#11833=CARTESIAN_POINT('',(-7.79337278420129,3.1623,-7.60928394130086));
#11834=CARTESIAN_POINT('',(-7.79337278420129,3.1623,-7.60928394130086));
#11835=CARTESIAN_POINT('',(-7.79337278420129,3.1623,-7.60928394130086));
#11836=CARTESIAN_POINT('Origin',(-7.69177278420128,3.1623,-7.60928394130086));
#11837=CARTESIAN_POINT('',(-7.79337278420129,3.21945,-7.55213394130085));
#11838=CARTESIAN_POINT('Origin',(-7.79337278420128,10.21876,30.4752994345791));
#11839=CARTESIAN_POINT('Origin',(-7.69177278420128,4.445,8.80125343457914));
#11840=CARTESIAN_POINT('',(-7.07747263043728,4.445,8.80125343457914));
#11841=CARTESIAN_POINT('',(-7.07747263043728,5.19289953871,9.23305343457915));
#11842=CARTESIAN_POINT('',(-7.07747263043728,4.445,8.80125343457914));
#11843=CARTESIAN_POINT('',(-7.07747263043728,4.445,8.80125343457914));
#11844=CARTESIAN_POINT('',(-7.07747263043728,5.19289953871,9.23305343457915));
#11845=CARTESIAN_POINT('Origin',(-7.07747263043728,0.919367966629999,9.81725343457915));
#11846=CARTESIAN_POINT('',(-7.07747263043728,4.445,8.19165343457914));
#11847=CARTESIAN_POINT('',(-7.07747263043728,4.445,8.80125343457914));
#11848=CARTESIAN_POINT('',(-7.07747263043728,6.61810046129,9.23305343457915));
#11849=CARTESIAN_POINT('',(-7.07747263043728,6.61810046129,9.23305343457915));
#11850=CARTESIAN_POINT('',(-7.07747263043728,7.366,8.80125343457914));
#11851=CARTESIAN_POINT('',(-7.07747263043728,6.61810046129,9.23305343457915));
#11852=CARTESIAN_POINT('',(-7.07747263043728,7.366,8.19165343457914));
#11853=CARTESIAN_POINT('',(-7.07747263043728,7.366,8.19165343457914));
#11854=CARTESIAN_POINT('',(-7.07747263043728,7.366,8.19165343457914));
#11855=CARTESIAN_POINT('Origin',(-7.69177278420128,4.445,8.19165343457914));
#11856=CARTESIAN_POINT('',(-7.07747263043728,4.445,8.19165343457914));
#11857=CARTESIAN_POINT('Origin',(-1.60732798378448,7.97106060487,8.19165343457914));
#11858=CARTESIAN_POINT('',(-7.07747263043728,7.366,8.19165343457914));
#11859=CARTESIAN_POINT('Origin',(-7.69177278420128,7.366,8.80125343457914));
#11860=CARTESIAN_POINT('',(-7.69177278420128,7.366,8.80125343457914));
#11861=CARTESIAN_POINT('Origin',(-7.69177278420128,6.61810046129,9.23305343457915));
#11862=CARTESIAN_POINT('',(-7.07747263043728,6.61810046129,9.23305343457915));
#11863=CARTESIAN_POINT('Origin',(-7.69177278420128,5.19289953871,9.23305343457915));
#11864=CARTESIAN_POINT('Origin',(-1.57037278420128,2.032,-9.81694656542085));
#11865=CARTESIAN_POINT('',(-3.60237278420128,2.032,-8.19134656542085));
#11866=CARTESIAN_POINT('',(-3.60237278420128,2.032,-8.19134656542085));
#11867=CARTESIAN_POINT('',(-3.60237278420128,2.032,-8.19134656542085));
#11868=CARTESIAN_POINT('Origin',(-1.60732798378448,7.97106060487,-8.19134656542085));
#11869=CARTESIAN_POINT('',(-3.60237278420128,3.556,-8.19134656542085));
#11870=CARTESIAN_POINT('Origin',(-3.60237278420128,2.794,-8.19134656542085));
#11871=CARTESIAN_POINT('',(6.30362721579872,3.556,-8.19134656542085));
#11872=CARTESIAN_POINT('Origin',(-3.60237278420128,2.794,-9.81694656542085));
#11873=CARTESIAN_POINT('',(-3.60237278420128,3.556,-9.81694656542085));
#11874=CARTESIAN_POINT('Origin',(6.30362721579872,3.556,-9.81694656542085));
#11875=CARTESIAN_POINT('Origin',(-1.57037278420128,6.8072,-9.36181895004086));
#11876=CARTESIAN_POINT('',(5.87182721579872,6.8072,-8.19134656542085));
#11877=CARTESIAN_POINT('',(5.87182721579872,6.8072,-8.19134656542085));
#11878=CARTESIAN_POINT('',(-1.57037278420128,6.8072,-8.19134656542085));
#11879=CARTESIAN_POINT('',(-1.57037278420128,6.8072,-8.19134656542085));
#11880=CARTESIAN_POINT('',(-1.57037278420128,6.8072,-8.19134656542085));
#11881=CARTESIAN_POINT('Origin',(6.08772721579872,7.5692,-8.06669664230086));
#11882=CARTESIAN_POINT('',(5.87182721579872,8.3312,-8.19134656542085));
#11883=CARTESIAN_POINT('',(5.87182721579872,6.8072,-8.19134656542085));
#11884=CARTESIAN_POINT('',(6.30362721579872,8.3312,-7.94204671918085));
#11885=CARTESIAN_POINT('Origin',(7.91921021579872,8.3312,-9.81694656542085));
#11886=CARTESIAN_POINT('',(-3.98337278420128,8.3312,-8.19134656542085));
#11887=CARTESIAN_POINT('',(5.87182721579872,8.3312,-8.19134656542085));
#11888=CARTESIAN_POINT('',(-3.98337278420128,8.3312,-9.81694656542085));
#11889=CARTESIAN_POINT('Origin',(-3.98337278420128,7.9502,-15.5827465654209));
#11890=CARTESIAN_POINT('',(-3.98337278420128,7.5692,-8.19134656542085));
#11891=CARTESIAN_POINT('Origin',(-3.98337278420128,7.9502,-8.19134656542085));
#11892=CARTESIAN_POINT('',(-3.98337278420128,7.5692,-8.19134656542085));
#11893=CARTESIAN_POINT('Origin',(-3.98337278420128,7.5692,-9.36181895004086));
#11894=CARTESIAN_POINT('',(-2.33237278420128,7.5692,-8.19134656542085));
#11895=CARTESIAN_POINT('',(-3.98337278420128,7.5692,-8.19134656542085));
#11896=CARTESIAN_POINT('',(-2.33237278420128,7.5692,-9.81694656542085));
#11897=CARTESIAN_POINT('Origin',(-1.57037278420128,7.5692,-9.81694656542085));
#11898=CARTESIAN_POINT('Origin',(-1.57037278420128,7.5692,-8.19134656542085));
#11899=CARTESIAN_POINT('Origin',(-1.60732798378448,7.97106060487,-8.19134656542085));
#11900=CARTESIAN_POINT('Origin',(5.92262721579872,7.6708,-2.22234656542086));
#11901=CARTESIAN_POINT('',(5.92262721579872,7.6708,-2.60334656542086));
#11902=CARTESIAN_POINT('Origin',(5.92262721579872,7.6708,-2.98434656542086));
#11903=CARTESIAN_POINT('',(5.92262721579872,7.2898,-2.22234656542086));
#11904=CARTESIAN_POINT('Origin',(5.92262721579872,7.6708,-2.22234656542086));
#11905=CARTESIAN_POINT('Origin',(5.92262721579872,6.9088,-2.22234656542086));
#11906=CARTESIAN_POINT('Origin',(5.92262721579872,6.9088,3.73125809989915));
#11907=CARTESIAN_POINT('',(5.92262721579872,7.2898,-0.825346565420853));
#11908=CARTESIAN_POINT('',(5.92262721579872,7.2898,-2.22234656542086));
#11909=CARTESIAN_POINT('Origin',(5.92262721579872,6.9088,-0.825346565420853));
#11910=CARTESIAN_POINT('Origin',(5.92262721579872,7.6708,-0.825346565420853));
#11911=CARTESIAN_POINT('',(5.92262721579872,7.6708,-0.444346565420853));
#11912=CARTESIAN_POINT('Origin',(5.92262721579872,7.6708,-0.825346565420853));
#11913=CARTESIAN_POINT('Origin',(5.92262721579872,7.6708,-0.0633465654208523));
#11914=CARTESIAN_POINT('Origin',(5.92262721579872,5.27032635419,-0.063346565420852));
#11915=CARTESIAN_POINT('',(5.92262721579872,8.4328,-0.444346565420853));
#11916=CARTESIAN_POINT('',(5.92262721579872,7.6708,-0.444346565420853));
#11917=CARTESIAN_POINT('Origin',(5.92262721579872,8.4328,-0.0633465654208524));
#11918=CARTESIAN_POINT('Origin',(5.92262721579872,8.4328,-0.825346565420853));
#11919=CARTESIAN_POINT('',(5.92262721579872,8.8138,-0.825346565420853));
#11920=CARTESIAN_POINT('Origin',(5.92262721579872,8.4328,-0.825346565420853));
#11921=CARTESIAN_POINT('Origin',(5.92262721579872,9.1948,-0.825346565420853));
#11922=CARTESIAN_POINT('Origin',(5.92262721579872,9.1948,3.73125809989915));
#11923=CARTESIAN_POINT('',(5.92262721579872,8.8138,-2.22234656542086));
#11924=CARTESIAN_POINT('',(5.92262721579872,8.8138,-0.825346565420853));
#11925=CARTESIAN_POINT('Origin',(5.92262721579872,9.1948,-2.22234656542086));
#11926=CARTESIAN_POINT('Origin',(5.92262721579872,8.4328,-2.22234656542086));
#11927=CARTESIAN_POINT('',(5.92262721579872,8.4328,-2.60334656542086));
#11928=CARTESIAN_POINT('Origin',(5.92262721579872,8.4328,-2.22234656542086));
#11929=CARTESIAN_POINT('Origin',(5.92262721579872,8.4328,-2.98434656542086));
#11930=CARTESIAN_POINT('Origin',(5.92262721579872,5.7658,0.00015343457914206));
#11931=CARTESIAN_POINT('',(5.92262721579872,8.4328,-2.60334656542086));
#11932=CARTESIAN_POINT('Origin',(5.92262721579872,5.27032635419,-2.98434656542086));
#11933=CARTESIAN_POINT('Origin',(5.92262721579872,8.4328,-5.27034656542086));
#11934=CARTESIAN_POINT('',(5.92262721579872,8.4328,-4.88934656542086));
#11935=CARTESIAN_POINT('Origin',(5.92262721579872,8.4328,-4.50834656542086));
#11936=CARTESIAN_POINT('',(5.92262721579872,8.8138,-5.27034656542086));
#11937=CARTESIAN_POINT('Origin',(5.92262721579872,8.4328,-5.27034656542086));
#11938=CARTESIAN_POINT('Origin',(5.92262721579872,9.1948,-5.27034656542086));
#11939=CARTESIAN_POINT('Origin',(5.92262721579872,9.1948,3.73125809989915));
#11940=CARTESIAN_POINT('',(5.92262721579872,8.8138,-6.66734656542085));
#11941=CARTESIAN_POINT('',(5.92262721579872,8.8138,-5.27034656542086));
#11942=CARTESIAN_POINT('Origin',(5.92262721579872,9.1948,-6.66734656542085));
#11943=CARTESIAN_POINT('Origin',(5.92262721579872,8.4328,-6.66734656542085));
#11944=CARTESIAN_POINT('',(5.92262721579872,8.4328,-7.04834656542085));
#11945=CARTESIAN_POINT('Origin',(5.92262721579872,8.4328,-6.66734656542085));
#11946=CARTESIAN_POINT('Origin',(5.92262721579872,8.4328,-7.42934656542085));
#11947=CARTESIAN_POINT('Origin',(5.92262721579872,5.27032635419,-7.42934656542085));
#11948=CARTESIAN_POINT('',(5.92262721579872,7.6708,-7.04834656542085));
#11949=CARTESIAN_POINT('',(5.92262721579872,8.4328,-7.04834656542085));
#11950=CARTESIAN_POINT('Origin',(5.92262721579872,7.6708,-7.42934656542085));
#11951=CARTESIAN_POINT('Origin',(5.92262721579872,7.6708,-6.66734656542085));
#11952=CARTESIAN_POINT('',(5.92262721579872,7.2898,-6.66734656542085));
#11953=CARTESIAN_POINT('Origin',(5.92262721579872,7.6708,-6.66734656542085));
#11954=CARTESIAN_POINT('Origin',(5.92262721579872,6.9088,-6.66734656542085));
#11955=CARTESIAN_POINT('Origin',(5.92262721579872,6.9088,3.73125809989915));
#11956=CARTESIAN_POINT('',(5.92262721579872,7.2898,-5.27034656542086));
#11957=CARTESIAN_POINT('',(5.92262721579872,7.2898,-6.66734656542085));
#11958=CARTESIAN_POINT('Origin',(5.92262721579872,6.9088,-5.27034656542086));
#11959=CARTESIAN_POINT('Origin',(5.92262721579872,7.6708,-5.27034656542086));
#11960=CARTESIAN_POINT('',(5.92262721579872,7.6708,-4.88934656542086));
#11961=CARTESIAN_POINT('Origin',(5.92262721579872,7.6708,-5.27034656542086));
#11962=CARTESIAN_POINT('Origin',(5.92262721579872,7.6708,-4.50834656542086));
#11963=CARTESIAN_POINT('Origin',(5.92262721579872,5.27032635419,-4.50834656542086));
#11964=CARTESIAN_POINT('',(5.92262721579872,7.6708,-4.88934656542086));
#11965=CARTESIAN_POINT('Origin',(5.92262721579872,5.7658,0.00015343457914206));
#11966=CARTESIAN_POINT('Origin',(5.92262721579872,3.0988,-5.27034656542086));
#11967=CARTESIAN_POINT('',(5.92262721579872,2.7178,-5.27034656542086));
#11968=CARTESIAN_POINT('Origin',(5.92262721579872,2.3368,-5.27034656542086));
#11969=CARTESIAN_POINT('',(5.92262721579872,3.0988,-4.88934656542086));
#11970=CARTESIAN_POINT('Origin',(5.92262721579872,3.0988,-5.27034656542086));
#11971=CARTESIAN_POINT('Origin',(5.92262721579872,3.0988,-4.50834656542086));
#11972=CARTESIAN_POINT('Origin',(5.92262721579872,5.27032635419,-4.50834656542086));
#11973=CARTESIAN_POINT('',(5.92262721579872,3.8608,-4.88934656542086));
#11974=CARTESIAN_POINT('',(5.92262721579872,3.0988,-4.88934656542086));
#11975=CARTESIAN_POINT('Origin',(5.92262721579872,3.8608,-4.50834656542086));
#11976=CARTESIAN_POINT('Origin',(5.92262721579872,3.8608,-5.27034656542086));
#11977=CARTESIAN_POINT('',(5.92262721579872,4.2418,-5.27034656542086));
#11978=CARTESIAN_POINT('Origin',(5.92262721579872,3.8608,-5.27034656542086));
#11979=CARTESIAN_POINT('Origin',(5.92262721579872,4.6228,-5.27034656542086));
#11980=CARTESIAN_POINT('Origin',(5.92262721579872,4.6228,3.73125809989915));
#11981=CARTESIAN_POINT('',(5.92262721579872,4.2418,-6.66734656542085));
#11982=CARTESIAN_POINT('',(5.92262721579872,4.2418,-5.27034656542086));
#11983=CARTESIAN_POINT('Origin',(5.92262721579872,4.6228,-6.66734656542085));
#11984=CARTESIAN_POINT('Origin',(5.92262721579872,3.8608,-6.66734656542085));
#11985=CARTESIAN_POINT('',(5.92262721579872,3.8608,-7.04834656542085));
#11986=CARTESIAN_POINT('Origin',(5.92262721579872,3.8608,-6.66734656542085));
#11987=CARTESIAN_POINT('Origin',(5.92262721579872,3.8608,-7.42934656542085));
#11988=CARTESIAN_POINT('Origin',(5.92262721579872,5.27032635419,-7.42934656542085));
#11989=CARTESIAN_POINT('',(5.92262721579872,3.0988,-7.04834656542085));
#11990=CARTESIAN_POINT('',(5.92262721579872,3.8608,-7.04834656542085));
#11991=CARTESIAN_POINT('Origin',(5.92262721579872,3.0988,-7.42934656542085));
#11992=CARTESIAN_POINT('Origin',(5.92262721579872,3.0988,-6.66734656542085));
#11993=CARTESIAN_POINT('',(5.92262721579872,2.7178,-6.66734656542085));
#11994=CARTESIAN_POINT('Origin',(5.92262721579872,3.0988,-6.66734656542085));
#11995=CARTESIAN_POINT('Origin',(5.92262721579872,2.3368,-6.66734656542085));
#11996=CARTESIAN_POINT('Origin',(5.92262721579872,2.3368,3.73125809989915));
#11997=CARTESIAN_POINT('',(5.92262721579872,2.7178,-6.66734656542085));
#11998=CARTESIAN_POINT('Origin',(5.92262721579872,5.7658,0.00015343457914206));
#11999=CARTESIAN_POINT('Origin',(3.48228996411572,4.81464899762,3.49265343457914));
#12000=CARTESIAN_POINT('',(12.0821272157987,-3.264,3.49265343457915));
#12001=CARTESIAN_POINT('',(11.7645845677487,-3.814,3.49265343457915));
#12002=CARTESIAN_POINT('',(12.0821272157987,-3.264,3.49265343457915));
#12003=CARTESIAN_POINT('',(7.82766986384871,-3.814,3.49265343457915));
#12004=CARTESIAN_POINT('',(11.7645845677487,-3.814,3.49265343457915));
#12005=CARTESIAN_POINT('',(7.51012721579872,-3.264,3.49265343457915));
#12006=CARTESIAN_POINT('',(7.82766986384871,-3.814,3.49265343457915));
#12007=CARTESIAN_POINT('',(7.51012721579872,3.3528,3.49265343457915));
#12008=CARTESIAN_POINT('',(7.51012721579872,3.3528,3.49265343457915));
#12009=CARTESIAN_POINT('',(7.38312721579872,3.4798,3.49265343457914));
#12010=CARTESIAN_POINT('Origin',(7.38312721579872,3.3528,3.49265343457915));
#12011=CARTESIAN_POINT('',(6.30362721579872,3.4798,3.49265343457914));
#12012=CARTESIAN_POINT('',(11.3201272157987,8.0518,3.49265343457915));
#12013=CARTESIAN_POINT('',(11.3201272157987,8.0518,3.49265343457915));
#12014=CARTESIAN_POINT('',(12.0821272157987,7.2898,3.49265343457915));
#12015=CARTESIAN_POINT('Origin',(11.3201272157987,7.2898,3.49265343457915));
#12016=CARTESIAN_POINT('',(12.0821272157987,6.6548,3.49265343457915));
#12017=CARTESIAN_POINT('',(12.0821272157987,6.6548,3.49265343457915));
#12018=CARTESIAN_POINT('',(10.9391272157987,6.6548,3.49265343457915));
#12019=CARTESIAN_POINT('',(12.0821272157987,6.6548,3.49265343457915));
#12020=CARTESIAN_POINT('',(10.5581272157987,6.2738,3.49265343457914));
#12021=CARTESIAN_POINT('Origin',(10.9391272157987,6.2738,3.49265343457914));
#12022=CARTESIAN_POINT('',(10.5581272157987,5.2578,3.49265343457914));
#12023=CARTESIAN_POINT('',(10.5581272157987,6.2738,3.49265343457914));
#12024=CARTESIAN_POINT('',(10.9391272157987,4.8768,3.49265343457914));
#12025=CARTESIAN_POINT('Origin',(10.9391272157987,5.2578,3.49265343457914));
#12026=CARTESIAN_POINT('',(12.0821272157987,4.8768,3.49265343457914));
#12027=CARTESIAN_POINT('',(10.9391272157987,4.8768,3.49265343457914));
#12028=CARTESIAN_POINT('',(12.0821272157987,3.9878,3.49265343457914));
#12029=CARTESIAN_POINT('',(12.0821272157987,3.9878,3.49265343457914));
#12030=CARTESIAN_POINT('',(11.8281272157987,3.03985909488,3.49265343457915));
#12031=CARTESIAN_POINT('Origin',(12.0821272157987,3.4798,3.49265343457914));
#12032=CARTESIAN_POINT('',(11.8281272157987,1.37974090512,3.49265343457915));
#12033=CARTESIAN_POINT('',(11.8281272157987,3.03985909488,3.49265343457915));
#12034=CARTESIAN_POINT('',(12.0821272157987,0.431799999999998,3.49265343457915));
#12035=CARTESIAN_POINT('Origin',(12.0821272157987,0.9398,3.49265343457915));
#12036=CARTESIAN_POINT('',(12.0821272157987,-3.264,3.49265343457915));
#12037=CARTESIAN_POINT('Origin',(12.0821272157987,-3.264,4.00065343457914));
#12038=CARTESIAN_POINT('',(12.0821272157987,-3.264,4.00065343457914));
#12039=CARTESIAN_POINT('',(12.0821272157987,-3.264,4.00065343457914));
#12040=CARTESIAN_POINT('',(11.7645845677487,-3.814,4.00065343457914));
#12041=CARTESIAN_POINT('',(12.0821272157987,-3.264,4.00065343457914));
#12042=CARTESIAN_POINT('',(11.7645845677487,-3.814,4.00065343457914));
#12043=CARTESIAN_POINT('Origin',(12.0821272157987,-3.264,4.00065343457914));
#12044=CARTESIAN_POINT('',(12.0821272157987,-3.264,-3.49234656542085));
#12045=CARTESIAN_POINT('',(11.7645845677487,-3.814,-3.49234656542085));
#12046=CARTESIAN_POINT('',(12.0821272157987,-3.264,-3.49234656542085));
#12047=CARTESIAN_POINT('',(11.7645845677487,-3.814,-4.00034656542086));
#12048=CARTESIAN_POINT('',(11.7645845677487,-3.814,-3.49234656542085));
#12049=CARTESIAN_POINT('',(12.0821272157987,-3.264,-4.00034656542086));
#12050=CARTESIAN_POINT('',(12.0821272157987,-3.264,-4.00034656542086));
#12051=CARTESIAN_POINT('',(12.0821272157987,-3.264,-3.49234656542085));
#12052=CARTESIAN_POINT('Origin',(12.0821272157987,0.0503799999999965,3.44185103457914));
#12053=CARTESIAN_POINT('',(12.0821272157987,0.431799999999998,4.00065343457914));
#12054=CARTESIAN_POINT('',(12.0821272157987,0.431799999999998,4.00065343457914));
#12055=CARTESIAN_POINT('',(12.0821272157987,-3.264,4.00065343457914));
#12056=CARTESIAN_POINT('Origin',(3.48228996411572,6.71695100238,4.00065343457914));
#12057=CARTESIAN_POINT('',(11.8281272157987,1.37974090512,4.00065343457914));
#12058=CARTESIAN_POINT('Origin',(12.0821272157987,0.9398,4.00065343457914));
#12059=CARTESIAN_POINT('',(11.8281272157987,3.03985909488,4.00065343457914));
#12060=CARTESIAN_POINT('',(11.8281272157987,1.37974090512,4.00065343457914));
#12061=CARTESIAN_POINT('',(12.0821272157987,3.9878,4.00065343457914));
#12062=CARTESIAN_POINT('Origin',(12.0821272157987,3.4798,4.00065343457914));
#12063=CARTESIAN_POINT('',(12.0821272157987,4.8768,4.00065343457914));
#12064=CARTESIAN_POINT('',(12.0821272157987,4.8768,4.00065343457914));
#12065=CARTESIAN_POINT('',(10.9391272157987,4.8768,4.00065343457914));
#12066=CARTESIAN_POINT('',(12.0821272157987,4.8768,4.00065343457914));
#12067=CARTESIAN_POINT('',(10.5581272157987,5.2578,4.00065343457914));
#12068=CARTESIAN_POINT('Origin',(10.9391272157987,5.2578,4.00065343457914));
#12069=CARTESIAN_POINT('',(10.5581272157987,6.2738,4.00065343457914));
#12070=CARTESIAN_POINT('',(10.5581272157987,5.2578,4.00065343457914));
#12071=CARTESIAN_POINT('',(10.9391272157987,6.6548,4.00065343457914));
#12072=CARTESIAN_POINT('Origin',(10.9391272157987,6.2738,4.00065343457914));
#12073=CARTESIAN_POINT('',(12.0821272157987,6.6548,4.00065343457914));
#12074=CARTESIAN_POINT('',(10.9391272157987,6.6548,4.00065343457914));
#12075=CARTESIAN_POINT('',(12.0821272157987,7.2898,4.00065343457914));
#12076=CARTESIAN_POINT('',(12.0821272157987,7.2898,4.00065343457914));
#12077=CARTESIAN_POINT('',(11.3201272157987,8.0518,4.00065343457914));
#12078=CARTESIAN_POINT('Origin',(11.3201272157987,7.2898,4.00065343457914));
#12079=CARTESIAN_POINT('',(6.30362721579872,8.0518,4.00065343457914));
#12080=CARTESIAN_POINT('',(7.38312721579872,3.4798,4.00065343457914));
#12081=CARTESIAN_POINT('',(7.38312721579872,3.4798,4.00065343457914));
#12082=CARTESIAN_POINT('',(7.51012721579872,3.3528,4.00065343457914));
#12083=CARTESIAN_POINT('Origin',(7.38312721579872,3.3528,4.00065343457914));
#12084=CARTESIAN_POINT('',(7.51012721579872,-3.264,4.00065343457914));
#12085=CARTESIAN_POINT('',(7.51012721579872,-3.264,4.00065343457914));
#12086=CARTESIAN_POINT('',(7.82766986384871,-3.814,4.00065343457914));
#12087=CARTESIAN_POINT('',(7.82766986384871,-3.814,4.00065343457914));
#12088=CARTESIAN_POINT('',(11.7645845677487,-3.814,4.00065343457914));
#12089=CARTESIAN_POINT('Origin',(11.7645845677487,-3.814,4.00065343457914));
#12090=CARTESIAN_POINT('',(7.82766986384871,-3.814,4.00065343457914));
#12091=CARTESIAN_POINT('Origin',(11.7645845677487,-3.814,4.00065343457914));
#12092=CARTESIAN_POINT('',(7.82766986384871,-3.814,-3.49234656542085));
#12093=CARTESIAN_POINT('',(11.7645845677487,-3.814,-3.49234656542085));
#12094=CARTESIAN_POINT('',(7.82766986384871,-3.814,-4.00034656542086));
#12095=CARTESIAN_POINT('',(7.82766986384871,-3.814,-3.49234656542085));
#12096=CARTESIAN_POINT('',(11.7645845677487,-3.814,-4.00034656542086));
#12097=CARTESIAN_POINT('Origin',(7.82766986384871,-3.814,4.00065343457914));
#12098=CARTESIAN_POINT('',(7.51012721579872,-3.264,3.49265343457915));
#12099=CARTESIAN_POINT('Origin',(7.82766986384871,-3.814,4.00065343457914));
#12100=CARTESIAN_POINT('',(7.51012721579872,-3.264,-3.49234656542085));
#12101=CARTESIAN_POINT('',(7.82766986384871,-3.814,-3.49234656542085));
#12102=CARTESIAN_POINT('',(7.51012721579872,-3.264,-4.00034656542086));
#12103=CARTESIAN_POINT('',(7.51012721579872,-3.264,-4.00034656542086));
#12104=CARTESIAN_POINT('',(7.82766986384871,-3.814,-4.00034656542086));
#12105=CARTESIAN_POINT('Origin',(7.51012721579872,3.4798,3.49265343457914));
#12106=CARTESIAN_POINT('',(7.51012721579872,3.3528,3.49265343457915));
#12107=CARTESIAN_POINT('Origin',(7.38312721579872,3.3528,3.49265343457915));
#12108=CARTESIAN_POINT('',(7.38312721579872,3.4798,4.00065343457914));
#12109=CARTESIAN_POINT('Origin',(10.3257010843987,3.4798,3.49265343457914));
#12110=CARTESIAN_POINT('Origin',(3.48228996411572,6.71695100238,-3.49234656542085));
#12111=CARTESIAN_POINT('',(12.0821272157987,0.431799999999998,-3.49234656542085));
#12112=CARTESIAN_POINT('',(12.0821272157987,-3.264,-3.49234656542085));
#12113=CARTESIAN_POINT('',(11.8281272157987,1.37974090512,-3.49234656542085));
#12114=CARTESIAN_POINT('Origin',(12.0821272157987,0.939799999999999,-3.49234656542085));
#12115=CARTESIAN_POINT('',(11.8281272157987,3.03985909488,-3.49234656542085));
#12116=CARTESIAN_POINT('',(11.8281272157987,1.37974090512,-3.49234656542085));
#12117=CARTESIAN_POINT('',(12.0821272157987,3.9878,-3.49234656542085));
#12118=CARTESIAN_POINT('Origin',(12.0821272157987,3.4798,-3.49234656542085));
#12119=CARTESIAN_POINT('',(12.0821272157987,4.8768,-3.49234656542085));
#12120=CARTESIAN_POINT('',(12.0821272157987,4.8768,-3.49234656542085));
#12121=CARTESIAN_POINT('',(10.9391272157987,4.8768,-3.49234656542085));
#12122=CARTESIAN_POINT('',(12.0821272157987,4.8768,-3.49234656542085));
#12123=CARTESIAN_POINT('',(10.5581272157987,5.2578,-3.49234656542085));
#12124=CARTESIAN_POINT('Origin',(10.9391272157987,5.2578,-3.49234656542085));
#12125=CARTESIAN_POINT('',(10.5581272157987,6.2738,-3.49234656542085));
#12126=CARTESIAN_POINT('',(10.5581272157987,5.2578,-3.49234656542085));
#12127=CARTESIAN_POINT('',(10.9391272157987,6.6548,-3.49234656542085));
#12128=CARTESIAN_POINT('Origin',(10.9391272157987,6.2738,-3.49234656542085));
#12129=CARTESIAN_POINT('',(12.0821272157987,6.6548,-3.49234656542085));
#12130=CARTESIAN_POINT('',(10.9391272157987,6.6548,-3.49234656542085));
#12131=CARTESIAN_POINT('',(12.0821272157987,7.2898,-3.49234656542085));
#12132=CARTESIAN_POINT('',(12.0821272157987,7.2898,-3.49234656542085));
#12133=CARTESIAN_POINT('',(11.3201272157987,8.0518,-3.49234656542085));
#12134=CARTESIAN_POINT('Origin',(11.3201272157987,7.2898,-3.49234656542085));
#12135=CARTESIAN_POINT('',(6.30362721579872,8.0518,-3.49234656542085));
#12136=CARTESIAN_POINT('',(7.38312721579872,3.4798,-3.49234656542085));
#12137=CARTESIAN_POINT('',(7.38312721579872,3.4798,-3.49234656542085));
#12138=CARTESIAN_POINT('',(7.51012721579872,3.3528,-3.49234656542085));
#12139=CARTESIAN_POINT('Origin',(7.38312721579872,3.3528,-3.49234656542085));
#12140=CARTESIAN_POINT('',(7.51012721579872,-3.264,-3.49234656542085));
#12141=CARTESIAN_POINT('Origin',(7.51012721579872,3.4798,-4.00034656542086));
#12142=CARTESIAN_POINT('',(7.51012721579872,3.3528,-4.00034656542086));
#12143=CARTESIAN_POINT('',(7.51012721579872,3.3528,-4.00034656542086));
#12144=CARTESIAN_POINT('',(7.51012721579872,3.3528,-4.00034656542086));
#12145=CARTESIAN_POINT('Origin',(3.48228996411572,4.81464899762,-4.00034656542086));
#12146=CARTESIAN_POINT('',(7.38312721579872,3.4798,-4.00034656542086));
#12147=CARTESIAN_POINT('Origin',(7.38312721579872,3.3528,-4.00034656542086));
#12148=CARTESIAN_POINT('',(6.30362721579872,3.4798,-4.00034656542086));
#12149=CARTESIAN_POINT('',(11.3201272157987,8.0518,-4.00034656542086));
#12150=CARTESIAN_POINT('',(11.3201272157987,8.0518,-4.00034656542086));
#12151=CARTESIAN_POINT('',(12.0821272157987,7.2898,-4.00034656542086));
#12152=CARTESIAN_POINT('Origin',(11.3201272157987,7.2898,-4.00034656542086));
#12153=CARTESIAN_POINT('',(12.0821272157987,6.6548,-4.00034656542086));
#12154=CARTESIAN_POINT('',(12.0821272157987,6.6548,-4.00034656542086));
#12155=CARTESIAN_POINT('',(10.9391272157987,6.6548,-4.00034656542086));
#12156=CARTESIAN_POINT('',(12.0821272157987,6.6548,-4.00034656542086));
#12157=CARTESIAN_POINT('',(10.5581272157987,6.2738,-4.00034656542086));
#12158=CARTESIAN_POINT('Origin',(10.9391272157987,6.2738,-4.00034656542086));
#12159=CARTESIAN_POINT('',(10.5581272157987,5.2578,-4.00034656542086));
#12160=CARTESIAN_POINT('',(10.5581272157987,6.2738,-4.00034656542086));
#12161=CARTESIAN_POINT('',(10.9391272157987,4.8768,-4.00034656542086));
#12162=CARTESIAN_POINT('Origin',(10.9391272157987,5.2578,-4.00034656542086));
#12163=CARTESIAN_POINT('',(12.0821272157987,4.8768,-4.00034656542086));
#12164=CARTESIAN_POINT('',(10.9391272157987,4.8768,-4.00034656542086));
#12165=CARTESIAN_POINT('',(12.0821272157987,3.9878,-4.00034656542086));
#12166=CARTESIAN_POINT('',(12.0821272157987,3.9878,-4.00034656542086));
#12167=CARTESIAN_POINT('',(11.8281272157987,3.03985909488,-4.00034656542086));
#12168=CARTESIAN_POINT('Origin',(12.0821272157987,3.4798,-4.00034656542086));
#12169=CARTESIAN_POINT('',(11.8281272157987,1.37974090512,-4.00034656542086));
#12170=CARTESIAN_POINT('',(11.8281272157987,3.03985909488,-4.00034656542086));
#12171=CARTESIAN_POINT('',(12.0821272157987,0.431799999999998,-4.00034656542086));
#12172=CARTESIAN_POINT('Origin',(12.0821272157987,0.939799999999999,-4.00034656542086));
#12173=CARTESIAN_POINT('',(12.0821272157987,-3.264,-4.00034656542086));
#12174=CARTESIAN_POINT('Origin',(12.0821272157987,0.0503799999999965,-4.05114896542085));
#12175=CARTESIAN_POINT('',(12.0821272157987,0.431799999999998,-3.49234656542085));
#12176=CARTESIAN_POINT('Origin',(12.0821272157987,0.939799999999999,-3.44154416542086));
#12177=CARTESIAN_POINT('',(11.8281272157987,1.37974090512,-4.00034656542086));
#12178=CARTESIAN_POINT('Origin',(11.8281272157987,3.03985909488,-3.44154416542086));
#12179=CARTESIAN_POINT('',(11.8281272157987,3.03985909488,-3.49234656542085));
#12180=CARTESIAN_POINT('Origin',(12.0821272157987,3.4798,-3.44154416542086));
#12181=CARTESIAN_POINT('',(12.0821272157987,3.9878,-4.00034656542086));
#12182=CARTESIAN_POINT('Origin',(12.0821272157987,0.0503799999999965,-4.05114896542085));
#12183=CARTESIAN_POINT('',(12.0821272157987,4.8768,-3.49234656542085));
#12184=CARTESIAN_POINT('Origin',(10.9391272157987,4.8768,-3.44154416542086));
#12185=CARTESIAN_POINT('',(10.9391272157987,4.8768,-3.49234656542085));
#12186=CARTESIAN_POINT('Origin',(10.9391272157987,5.2578,-3.44154416542086));
#12187=CARTESIAN_POINT('',(10.5581272157987,5.2578,-4.00034656542086));
#12188=CARTESIAN_POINT('Origin',(10.5581272157987,6.2738,-3.44154416542086));
#12189=CARTESIAN_POINT('',(10.5581272157987,6.2738,-3.49234656542085));
#12190=CARTESIAN_POINT('Origin',(10.9391272157987,6.2738,-3.44154416542086));
#12191=CARTESIAN_POINT('',(10.9391272157987,6.6548,-4.00034656542086));
#12192=CARTESIAN_POINT('Origin',(13.5954582157987,6.6548,-3.44154416542086));
#12193=CARTESIAN_POINT('',(12.0821272157987,6.6548,-4.00034656542086));
#12194=CARTESIAN_POINT('Origin',(12.0821272157987,0.0503799999999965,-4.05114896542085));
#12195=CARTESIAN_POINT('',(12.0821272157987,7.2898,-3.49234656542085));
#12196=CARTESIAN_POINT('Origin',(11.3201272157987,7.2898,-4.00034656542086));
#12197=CARTESIAN_POINT('',(11.3201272157987,8.0518,-4.00034656542086));
#12198=CARTESIAN_POINT('Origin',(10.3257010843987,8.0518,-4.00034656542086));
#12199=CARTESIAN_POINT('Origin',(10.3257010843987,3.4798,-4.00034656542086));
#12200=CARTESIAN_POINT('',(7.38312721579872,3.4798,-3.49234656542085));
#12201=CARTESIAN_POINT('Origin',(7.38312721579872,3.3528,-4.00034656542086));
#12202=CARTESIAN_POINT('Origin',(10.3257010843987,8.0518,3.49265343457915));
#12203=CARTESIAN_POINT('',(11.3201272157987,8.0518,3.49265343457915));
#12204=CARTESIAN_POINT('Origin',(11.3201272157987,7.2898,3.49265343457915));
#12205=CARTESIAN_POINT('',(12.0821272157987,7.2898,4.00065343457914));
#12206=CARTESIAN_POINT('Origin',(12.0821272157987,0.0503799999999965,3.44185103457914));
#12207=CARTESIAN_POINT('',(12.0821272157987,6.6548,3.49265343457915));
#12208=CARTESIAN_POINT('Origin',(13.5954582157987,6.6548,4.05145583457914));
#12209=CARTESIAN_POINT('',(10.9391272157987,6.6548,3.49265343457915));
#12210=CARTESIAN_POINT('Origin',(10.9391272157987,6.2738,4.05145583457914));
#12211=CARTESIAN_POINT('',(10.5581272157987,6.2738,4.00065343457914));
#12212=CARTESIAN_POINT('Origin',(10.5581272157987,6.2738,4.05145583457914));
#12213=CARTESIAN_POINT('',(10.5581272157987,5.2578,3.49265343457914));
#12214=CARTESIAN_POINT('Origin',(10.9391272157987,5.2578,4.05145583457914));
#12215=CARTESIAN_POINT('',(10.9391272157987,4.8768,4.00065343457914));
#12216=CARTESIAN_POINT('Origin',(10.9391272157987,4.8768,4.05145583457914));
#12217=CARTESIAN_POINT('',(12.0821272157987,4.8768,4.00065343457914));
#12218=CARTESIAN_POINT('Origin',(12.0821272157987,0.0503799999999965,3.44185103457914));
#12219=CARTESIAN_POINT('',(12.0821272157987,3.9878,3.49265343457914));
#12220=CARTESIAN_POINT('Origin',(12.0821272157987,3.4798,4.05145583457914));
#12221=CARTESIAN_POINT('',(11.8281272157987,3.03985909488,4.00065343457914));
#12222=CARTESIAN_POINT('Origin',(11.8281272157987,3.03985909488,4.05145583457914));
#12223=CARTESIAN_POINT('',(11.8281272157987,1.37974090512,3.49265343457915));
#12224=CARTESIAN_POINT('Origin',(12.0821272157987,0.9398,4.05145583457914));
#12225=CARTESIAN_POINT('Origin',(5.92262721579872,5.27032635419,7.42965343457914));
#12226=CARTESIAN_POINT('',(5.92262721579872,3.0988,7.04865343457914));
#12227=CARTESIAN_POINT('Origin',(5.92262721579872,3.0988,7.42965343457914));
#12228=CARTESIAN_POINT('',(5.92262721579872,3.8608,7.04865343457914));
#12229=CARTESIAN_POINT('',(5.92262721579872,3.0988,7.04865343457914));
#12230=CARTESIAN_POINT('Origin',(5.92262721579872,3.8608,7.42965343457914));
#12231=CARTESIAN_POINT('Origin',(5.92262721579872,3.8608,6.66765343457914));
#12232=CARTESIAN_POINT('',(5.92262721579872,4.2418,6.66765343457914));
#12233=CARTESIAN_POINT('Origin',(5.92262721579872,3.8608,6.66765343457914));
#12234=CARTESIAN_POINT('Origin',(5.92262721579872,4.6228,6.66765343457914));
#12235=CARTESIAN_POINT('Origin',(5.92262721579872,4.6228,3.73125809989915));
#12236=CARTESIAN_POINT('',(5.92262721579872,4.2418,5.27065343457914));
#12237=CARTESIAN_POINT('',(5.92262721579872,4.2418,6.66765343457914));
#12238=CARTESIAN_POINT('Origin',(5.92262721579872,4.6228,5.27065343457914));
#12239=CARTESIAN_POINT('Origin',(5.92262721579872,3.8608,5.27065343457914));
#12240=CARTESIAN_POINT('',(5.92262721579872,3.8608,4.88965343457914));
#12241=CARTESIAN_POINT('Origin',(5.92262721579872,3.8608,5.27065343457914));
#12242=CARTESIAN_POINT('Origin',(5.92262721579872,3.8608,4.50865343457914));
#12243=CARTESIAN_POINT('Origin',(5.92262721579872,5.27032635419,4.50865343457914));
#12244=CARTESIAN_POINT('',(5.92262721579872,3.0988,4.88965343457914));
#12245=CARTESIAN_POINT('',(5.92262721579872,3.8608,4.88965343457914));
#12246=CARTESIAN_POINT('Origin',(5.92262721579872,3.0988,4.50865343457914));
#12247=CARTESIAN_POINT('Origin',(5.92262721579872,3.0988,5.27065343457914));
#12248=CARTESIAN_POINT('',(5.92262721579872,2.7178,5.27065343457914));
#12249=CARTESIAN_POINT('Origin',(5.92262721579872,3.0988,5.27065343457914));
#12250=CARTESIAN_POINT('Origin',(5.92262721579872,2.3368,5.27065343457914));
#12251=CARTESIAN_POINT('Origin',(5.92262721579872,2.3368,3.73125809989915));
#12252=CARTESIAN_POINT('',(5.92262721579872,2.7178,6.66765343457914));
#12253=CARTESIAN_POINT('',(5.92262721579872,2.7178,5.27065343457914));
#12254=CARTESIAN_POINT('Origin',(5.92262721579872,2.3368,6.66765343457914));
#12255=CARTESIAN_POINT('Origin',(5.92262721579872,3.0988,6.66765343457914));
#12256=CARTESIAN_POINT('Origin',(5.92262721579872,3.0988,6.66765343457914));
#12257=CARTESIAN_POINT('Origin',(5.92262721579872,5.7658,0.00015343457914206));
#12258=CARTESIAN_POINT('Origin',(5.92262721579872,8.4328,2.22265343457915));
#12259=CARTESIAN_POINT('',(5.92262721579872,8.4328,2.60365343457914));
#12260=CARTESIAN_POINT('Origin',(5.92262721579872,8.4328,2.98465343457914));
#12261=CARTESIAN_POINT('',(5.92262721579872,8.8138,2.22265343457915));
#12262=CARTESIAN_POINT('Origin',(5.92262721579872,8.4328,2.22265343457915));
#12263=CARTESIAN_POINT('Origin',(5.92262721579872,9.1948,2.22265343457915));
#12264=CARTESIAN_POINT('Origin',(5.92262721579872,9.1948,3.73125809989915));
#12265=CARTESIAN_POINT('',(5.92262721579872,8.8138,0.825653434579145));
#12266=CARTESIAN_POINT('',(5.92262721579872,8.8138,2.22265343457915));
#12267=CARTESIAN_POINT('Origin',(5.92262721579872,9.1948,0.825653434579145));
#12268=CARTESIAN_POINT('Origin',(5.92262721579872,8.4328,0.825653434579145));
#12269=CARTESIAN_POINT('',(5.92262721579872,8.4328,0.444653434579145));
#12270=CARTESIAN_POINT('Origin',(5.92262721579872,8.4328,0.825653434579145));
#12271=CARTESIAN_POINT('Origin',(5.92262721579872,8.4328,0.0636534345791447));
#12272=CARTESIAN_POINT('Origin',(5.92262721579872,5.27032635419,0.0636534345791451));
#12273=CARTESIAN_POINT('',(5.92262721579872,7.6708,0.444653434579145));
#12274=CARTESIAN_POINT('',(5.92262721579872,8.4328,0.444653434579145));
#12275=CARTESIAN_POINT('Origin',(5.92262721579872,7.6708,0.0636534345791448));
#12276=CARTESIAN_POINT('Origin',(5.92262721579872,7.6708,0.825653434579145));
#12277=CARTESIAN_POINT('',(5.92262721579872,7.2898,0.825653434579145));
#12278=CARTESIAN_POINT('Origin',(5.92262721579872,7.6708,0.825653434579145));
#12279=CARTESIAN_POINT('Origin',(5.92262721579872,6.9088,0.825653434579145));
#12280=CARTESIAN_POINT('Origin',(5.92262721579872,6.9088,3.73125809989915));
#12281=CARTESIAN_POINT('',(5.92262721579872,7.2898,2.22265343457915));
#12282=CARTESIAN_POINT('',(5.92262721579872,7.2898,0.825653434579145));
#12283=CARTESIAN_POINT('Origin',(5.92262721579872,6.9088,2.22265343457915));
#12284=CARTESIAN_POINT('Origin',(5.92262721579872,7.6708,2.22265343457915));
#12285=CARTESIAN_POINT('',(5.92262721579872,7.6708,2.60365343457914));
#12286=CARTESIAN_POINT('Origin',(5.92262721579872,7.6708,2.22265343457915));
#12287=CARTESIAN_POINT('Origin',(5.92262721579872,7.6708,2.98465343457914));
#12288=CARTESIAN_POINT('Origin',(5.92262721579872,5.27032635419,2.98465343457914));
#12289=CARTESIAN_POINT('',(5.92262721579872,7.6708,2.60365343457914));
#12290=CARTESIAN_POINT('Origin',(5.92262721579872,5.7658,0.00015343457914206));
#12291=CARTESIAN_POINT('Origin',(5.92262721579872,3.0988,0.825653434579146));
#12292=CARTESIAN_POINT('',(5.92262721579872,3.0988,0.444653434579146));
#12293=CARTESIAN_POINT('Origin',(5.92262721579872,3.0988,0.0636534345791454));
#12294=CARTESIAN_POINT('',(5.92262721579872,2.7178,0.825653434579146));
#12295=CARTESIAN_POINT('Origin',(5.92262721579872,3.0988,0.825653434579146));
#12296=CARTESIAN_POINT('Origin',(5.92262721579872,2.3368,0.825653434579146));
#12297=CARTESIAN_POINT('Origin',(5.92262721579872,2.3368,3.73125809989915));
#12298=CARTESIAN_POINT('',(5.92262721579872,2.7178,2.22265343457915));
#12299=CARTESIAN_POINT('',(5.92262721579872,2.7178,0.825653434579146));
#12300=CARTESIAN_POINT('Origin',(5.92262721579872,2.3368,2.22265343457915));
#12301=CARTESIAN_POINT('Origin',(5.92262721579872,3.0988,2.22265343457915));
#12302=CARTESIAN_POINT('',(5.92262721579872,3.0988,2.60365343457914));
#12303=CARTESIAN_POINT('Origin',(5.92262721579872,3.0988,2.22265343457915));
#12304=CARTESIAN_POINT('Origin',(5.92262721579872,3.0988,2.98465343457914));
#12305=CARTESIAN_POINT('Origin',(5.92262721579872,5.27032635419,2.98465343457914));
#12306=CARTESIAN_POINT('',(5.92262721579872,3.8608,2.60365343457914));
#12307=CARTESIAN_POINT('',(5.92262721579872,3.0988,2.60365343457914));
#12308=CARTESIAN_POINT('Origin',(5.92262721579872,3.8608,2.98465343457914));
#12309=CARTESIAN_POINT('Origin',(5.92262721579872,3.8608,2.22265343457915));
#12310=CARTESIAN_POINT('',(5.92262721579872,4.2418,2.22265343457915));
#12311=CARTESIAN_POINT('Origin',(5.92262721579872,3.8608,2.22265343457915));
#12312=CARTESIAN_POINT('Origin',(5.92262721579872,4.6228,2.22265343457915));
#12313=CARTESIAN_POINT('Origin',(5.92262721579872,4.6228,3.73125809989915));
#12314=CARTESIAN_POINT('',(5.92262721579872,4.2418,0.825653434579146));
#12315=CARTESIAN_POINT('',(5.92262721579872,4.2418,2.22265343457915));
#12316=CARTESIAN_POINT('Origin',(5.92262721579872,4.6228,0.825653434579146));
#12317=CARTESIAN_POINT('Origin',(5.92262721579872,3.8608,0.825653434579146));
#12318=CARTESIAN_POINT('',(5.92262721579872,3.8608,0.444653434579146));
#12319=CARTESIAN_POINT('Origin',(5.92262721579872,3.8608,0.825653434579146));
#12320=CARTESIAN_POINT('Origin',(5.92262721579872,3.8608,0.0636534345791453));
#12321=CARTESIAN_POINT('Origin',(5.92262721579872,5.27032635419,0.0636534345791451));
#12322=CARTESIAN_POINT('',(5.92262721579872,3.8608,0.444653434579146));
#12323=CARTESIAN_POINT('Origin',(5.92262721579872,5.7658,0.00015343457914206));
#12324=CARTESIAN_POINT('Origin',(5.92262721579872,5.27032635419,7.42965343457914));
#12325=CARTESIAN_POINT('',(5.92262721579872,7.6708,7.04865343457914));
#12326=CARTESIAN_POINT('Origin',(5.92262721579872,7.6708,7.42965343457914));
#12327=CARTESIAN_POINT('',(5.92262721579872,8.4328,7.04865343457914));
#12328=CARTESIAN_POINT('',(5.92262721579872,7.6708,7.04865343457914));
#12329=CARTESIAN_POINT('Origin',(5.92262721579872,8.4328,7.42965343457914));
#12330=CARTESIAN_POINT('Origin',(5.92262721579872,8.4328,6.66765343457914));
#12331=CARTESIAN_POINT('',(5.92262721579872,8.8138,6.66765343457915));
#12332=CARTESIAN_POINT('Origin',(5.92262721579872,8.4328,6.66765343457914));
#12333=CARTESIAN_POINT('Origin',(5.92262721579872,9.1948,6.66765343457915));
#12334=CARTESIAN_POINT('Origin',(5.92262721579872,9.1948,3.73125809989915));
#12335=CARTESIAN_POINT('',(5.92262721579872,8.8138,5.27065343457914));
#12336=CARTESIAN_POINT('',(5.92262721579872,8.8138,6.66765343457915));
#12337=CARTESIAN_POINT('Origin',(5.92262721579872,9.1948,5.27065343457914));
#12338=CARTESIAN_POINT('Origin',(5.92262721579872,8.4328,5.27065343457914));
#12339=CARTESIAN_POINT('',(5.92262721579872,8.4328,4.88965343457914));
#12340=CARTESIAN_POINT('Origin',(5.92262721579872,8.4328,5.27065343457914));
#12341=CARTESIAN_POINT('Origin',(5.92262721579872,8.4328,4.50865343457914));
#12342=CARTESIAN_POINT('Origin',(5.92262721579872,5.27032635419,4.50865343457914));
#12343=CARTESIAN_POINT('',(5.92262721579872,7.6708,4.88965343457914));
#12344=CARTESIAN_POINT('',(5.92262721579872,8.4328,4.88965343457914));
#12345=CARTESIAN_POINT('Origin',(5.92262721579872,7.6708,4.50865343457914));
#12346=CARTESIAN_POINT('Origin',(5.92262721579872,7.6708,5.27065343457914));
#12347=CARTESIAN_POINT('',(5.92262721579872,7.2898,5.27065343457914));
#12348=CARTESIAN_POINT('Origin',(5.92262721579872,7.6708,5.27065343457914));
#12349=CARTESIAN_POINT('Origin',(5.92262721579872,6.9088,5.27065343457914));
#12350=CARTESIAN_POINT('Origin',(5.92262721579872,6.9088,3.73125809989915));
#12351=CARTESIAN_POINT('',(5.92262721579872,7.2898,6.66765343457914));
#12352=CARTESIAN_POINT('',(5.92262721579872,7.2898,5.27065343457914));
#12353=CARTESIAN_POINT('Origin',(5.92262721579872,6.9088,6.66765343457914));
#12354=CARTESIAN_POINT('Origin',(5.92262721579872,7.6708,6.66765343457914));
#12355=CARTESIAN_POINT('Origin',(5.92262721579872,7.6708,6.66765343457914));
#12356=CARTESIAN_POINT('Origin',(5.92262721579872,5.7658,0.00015343457914206));
#12357=CARTESIAN_POINT('Origin',(5.92262721579872,3.8608,-2.22234656542086));
#12358=CARTESIAN_POINT('',(5.92262721579872,3.8608,-2.60334656542086));
#12359=CARTESIAN_POINT('',(5.92262721579872,4.2418,-2.22234656542086));
#12360=CARTESIAN_POINT('Origin',(5.92262721579872,3.8608,-2.22234656542086));
#12361=CARTESIAN_POINT('Origin',(5.92262721579872,3.8608,-2.98434656542086));
#12362=CARTESIAN_POINT('Origin',(5.92262721579872,4.6228,-2.22234656542086));
#12363=CARTESIAN_POINT('Origin',(5.92262721579872,5.7658,0.00015343457914206));
#12364=CARTESIAN_POINT('',(5.92262721579872,3.0988,-0.444346565420852));
#12365=CARTESIAN_POINT('',(5.92262721579872,2.7178,-0.825346565420852));
#12366=CARTESIAN_POINT('Origin',(5.92262721579872,3.0988,-0.825346565420852));
#12367=CARTESIAN_POINT('',(5.92262721579872,2.7178,-2.22234656542086));
#12368=CARTESIAN_POINT('',(5.92262721579872,2.7178,-2.22234656542086));
#12369=CARTESIAN_POINT('',(5.92262721579872,3.0988,-2.60334656542086));
#12370=CARTESIAN_POINT('Origin',(5.92262721579872,3.0988,-2.22234656542086));
#12371=CARTESIAN_POINT('',(5.92262721579872,3.8608,-2.60334656542086));
#12372=CARTESIAN_POINT('',(5.92262721579872,4.2418,-0.825346565420852));
#12373=CARTESIAN_POINT('',(5.92262721579872,4.2418,-0.825346565420852));
#12374=CARTESIAN_POINT('',(5.92262721579872,3.8608,-0.444346565420852));
#12375=CARTESIAN_POINT('Origin',(5.92262721579872,3.8608,-0.825346565420852));
#12376=CARTESIAN_POINT('',(5.92262721579872,3.0988,-0.444346565420852));
#12377=CARTESIAN_POINT('Origin',(5.92262721579872,3.0988,-0.825346565420852));
#12378=CARTESIAN_POINT('Origin',(5.92262721579872,2.3368,-0.825346565420852));
#12379=CARTESIAN_POINT('Origin',(5.92262721579872,3.0988,-0.0633465654208517));
#12380=CARTESIAN_POINT('Origin',(5.92262721579872,5.27032635419,-0.063346565420852));
#12381=CARTESIAN_POINT('Origin',(5.92262721579872,3.8608,-0.0633465654208518));
#12382=CARTESIAN_POINT('Origin',(5.92262721579872,3.8608,-0.825346565420852));
#12383=CARTESIAN_POINT('Origin',(5.92262721579872,4.6228,-0.825346565420852));
#12384=CARTESIAN_POINT('Origin',(5.92262721579872,4.6228,3.73125809989915));
#12385=CARTESIAN_POINT('Origin',(5.92262721579872,2.3368,3.73125809989915));
#12386=CARTESIAN_POINT('Origin',(5.92262721579872,2.3368,-2.22234656542086));
#12387=CARTESIAN_POINT('Origin',(5.92262721579872,3.0988,-2.22234656542086));
#12388=CARTESIAN_POINT('Origin',(5.92262721579872,3.0988,-2.98434656542086));
#12389=CARTESIAN_POINT('Origin',(5.92262721579872,5.27032635419,-2.98434656542086));
#12390=UNCERTAINTY_MEASURE_WITH_UNIT(LENGTH_MEASURE(0.01),#12394,
'DISTANCE_ACCURACY_VALUE',
'Maximum model space distance between geometric entities at asserted c
onnectivities');
#12391=UNCERTAINTY_MEASURE_WITH_UNIT(LENGTH_MEASURE(0.01),#12394,
'DISTANCE_ACCURACY_VALUE',
'Maximum model space distance between geometric entities at asserted c
onnectivities');
#12392=(
GEOMETRIC_REPRESENTATION_CONTEXT(3)
GLOBAL_UNCERTAINTY_ASSIGNED_CONTEXT((#12390))
GLOBAL_UNIT_ASSIGNED_CONTEXT((#12394,#12396,#12397))
REPRESENTATION_CONTEXT('','3D')
);
#12393=(
GEOMETRIC_REPRESENTATION_CONTEXT(3)
GLOBAL_UNCERTAINTY_ASSIGNED_CONTEXT((#12391))
GLOBAL_UNIT_ASSIGNED_CONTEXT((#12394,#12396,#12397))
REPRESENTATION_CONTEXT('','3D')
);
#12394=(
LENGTH_UNIT()
NAMED_UNIT(*)
SI_UNIT(.MILLI.,.METRE.)
);
#12395=(
LENGTH_UNIT()
NAMED_UNIT(*)
SI_UNIT($,.METRE.)
);
#12396=(
NAMED_UNIT(*)
PLANE_ANGLE_UNIT()
SI_UNIT($,.RADIAN.)
);
#12397=(
NAMED_UNIT(*)
SI_UNIT($,.STERADIAN.)
SOLID_ANGLE_UNIT()
);
#12398=SHAPE_DEFINITION_REPRESENTATION(#12399,#12400);
#12399=PRODUCT_DEFINITION_SHAPE('',$,#12402);
#12400=SHAPE_REPRESENTATION('',(#7524),#12392);
#12401=PRODUCT_DEFINITION_CONTEXT('part definition',#12406,'design');
#12402=PRODUCT_DEFINITION('Connector_1720430202',
'Connector_1720430202 v1',#12403,#12401);
#12403=PRODUCT_DEFINITION_FORMATION('',$,#12408);
#12404=PRODUCT_RELATED_PRODUCT_CATEGORY('Connector_1720430202 v1',
'Connector_1720430202 v1',(#12408));
#12405=APPLICATION_PROTOCOL_DEFINITION('international standard',
'automotive_design',2009,#12406);
#12406=APPLICATION_CONTEXT(
'Core Data for Automotive Mechanical Design Process');
#12407=PRODUCT_CONTEXT('part definition',#12406,'mechanical');
#12408=PRODUCT('Connector_1720430202','Connector_1720430202 v1',$,(#12407));
#12409=PRESENTATION_STYLE_ASSIGNMENT((#12410));
#12410=SURFACE_STYLE_USAGE(.BOTH.,#12411);
#12411=SURFACE_SIDE_STYLE('',(#12412));
#12412=SURFACE_STYLE_FILL_AREA(#12413);
#12413=FILL_AREA_STYLE('Steel - Satin',(#12414));
#12414=FILL_AREA_STYLE_COLOUR('Steel - Satin',#12415);
#12415=COLOUR_RGB('Steel - Satin',0.627450980392157,0.627450980392157,0.627450980392157);
ENDSEC;
END-ISO-10303-21;
