ISO-10303-21;
HEADER;
/* Generated by software containing ST-Developer
 * from STEP Tools, Inc. (www.steptools.com) 
 */

FILE_DESCRIPTION(
/* description */ (''),
/* implementation_level */ '2;1');

FILE_NAME(
/* name */ 
'C:/Users/Clement Hathaway/Github/uBMS-2/3D Models/PLCC6-LED.step',
/* time_stamp */ '2020-08-05T14:14:07-04:00',
/* author */ (''),
/* organization */ (''),
/* preprocessor_version */ 'ST-DEVELOPER v18.1',
/* originating_system */ 'Autodesk Translation Framework v9.3.0.1241',
/* authorisation */ '');

FILE_SCHEMA (('AUTOMOTIVE_DESIGN { 1 0 10303 214 3 1 1 }'));
ENDSEC;

DATA;
#10=MECHANICAL_DESIGN_GEOMETRIC_PRESENTATION_REPRESENTATION('',(#1336,#1337,
#1338,#1339,#1340,#1341,#1342,#1343,#1344,#1345,#1346,#1347,#1348,#1349,
#1350,#1351,#1352,#1353,#1354,#1355,#1356,#1357,#1358,#1359,#1360,#1361,
#1362,#1363,#1364,#1365,#1366,#1367,#1368,#1369,#1370,#1371,#1372,#1373,
#1374,#1375,#1376,#1377,#1378,#1379,#1380,#1381,#1382,#1383,#1384,#1385,
#1386,#1387,#1388,#1389),#2409);
#11=SHAPE_REPRESENTATION_RELATIONSHIP('SRR','None',#2416,#12);
#12=ADVANCED_BREP_SHAPE_REPRESENTATION('',(#17,#18),#2408);
#13=FACE_BOUND('',#487,.T.);
#14=FACE_BOUND('',#489,.T.);
#15=FACE_BOUND('',#490,.T.);
#16=FACE_BOUND('',#491,.T.);
#17=MANIFOLD_SOLID_BREP('Body1',#1465);
#18=MANIFOLD_SOLID_BREP('Body2',#1466);
#19=PLANE('',#1487);
#20=PLANE('',#1488);
#21=PLANE('',#1489);
#22=PLANE('',#1490);
#23=PLANE('',#1491);
#24=PLANE('',#1492);
#25=PLANE('',#1494);
#26=PLANE('',#1496);
#27=PLANE('',#1497);
#28=PLANE('',#1500);
#29=PLANE('',#1503);
#30=PLANE('',#1507);
#31=PLANE('',#1512);
#32=PLANE('',#1514);
#33=PLANE('',#1516);
#34=PLANE('',#1517);
#35=PLANE('',#1521);
#36=PLANE('',#1526);
#37=PLANE('',#1528);
#38=PLANE('',#1530);
#39=PLANE('',#1531);
#40=PLANE('',#1535);
#41=PLANE('',#1540);
#42=PLANE('',#1542);
#43=PLANE('',#1544);
#44=PLANE('',#1545);
#45=PLANE('',#1549);
#46=PLANE('',#1553);
#47=PLANE('',#1555);
#48=PLANE('',#1557);
#49=PLANE('',#1559);
#50=PLANE('',#1563);
#51=PLANE('',#1567);
#52=PLANE('',#1569);
#53=PLANE('',#1571);
#54=PLANE('',#1573);
#55=PLANE('',#1577);
#56=PLANE('',#1581);
#57=PLANE('',#1583);
#58=PLANE('',#1585);
#59=PLANE('',#1587);
#60=PLANE('',#1588);
#61=PLANE('',#1589);
#62=PLANE('',#1590);
#63=PLANE('',#1591);
#64=PLANE('',#1594);
#65=PLANE('',#1595);
#66=PLANE('',#1596);
#67=PLANE('',#1597);
#68=PLANE('',#1598);
#69=PLANE('',#1599);
#70=CONICAL_SURFACE('',#1485,1.8,0.785398163397464);
#71=CONICAL_SURFACE('',#1502,1.6,0.785398163397452);
#72=LINE('',#2006,#227);
#73=LINE('',#2009,#228);
#74=LINE('',#2015,#229);
#75=LINE('',#2017,#230);
#76=LINE('',#2019,#231);
#77=LINE('',#2021,#232);
#78=LINE('',#2023,#233);
#79=LINE('',#2025,#234);
#80=LINE('',#2027,#235);
#81=LINE('',#2029,#236);
#82=LINE('',#2031,#237);
#83=LINE('',#2033,#238);
#84=LINE('',#2035,#239);
#85=LINE('',#2037,#240);
#86=LINE('',#2039,#241);
#87=LINE('',#2041,#242);
#88=LINE('',#2043,#243);
#89=LINE('',#2044,#244);
#90=LINE('',#2048,#245);
#91=LINE('',#2050,#246);
#92=LINE('',#2051,#247);
#93=LINE('',#2053,#248);
#94=LINE('',#2054,#249);
#95=LINE('',#2058,#250);
#96=LINE('',#2060,#251);
#97=LINE('',#2062,#252);
#98=LINE('',#2064,#253);
#99=LINE('',#2066,#254);
#100=LINE('',#2068,#255);
#101=LINE('',#2069,#256);
#102=LINE('',#2071,#257);
#103=LINE('',#2073,#258);
#104=LINE('',#2075,#259);
#105=LINE('',#2077,#260);
#106=LINE('',#2079,#261);
#107=LINE('',#2081,#262);
#108=LINE('',#2083,#263);
#109=LINE('',#2085,#264);
#110=LINE('',#2087,#265);
#111=LINE('',#2088,#266);
#112=LINE('',#2090,#267);
#113=LINE('',#2091,#268);
#114=LINE('',#2093,#269);
#115=LINE('',#2099,#270);
#116=LINE('',#2100,#271);
#117=LINE('',#2102,#272);
#118=LINE('',#2104,#273);
#119=LINE('',#2105,#274);
#120=LINE('',#2107,#275);
#121=LINE('',#2109,#276);
#122=LINE('',#2110,#277);
#123=LINE('',#2112,#278);
#124=LINE('',#2114,#279);
#125=LINE('',#2115,#280);
#126=LINE('',#2117,#281);
#127=LINE('',#2119,#282);
#128=LINE('',#2120,#283);
#129=LINE('',#2122,#284);
#130=LINE('',#2124,#285);
#131=LINE('',#2125,#286);
#132=LINE('',#2126,#287);
#133=LINE('',#2129,#288);
#134=LINE('',#2131,#289);
#135=LINE('',#2133,#290);
#136=LINE('',#2134,#291);
#137=LINE('',#2139,#292);
#138=LINE('',#2141,#293);
#139=LINE('',#2143,#294);
#140=LINE('',#2144,#295);
#141=LINE('',#2146,#296);
#142=LINE('',#2151,#297);
#143=LINE('',#2156,#298);
#144=LINE('',#2161,#299);
#145=LINE('',#2165,#300);
#146=LINE('',#2168,#301);
#147=LINE('',#2171,#302);
#148=LINE('',#2175,#303);
#149=LINE('',#2179,#304);
#150=LINE('',#2182,#305);
#151=LINE('',#2184,#306);
#152=LINE('',#2186,#307);
#153=LINE('',#2188,#308);
#154=LINE('',#2190,#309);
#155=LINE('',#2196,#310);
#156=LINE('',#2200,#311);
#157=LINE('',#2203,#312);
#158=LINE('',#2206,#313);
#159=LINE('',#2210,#314);
#160=LINE('',#2214,#315);
#161=LINE('',#2217,#316);
#162=LINE('',#2219,#317);
#163=LINE('',#2221,#318);
#164=LINE('',#2223,#319);
#165=LINE('',#2225,#320);
#166=LINE('',#2231,#321);
#167=LINE('',#2235,#322);
#168=LINE('',#2238,#323);
#169=LINE('',#2241,#324);
#170=LINE('',#2245,#325);
#171=LINE('',#2249,#326);
#172=LINE('',#2252,#327);
#173=LINE('',#2254,#328);
#174=LINE('',#2256,#329);
#175=LINE('',#2258,#330);
#176=LINE('',#2260,#331);
#177=LINE('',#2264,#332);
#178=LINE('',#2268,#333);
#179=LINE('',#2272,#334);
#180=LINE('',#2276,#335);
#181=LINE('',#2280,#336);
#182=LINE('',#2284,#337);
#183=LINE('',#2287,#338);
#184=LINE('',#2289,#339);
#185=LINE('',#2291,#340);
#186=LINE('',#2293,#341);
#187=LINE('',#2295,#342);
#188=LINE('',#2299,#343);
#189=LINE('',#2303,#344);
#190=LINE('',#2307,#345);
#191=LINE('',#2311,#346);
#192=LINE('',#2315,#347);
#193=LINE('',#2319,#348);
#194=LINE('',#2322,#349);
#195=LINE('',#2324,#350);
#196=LINE('',#2326,#351);
#197=LINE('',#2328,#352);
#198=LINE('',#2330,#353);
#199=LINE('',#2334,#354);
#200=LINE('',#2338,#355);
#201=LINE('',#2342,#356);
#202=LINE('',#2346,#357);
#203=LINE('',#2350,#358);
#204=LINE('',#2354,#359);
#205=LINE('',#2357,#360);
#206=LINE('',#2359,#361);
#207=LINE('',#2361,#362);
#208=LINE('',#2363,#363);
#209=LINE('',#2365,#364);
#210=LINE('',#2369,#365);
#211=LINE('',#2371,#366);
#212=LINE('',#2372,#367);
#213=LINE('',#2375,#368);
#214=LINE('',#2376,#369);
#215=LINE('',#2379,#370);
#216=LINE('',#2380,#371);
#217=LINE('',#2382,#372);
#218=LINE('',#2387,#373);
#219=LINE('',#2391,#374);
#220=LINE('',#2393,#375);
#221=LINE('',#2394,#376);
#222=LINE('',#2397,#377);
#223=LINE('',#2398,#378);
#224=LINE('',#2401,#379);
#225=LINE('',#2402,#380);
#226=LINE('',#2404,#381);
#227=VECTOR('',#1612,1.8);
#228=VECTOR('',#1615,1.8);
#229=VECTOR('',#1622,0.9);
#230=VECTOR('',#1623,1.);
#231=VECTOR('',#1624,0.9);
#232=VECTOR('',#1625,0.8);
#233=VECTOR('',#1626,0.9);
#234=VECTOR('',#1627,1.);
#235=VECTOR('',#1628,0.9);
#236=VECTOR('',#1629,0.8);
#237=VECTOR('',#1630,0.9);
#238=VECTOR('',#1631,1.);
#239=VECTOR('',#1632,0.9);
#240=VECTOR('',#1633,0.2);
#241=VECTOR('',#1634,1.5);
#242=VECTOR('',#1635,5.);
#243=VECTOR('',#1636,1.5);
#244=VECTOR('',#1637,0.200000000000001);
#245=VECTOR('',#1640,0.8);
#246=VECTOR('',#1641,0.2);
#247=VECTOR('',#1642,4.2);
#248=VECTOR('',#1643,5.);
#249=VECTOR('',#1644,1.3);
#250=VECTOR('',#1647,1.);
#251=VECTOR('',#1648,0.9);
#252=VECTOR('',#1649,0.2);
#253=VECTOR('',#1650,1.5);
#254=VECTOR('',#1651,4.2);
#255=VECTOR('',#1652,0.2);
#256=VECTOR('',#1653,0.8);
#257=VECTOR('',#1654,0.2);
#258=VECTOR('',#1655,0.9);
#259=VECTOR('',#1656,1.);
#260=VECTOR('',#1657,0.9);
#261=VECTOR('',#1658,0.8);
#262=VECTOR('',#1659,0.9);
#263=VECTOR('',#1660,1.);
#264=VECTOR('',#1661,0.9);
#265=VECTOR('',#1662,0.8);
#266=VECTOR('',#1663,0.9);
#267=VECTOR('',#1666,5.);
#268=VECTOR('',#1667,5.);
#269=VECTOR('',#1670,1.13137084989848);
#270=VECTOR('',#1675,1.);
#271=VECTOR('',#1676,1.);
#272=VECTOR('',#1677,0.999999999999996);
#273=VECTOR('',#1678,1.);
#274=VECTOR('',#1679,1.);
#275=VECTOR('',#1680,0.999999999999996);
#276=VECTOR('',#1681,1.);
#277=VECTOR('',#1682,1.);
#278=VECTOR('',#1683,1.);
#279=VECTOR('',#1684,0.999999999999999);
#280=VECTOR('',#1685,1.);
#281=VECTOR('',#1686,1.);
#282=VECTOR('',#1687,0.999999999999999);
#283=VECTOR('',#1688,1.);
#284=VECTOR('',#1689,1.);
#285=VECTOR('',#1690,0.999999999999999);
#286=VECTOR('',#1691,1.);
#287=VECTOR('',#1692,0.999999999999996);
#288=VECTOR('',#1693,1.3);
#289=VECTOR('',#1694,1.6);
#290=VECTOR('',#1695,1.3);
#291=VECTOR('',#1696,1.6);
#292=VECTOR('',#1699,1.3);
#293=VECTOR('',#1700,1.6);
#294=VECTOR('',#1701,1.3);
#295=VECTOR('',#1702,1.6);
#296=VECTOR('',#1705,1.13137084989848);
#297=VECTOR('',#1712,1.8);
#298=VECTOR('',#1719,1.6);
#299=VECTOR('',#1724,1.05);
#300=VECTOR('',#1727,0.8);
#301=VECTOR('',#1730,0.15);
#302=VECTOR('',#1733,0.15);
#303=VECTOR('',#1736,0.8);
#304=VECTOR('',#1739,1.05);
#305=VECTOR('',#1744,1.);
#306=VECTOR('',#1747,1.);
#307=VECTOR('',#1750,1.);
#308=VECTOR('',#1753,1.);
#309=VECTOR('',#1756,1.);
#310=VECTOR('',#1763,1.05);
#311=VECTOR('',#1766,0.8);
#312=VECTOR('',#1769,0.15);
#313=VECTOR('',#1772,0.15);
#314=VECTOR('',#1775,0.8);
#315=VECTOR('',#1778,1.05);
#316=VECTOR('',#1783,1.);
#317=VECTOR('',#1786,1.);
#318=VECTOR('',#1789,1.);
#319=VECTOR('',#1792,1.);
#320=VECTOR('',#1795,1.);
#321=VECTOR('',#1802,1.05);
#322=VECTOR('',#1805,0.8);
#323=VECTOR('',#1808,0.15);
#324=VECTOR('',#1811,0.15);
#325=VECTOR('',#1814,0.8);
#326=VECTOR('',#1817,1.05);
#327=VECTOR('',#1822,1.);
#328=VECTOR('',#1825,1.);
#329=VECTOR('',#1828,1.);
#330=VECTOR('',#1831,1.);
#331=VECTOR('',#1834,1.);
#332=VECTOR('',#1839,0.15);
#333=VECTOR('',#1842,0.8);
#334=VECTOR('',#1845,1.05);
#335=VECTOR('',#1850,0.15);
#336=VECTOR('',#1853,1.05);
#337=VECTOR('',#1856,0.8);
#338=VECTOR('',#1861,1.);
#339=VECTOR('',#1864,1.);
#340=VECTOR('',#1867,1.);
#341=VECTOR('',#1870,1.);
#342=VECTOR('',#1873,1.);
#343=VECTOR('',#1878,0.15);
#344=VECTOR('',#1881,0.8);
#345=VECTOR('',#1884,1.05);
#346=VECTOR('',#1889,0.15);
#347=VECTOR('',#1892,1.05);
#348=VECTOR('',#1895,0.8);
#349=VECTOR('',#1900,1.);
#350=VECTOR('',#1903,1.);
#351=VECTOR('',#1906,1.);
#352=VECTOR('',#1909,1.);
#353=VECTOR('',#1912,1.);
#354=VECTOR('',#1917,0.15);
#355=VECTOR('',#1920,0.8);
#356=VECTOR('',#1923,1.05);
#357=VECTOR('',#1928,0.15);
#358=VECTOR('',#1931,1.05);
#359=VECTOR('',#1934,0.8);
#360=VECTOR('',#1939,1.);
#361=VECTOR('',#1942,1.);
#362=VECTOR('',#1945,1.);
#363=VECTOR('',#1948,1.);
#364=VECTOR('',#1951,1.);
#365=VECTOR('',#1956,0.1);
#366=VECTOR('',#1957,1.6);
#367=VECTOR('',#1958,0.1);
#368=VECTOR('',#1961,1.3);
#369=VECTOR('',#1962,0.1);
#370=VECTOR('',#1965,1.6);
#371=VECTOR('',#1966,0.1);
#372=VECTOR('',#1969,1.3);
#373=VECTOR('',#1976,0.65);
#374=VECTOR('',#1981,0.1);
#375=VECTOR('',#1982,1.6);
#376=VECTOR('',#1983,0.1);
#377=VECTOR('',#1986,1.3);
#378=VECTOR('',#1987,0.1);
#379=VECTOR('',#1990,1.6);
#380=VECTOR('',#1991,0.1);
#381=VECTOR('',#1994,1.3);
#382=CYLINDRICAL_SURFACE('',#1482,1.8);
#383=CYLINDRICAL_SURFACE('',#1498,1.8);
#384=CYLINDRICAL_SURFACE('',#1511,0.1);
#385=CYLINDRICAL_SURFACE('',#1513,0.1);
#386=CYLINDRICAL_SURFACE('',#1515,0.0999999999999999);
#387=CYLINDRICAL_SURFACE('',#1525,0.1);
#388=CYLINDRICAL_SURFACE('',#1527,0.1);
#389=CYLINDRICAL_SURFACE('',#1529,0.0999999999999999);
#390=CYLINDRICAL_SURFACE('',#1539,0.1);
#391=CYLINDRICAL_SURFACE('',#1541,0.1);
#392=CYLINDRICAL_SURFACE('',#1543,0.0999999999999999);
#393=CYLINDRICAL_SURFACE('',#1554,0.0999999999999999);
#394=CYLINDRICAL_SURFACE('',#1556,0.1);
#395=CYLINDRICAL_SURFACE('',#1558,0.1);
#396=CYLINDRICAL_SURFACE('',#1568,0.0999999999999999);
#397=CYLINDRICAL_SURFACE('',#1570,0.1);
#398=CYLINDRICAL_SURFACE('',#1572,0.1);
#399=CYLINDRICAL_SURFACE('',#1582,0.0999999999999999);
#400=CYLINDRICAL_SURFACE('',#1584,0.1);
#401=CYLINDRICAL_SURFACE('',#1586,0.1);
#402=CYLINDRICAL_SURFACE('',#1592,0.65);
#403=FACE_OUTER_BOUND('',#478,.T.);
#404=FACE_OUTER_BOUND('',#479,.T.);
#405=FACE_OUTER_BOUND('',#480,.T.);
#406=FACE_OUTER_BOUND('',#481,.T.);
#407=FACE_OUTER_BOUND('',#482,.T.);
#408=FACE_OUTER_BOUND('',#483,.T.);
#409=FACE_OUTER_BOUND('',#484,.T.);
#410=FACE_OUTER_BOUND('',#485,.T.);
#411=FACE_OUTER_BOUND('',#486,.T.);
#412=FACE_OUTER_BOUND('',#488,.T.);
#413=FACE_OUTER_BOUND('',#492,.T.);
#414=FACE_OUTER_BOUND('',#493,.T.);
#415=FACE_OUTER_BOUND('',#494,.T.);
#416=FACE_OUTER_BOUND('',#495,.T.);
#417=FACE_OUTER_BOUND('',#496,.T.);
#418=FACE_OUTER_BOUND('',#497,.T.);
#419=FACE_OUTER_BOUND('',#498,.T.);
#420=FACE_OUTER_BOUND('',#499,.T.);
#421=FACE_OUTER_BOUND('',#500,.T.);
#422=FACE_OUTER_BOUND('',#501,.T.);
#423=FACE_OUTER_BOUND('',#502,.T.);
#424=FACE_OUTER_BOUND('',#503,.T.);
#425=FACE_OUTER_BOUND('',#504,.T.);
#426=FACE_OUTER_BOUND('',#505,.T.);
#427=FACE_OUTER_BOUND('',#506,.T.);
#428=FACE_OUTER_BOUND('',#507,.T.);
#429=FACE_OUTER_BOUND('',#508,.T.);
#430=FACE_OUTER_BOUND('',#509,.T.);
#431=FACE_OUTER_BOUND('',#510,.T.);
#432=FACE_OUTER_BOUND('',#511,.T.);
#433=FACE_OUTER_BOUND('',#512,.T.);
#434=FACE_OUTER_BOUND('',#513,.T.);
#435=FACE_OUTER_BOUND('',#514,.T.);
#436=FACE_OUTER_BOUND('',#515,.T.);
#437=FACE_OUTER_BOUND('',#516,.T.);
#438=FACE_OUTER_BOUND('',#517,.T.);
#439=FACE_OUTER_BOUND('',#518,.T.);
#440=FACE_OUTER_BOUND('',#519,.T.);
#441=FACE_OUTER_BOUND('',#520,.T.);
#442=FACE_OUTER_BOUND('',#521,.T.);
#443=FACE_OUTER_BOUND('',#522,.T.);
#444=FACE_OUTER_BOUND('',#523,.T.);
#445=FACE_OUTER_BOUND('',#524,.T.);
#446=FACE_OUTER_BOUND('',#525,.T.);
#447=FACE_OUTER_BOUND('',#526,.T.);
#448=FACE_OUTER_BOUND('',#527,.T.);
#449=FACE_OUTER_BOUND('',#528,.T.);
#450=FACE_OUTER_BOUND('',#529,.T.);
#451=FACE_OUTER_BOUND('',#530,.T.);
#452=FACE_OUTER_BOUND('',#531,.T.);
#453=FACE_OUTER_BOUND('',#532,.T.);
#454=FACE_OUTER_BOUND('',#533,.T.);
#455=FACE_OUTER_BOUND('',#534,.T.);
#456=FACE_OUTER_BOUND('',#535,.T.);
#457=FACE_OUTER_BOUND('',#536,.T.);
#458=FACE_OUTER_BOUND('',#537,.T.);
#459=FACE_OUTER_BOUND('',#538,.T.);
#460=FACE_OUTER_BOUND('',#539,.T.);
#461=FACE_OUTER_BOUND('',#540,.T.);
#462=FACE_OUTER_BOUND('',#541,.T.);
#463=FACE_OUTER_BOUND('',#542,.T.);
#464=FACE_OUTER_BOUND('',#543,.T.);
#465=FACE_OUTER_BOUND('',#544,.T.);
#466=FACE_OUTER_BOUND('',#545,.T.);
#467=FACE_OUTER_BOUND('',#546,.T.);
#468=FACE_OUTER_BOUND('',#547,.T.);
#469=FACE_OUTER_BOUND('',#548,.T.);
#470=FACE_OUTER_BOUND('',#549,.T.);
#471=FACE_OUTER_BOUND('',#550,.T.);
#472=FACE_OUTER_BOUND('',#551,.T.);
#473=FACE_OUTER_BOUND('',#552,.T.);
#474=FACE_OUTER_BOUND('',#553,.T.);
#475=FACE_OUTER_BOUND('',#554,.T.);
#476=FACE_OUTER_BOUND('',#555,.T.);
#477=FACE_OUTER_BOUND('',#556,.T.);
#478=EDGE_LOOP('',(#935));
#479=EDGE_LOOP('',(#936,#937,#938,#939,#940));
#480=EDGE_LOOP('',(#941,#942,#943,#944,#945));
#481=EDGE_LOOP('',(#946));
#482=EDGE_LOOP('',(#947,#948,#949,#950,#951,#952,#953,#954,#955,#956,#957,
#958,#959,#960,#961,#962));
#483=EDGE_LOOP('',(#963,#964,#965,#966,#967,#968));
#484=EDGE_LOOP('',(#969,#970,#971,#972,#973,#974,#975,#976,#977,#978,#979,
#980,#981,#982,#983,#984,#985,#986));
#485=EDGE_LOOP('',(#987,#988,#989,#990));
#486=EDGE_LOOP('',(#991,#992,#993,#994,#995));
#487=EDGE_LOOP('',(#996));
#488=EDGE_LOOP('',(#997,#998,#999,#1000,#1001,#1002,#1003,#1004,#1005,#1006,
#1007,#1008,#1009,#1010,#1011,#1012,#1013,#1014,#1015,#1016,#1017,#1018,
#1019,#1020,#1021,#1022,#1023,#1024));
#489=EDGE_LOOP('',(#1025,#1026,#1027,#1028));
#490=EDGE_LOOP('',(#1029));
#491=EDGE_LOOP('',(#1030,#1031,#1032,#1033));
#492=EDGE_LOOP('',(#1034,#1035,#1036,#1037));
#493=EDGE_LOOP('',(#1038,#1039,#1040));
#494=EDGE_LOOP('',(#1041,#1042,#1043,#1044));
#495=EDGE_LOOP('',(#1045));
#496=EDGE_LOOP('',(#1046,#1047,#1048,#1049));
#497=EDGE_LOOP('',(#1050,#1051,#1052,#1053,#1054,#1055,#1056,#1057));
#498=EDGE_LOOP('',(#1058,#1059,#1060,#1061,#1062,#1063,#1064,#1065));
#499=EDGE_LOOP('',(#1066,#1067,#1068,#1069));
#500=EDGE_LOOP('',(#1070,#1071,#1072,#1073));
#501=EDGE_LOOP('',(#1074,#1075,#1076,#1077));
#502=EDGE_LOOP('',(#1078,#1079,#1080,#1081));
#503=EDGE_LOOP('',(#1082,#1083,#1084,#1085));
#504=EDGE_LOOP('',(#1086,#1087,#1088,#1089));
#505=EDGE_LOOP('',(#1090,#1091,#1092,#1093,#1094,#1095,#1096,#1097));
#506=EDGE_LOOP('',(#1098,#1099,#1100,#1101,#1102,#1103,#1104,#1105));
#507=EDGE_LOOP('',(#1106,#1107,#1108,#1109));
#508=EDGE_LOOP('',(#1110,#1111,#1112,#1113));
#509=EDGE_LOOP('',(#1114,#1115,#1116,#1117));
#510=EDGE_LOOP('',(#1118,#1119,#1120,#1121));
#511=EDGE_LOOP('',(#1122,#1123,#1124,#1125));
#512=EDGE_LOOP('',(#1126,#1127,#1128,#1129));
#513=EDGE_LOOP('',(#1130,#1131,#1132,#1133,#1134,#1135,#1136,#1137));
#514=EDGE_LOOP('',(#1138,#1139,#1140,#1141,#1142,#1143,#1144,#1145));
#515=EDGE_LOOP('',(#1146,#1147,#1148,#1149));
#516=EDGE_LOOP('',(#1150,#1151,#1152,#1153));
#517=EDGE_LOOP('',(#1154,#1155,#1156,#1157));
#518=EDGE_LOOP('',(#1158,#1159,#1160,#1161));
#519=EDGE_LOOP('',(#1162,#1163,#1164,#1165));
#520=EDGE_LOOP('',(#1166,#1167,#1168,#1169));
#521=EDGE_LOOP('',(#1170,#1171,#1172,#1173,#1174,#1175,#1176,#1177));
#522=EDGE_LOOP('',(#1178,#1179,#1180,#1181,#1182,#1183,#1184,#1185));
#523=EDGE_LOOP('',(#1186,#1187,#1188,#1189));
#524=EDGE_LOOP('',(#1190,#1191,#1192,#1193));
#525=EDGE_LOOP('',(#1194,#1195,#1196,#1197));
#526=EDGE_LOOP('',(#1198,#1199,#1200,#1201));
#527=EDGE_LOOP('',(#1202,#1203,#1204,#1205));
#528=EDGE_LOOP('',(#1206,#1207,#1208,#1209));
#529=EDGE_LOOP('',(#1210,#1211,#1212,#1213,#1214,#1215,#1216,#1217));
#530=EDGE_LOOP('',(#1218,#1219,#1220,#1221,#1222,#1223,#1224,#1225));
#531=EDGE_LOOP('',(#1226,#1227,#1228,#1229));
#532=EDGE_LOOP('',(#1230,#1231,#1232,#1233));
#533=EDGE_LOOP('',(#1234,#1235,#1236,#1237));
#534=EDGE_LOOP('',(#1238,#1239,#1240,#1241));
#535=EDGE_LOOP('',(#1242,#1243,#1244,#1245));
#536=EDGE_LOOP('',(#1246,#1247,#1248,#1249));
#537=EDGE_LOOP('',(#1250,#1251,#1252,#1253,#1254,#1255,#1256,#1257));
#538=EDGE_LOOP('',(#1258,#1259,#1260,#1261,#1262,#1263,#1264,#1265));
#539=EDGE_LOOP('',(#1266,#1267,#1268,#1269));
#540=EDGE_LOOP('',(#1270,#1271,#1272,#1273));
#541=EDGE_LOOP('',(#1274,#1275,#1276,#1277));
#542=EDGE_LOOP('',(#1278,#1279,#1280,#1281));
#543=EDGE_LOOP('',(#1282,#1283,#1284,#1285));
#544=EDGE_LOOP('',(#1286,#1287,#1288,#1289));
#545=EDGE_LOOP('',(#1290,#1291,#1292,#1293));
#546=EDGE_LOOP('',(#1294,#1295,#1296,#1297));
#547=EDGE_LOOP('',(#1298,#1299,#1300,#1301));
#548=EDGE_LOOP('',(#1302,#1303,#1304,#1305));
#549=EDGE_LOOP('',(#1306,#1307,#1308,#1309));
#550=EDGE_LOOP('',(#1310,#1311,#1312,#1313));
#551=EDGE_LOOP('',(#1314));
#552=EDGE_LOOP('',(#1315,#1316,#1317,#1318));
#553=EDGE_LOOP('',(#1319,#1320,#1321,#1322));
#554=EDGE_LOOP('',(#1323,#1324,#1325,#1326));
#555=EDGE_LOOP('',(#1327,#1328,#1329,#1330));
#556=EDGE_LOOP('',(#1331,#1332,#1333,#1334));
#557=CIRCLE('',#1481,1.8);
#558=CIRCLE('',#1483,1.8);
#559=CIRCLE('',#1484,1.8);
#560=CIRCLE('',#1486,1.59999999999999);
#561=CIRCLE('',#1493,1.8);
#562=CIRCLE('',#1495,0.65);
#563=CIRCLE('',#1499,1.8);
#564=CIRCLE('',#1501,1.6);
#565=CIRCLE('',#1504,0.1);
#566=CIRCLE('',#1505,0.1);
#567=CIRCLE('',#1506,0.0999999999999999);
#568=CIRCLE('',#1508,0.0999999999999999);
#569=CIRCLE('',#1509,0.1);
#570=CIRCLE('',#1510,0.1);
#571=CIRCLE('',#1518,0.1);
#572=CIRCLE('',#1519,0.1);
#573=CIRCLE('',#1520,0.0999999999999999);
#574=CIRCLE('',#1522,0.0999999999999999);
#575=CIRCLE('',#1523,0.1);
#576=CIRCLE('',#1524,0.1);
#577=CIRCLE('',#1532,0.1);
#578=CIRCLE('',#1533,0.1);
#579=CIRCLE('',#1534,0.0999999999999999);
#580=CIRCLE('',#1536,0.0999999999999999);
#581=CIRCLE('',#1537,0.1);
#582=CIRCLE('',#1538,0.1);
#583=CIRCLE('',#1546,0.0999999999999999);
#584=CIRCLE('',#1547,0.1);
#585=CIRCLE('',#1548,0.1);
#586=CIRCLE('',#1550,0.1);
#587=CIRCLE('',#1551,0.1);
#588=CIRCLE('',#1552,0.0999999999999999);
#589=CIRCLE('',#1560,0.0999999999999999);
#590=CIRCLE('',#1561,0.1);
#591=CIRCLE('',#1562,0.1);
#592=CIRCLE('',#1564,0.1);
#593=CIRCLE('',#1565,0.1);
#594=CIRCLE('',#1566,0.0999999999999999);
#595=CIRCLE('',#1574,0.0999999999999999);
#596=CIRCLE('',#1575,0.1);
#597=CIRCLE('',#1576,0.1);
#598=CIRCLE('',#1578,0.1);
#599=CIRCLE('',#1579,0.1);
#600=CIRCLE('',#1580,0.0999999999999999);
#601=CIRCLE('',#1593,0.65);
#602=VERTEX_POINT('',#1999);
#603=VERTEX_POINT('',#2002);
#604=VERTEX_POINT('',#2003);
#605=VERTEX_POINT('',#2008);
#606=VERTEX_POINT('',#2013);
#607=VERTEX_POINT('',#2014);
#608=VERTEX_POINT('',#2016);
#609=VERTEX_POINT('',#2018);
#610=VERTEX_POINT('',#2020);
#611=VERTEX_POINT('',#2022);
#612=VERTEX_POINT('',#2024);
#613=VERTEX_POINT('',#2026);
#614=VERTEX_POINT('',#2028);
#615=VERTEX_POINT('',#2030);
#616=VERTEX_POINT('',#2032);
#617=VERTEX_POINT('',#2034);
#618=VERTEX_POINT('',#2036);
#619=VERTEX_POINT('',#2038);
#620=VERTEX_POINT('',#2040);
#621=VERTEX_POINT('',#2042);
#622=VERTEX_POINT('',#2046);
#623=VERTEX_POINT('',#2047);
#624=VERTEX_POINT('',#2049);
#625=VERTEX_POINT('',#2052);
#626=VERTEX_POINT('',#2056);
#627=VERTEX_POINT('',#2057);
#628=VERTEX_POINT('',#2059);
#629=VERTEX_POINT('',#2061);
#630=VERTEX_POINT('',#2063);
#631=VERTEX_POINT('',#2065);
#632=VERTEX_POINT('',#2067);
#633=VERTEX_POINT('',#2070);
#634=VERTEX_POINT('',#2072);
#635=VERTEX_POINT('',#2074);
#636=VERTEX_POINT('',#2076);
#637=VERTEX_POINT('',#2078);
#638=VERTEX_POINT('',#2080);
#639=VERTEX_POINT('',#2082);
#640=VERTEX_POINT('',#2084);
#641=VERTEX_POINT('',#2086);
#642=VERTEX_POINT('',#2094);
#643=VERTEX_POINT('',#2097);
#644=VERTEX_POINT('',#2098);
#645=VERTEX_POINT('',#2101);
#646=VERTEX_POINT('',#2103);
#647=VERTEX_POINT('',#2106);
#648=VERTEX_POINT('',#2108);
#649=VERTEX_POINT('',#2111);
#650=VERTEX_POINT('',#2113);
#651=VERTEX_POINT('',#2116);
#652=VERTEX_POINT('',#2118);
#653=VERTEX_POINT('',#2121);
#654=VERTEX_POINT('',#2123);
#655=VERTEX_POINT('',#2127);
#656=VERTEX_POINT('',#2128);
#657=VERTEX_POINT('',#2130);
#658=VERTEX_POINT('',#2132);
#659=VERTEX_POINT('',#2135);
#660=VERTEX_POINT('',#2137);
#661=VERTEX_POINT('',#2138);
#662=VERTEX_POINT('',#2140);
#663=VERTEX_POINT('',#2142);
#664=VERTEX_POINT('',#2149);
#665=VERTEX_POINT('',#2153);
#666=VERTEX_POINT('',#2158);
#667=VERTEX_POINT('',#2160);
#668=VERTEX_POINT('',#2162);
#669=VERTEX_POINT('',#2164);
#670=VERTEX_POINT('',#2166);
#671=VERTEX_POINT('',#2170);
#672=VERTEX_POINT('',#2172);
#673=VERTEX_POINT('',#2174);
#674=VERTEX_POINT('',#2176);
#675=VERTEX_POINT('',#2178);
#676=VERTEX_POINT('',#2193);
#677=VERTEX_POINT('',#2195);
#678=VERTEX_POINT('',#2197);
#679=VERTEX_POINT('',#2199);
#680=VERTEX_POINT('',#2201);
#681=VERTEX_POINT('',#2205);
#682=VERTEX_POINT('',#2207);
#683=VERTEX_POINT('',#2209);
#684=VERTEX_POINT('',#2211);
#685=VERTEX_POINT('',#2213);
#686=VERTEX_POINT('',#2228);
#687=VERTEX_POINT('',#2230);
#688=VERTEX_POINT('',#2232);
#689=VERTEX_POINT('',#2234);
#690=VERTEX_POINT('',#2236);
#691=VERTEX_POINT('',#2240);
#692=VERTEX_POINT('',#2242);
#693=VERTEX_POINT('',#2244);
#694=VERTEX_POINT('',#2246);
#695=VERTEX_POINT('',#2248);
#696=VERTEX_POINT('',#2263);
#697=VERTEX_POINT('',#2265);
#698=VERTEX_POINT('',#2267);
#699=VERTEX_POINT('',#2269);
#700=VERTEX_POINT('',#2271);
#701=VERTEX_POINT('',#2275);
#702=VERTEX_POINT('',#2277);
#703=VERTEX_POINT('',#2279);
#704=VERTEX_POINT('',#2281);
#705=VERTEX_POINT('',#2283);
#706=VERTEX_POINT('',#2298);
#707=VERTEX_POINT('',#2300);
#708=VERTEX_POINT('',#2302);
#709=VERTEX_POINT('',#2304);
#710=VERTEX_POINT('',#2306);
#711=VERTEX_POINT('',#2310);
#712=VERTEX_POINT('',#2312);
#713=VERTEX_POINT('',#2314);
#714=VERTEX_POINT('',#2316);
#715=VERTEX_POINT('',#2318);
#716=VERTEX_POINT('',#2333);
#717=VERTEX_POINT('',#2335);
#718=VERTEX_POINT('',#2337);
#719=VERTEX_POINT('',#2339);
#720=VERTEX_POINT('',#2341);
#721=VERTEX_POINT('',#2345);
#722=VERTEX_POINT('',#2347);
#723=VERTEX_POINT('',#2349);
#724=VERTEX_POINT('',#2351);
#725=VERTEX_POINT('',#2353);
#726=VERTEX_POINT('',#2368);
#727=VERTEX_POINT('',#2370);
#728=VERTEX_POINT('',#2374);
#729=VERTEX_POINT('',#2378);
#730=VERTEX_POINT('',#2385);
#731=VERTEX_POINT('',#2390);
#732=VERTEX_POINT('',#2392);
#733=VERTEX_POINT('',#2396);
#734=VERTEX_POINT('',#2400);
#735=EDGE_CURVE('',#602,#602,#557,.T.);
#736=EDGE_CURVE('',#603,#604,#558,.T.);
#737=EDGE_CURVE('',#604,#603,#559,.T.);
#738=EDGE_CURVE('',#604,#602,#72,.T.);
#739=EDGE_CURVE('',#603,#605,#73,.T.);
#740=EDGE_CURVE('',#605,#605,#560,.T.);
#741=EDGE_CURVE('',#606,#607,#74,.T.);
#742=EDGE_CURVE('',#606,#608,#75,.T.);
#743=EDGE_CURVE('',#608,#609,#76,.T.);
#744=EDGE_CURVE('',#609,#610,#77,.T.);
#745=EDGE_CURVE('',#611,#610,#78,.T.);
#746=EDGE_CURVE('',#611,#612,#79,.T.);
#747=EDGE_CURVE('',#612,#613,#80,.T.);
#748=EDGE_CURVE('',#613,#614,#81,.T.);
#749=EDGE_CURVE('',#615,#614,#82,.T.);
#750=EDGE_CURVE('',#615,#616,#83,.T.);
#751=EDGE_CURVE('',#616,#617,#84,.T.);
#752=EDGE_CURVE('',#617,#618,#85,.T.);
#753=EDGE_CURVE('',#619,#618,#86,.T.);
#754=EDGE_CURVE('',#620,#619,#87,.T.);
#755=EDGE_CURVE('',#620,#621,#88,.T.);
#756=EDGE_CURVE('',#621,#607,#89,.T.);
#757=EDGE_CURVE('',#622,#623,#90,.T.);
#758=EDGE_CURVE('',#622,#624,#91,.T.);
#759=EDGE_CURVE('',#619,#624,#92,.T.);
#760=EDGE_CURVE('',#618,#625,#93,.T.);
#761=EDGE_CURVE('',#623,#625,#94,.T.);
#762=EDGE_CURVE('',#626,#627,#95,.T.);
#763=EDGE_CURVE('',#626,#628,#96,.T.);
#764=EDGE_CURVE('',#628,#629,#97,.T.);
#765=EDGE_CURVE('',#630,#629,#98,.T.);
#766=EDGE_CURVE('',#631,#630,#99,.T.);
#767=EDGE_CURVE('',#632,#631,#100,.T.);
#768=EDGE_CURVE('',#623,#632,#101,.T.);
#769=EDGE_CURVE('',#625,#633,#102,.T.);
#770=EDGE_CURVE('',#634,#633,#103,.T.);
#771=EDGE_CURVE('',#635,#634,#104,.T.);
#772=EDGE_CURVE('',#635,#636,#105,.T.);
#773=EDGE_CURVE('',#636,#637,#106,.T.);
#774=EDGE_CURVE('',#638,#637,#107,.T.);
#775=EDGE_CURVE('',#639,#638,#108,.T.);
#776=EDGE_CURVE('',#639,#640,#109,.T.);
#777=EDGE_CURVE('',#640,#641,#110,.T.);
#778=EDGE_CURVE('',#627,#641,#111,.T.);
#779=EDGE_CURVE('',#629,#621,#112,.T.);
#780=EDGE_CURVE('',#630,#620,#113,.T.);
#781=EDGE_CURVE('',#631,#624,#114,.T.);
#782=EDGE_CURVE('',#642,#642,#561,.T.);
#783=EDGE_CURVE('',#643,#644,#115,.T.);
#784=EDGE_CURVE('',#641,#643,#116,.T.);
#785=EDGE_CURVE('',#645,#640,#117,.T.);
#786=EDGE_CURVE('',#646,#645,#118,.T.);
#787=EDGE_CURVE('',#637,#646,#119,.T.);
#788=EDGE_CURVE('',#647,#636,#120,.T.);
#789=EDGE_CURVE('',#648,#647,#121,.T.);
#790=EDGE_CURVE('',#633,#648,#122,.T.);
#791=EDGE_CURVE('',#649,#617,#123,.T.);
#792=EDGE_CURVE('',#650,#649,#124,.T.);
#793=EDGE_CURVE('',#614,#650,#125,.T.);
#794=EDGE_CURVE('',#651,#613,#126,.T.);
#795=EDGE_CURVE('',#652,#651,#127,.T.);
#796=EDGE_CURVE('',#610,#652,#128,.T.);
#797=EDGE_CURVE('',#653,#609,#129,.T.);
#798=EDGE_CURVE('',#654,#653,#130,.T.);
#799=EDGE_CURVE('',#607,#654,#131,.T.);
#800=EDGE_CURVE('',#644,#628,#132,.T.);
#801=EDGE_CURVE('',#655,#656,#133,.T.);
#802=EDGE_CURVE('',#657,#655,#134,.T.);
#803=EDGE_CURVE('',#658,#657,#135,.T.);
#804=EDGE_CURVE('',#656,#658,#136,.T.);
#805=EDGE_CURVE('',#659,#659,#562,.T.);
#806=EDGE_CURVE('',#660,#661,#137,.T.);
#807=EDGE_CURVE('',#662,#660,#138,.T.);
#808=EDGE_CURVE('',#663,#662,#139,.T.);
#809=EDGE_CURVE('',#661,#663,#140,.T.);
#810=EDGE_CURVE('',#632,#622,#141,.T.);
#811=EDGE_CURVE('',#664,#664,#563,.T.);
#812=EDGE_CURVE('',#664,#642,#142,.T.);
#813=EDGE_CURVE('',#665,#665,#564,.T.);
#814=EDGE_CURVE('',#665,#664,#143,.T.);
#815=EDGE_CURVE('',#666,#652,#565,.T.);
#816=EDGE_CURVE('',#667,#666,#144,.T.);
#817=EDGE_CURVE('',#668,#667,#566,.T.);
#818=EDGE_CURVE('',#669,#668,#145,.T.);
#819=EDGE_CURVE('',#670,#669,#567,.T.);
#820=EDGE_CURVE('',#611,#670,#146,.T.);
#821=EDGE_CURVE('',#612,#671,#147,.T.);
#822=EDGE_CURVE('',#671,#672,#568,.T.);
#823=EDGE_CURVE('',#672,#673,#148,.T.);
#824=EDGE_CURVE('',#673,#674,#569,.T.);
#825=EDGE_CURVE('',#674,#675,#149,.T.);
#826=EDGE_CURVE('',#675,#651,#570,.T.);
#827=EDGE_CURVE('',#666,#675,#150,.T.);
#828=EDGE_CURVE('',#667,#674,#151,.T.);
#829=EDGE_CURVE('',#668,#673,#152,.T.);
#830=EDGE_CURVE('',#669,#672,#153,.T.);
#831=EDGE_CURVE('',#670,#671,#154,.T.);
#832=EDGE_CURVE('',#676,#650,#571,.T.);
#833=EDGE_CURVE('',#677,#676,#155,.T.);
#834=EDGE_CURVE('',#678,#677,#572,.T.);
#835=EDGE_CURVE('',#679,#678,#156,.T.);
#836=EDGE_CURVE('',#680,#679,#573,.T.);
#837=EDGE_CURVE('',#615,#680,#157,.T.);
#838=EDGE_CURVE('',#616,#681,#158,.T.);
#839=EDGE_CURVE('',#681,#682,#574,.T.);
#840=EDGE_CURVE('',#682,#683,#159,.T.);
#841=EDGE_CURVE('',#683,#684,#575,.T.);
#842=EDGE_CURVE('',#684,#685,#160,.T.);
#843=EDGE_CURVE('',#685,#649,#576,.T.);
#844=EDGE_CURVE('',#676,#685,#161,.T.);
#845=EDGE_CURVE('',#677,#684,#162,.T.);
#846=EDGE_CURVE('',#678,#683,#163,.T.);
#847=EDGE_CURVE('',#679,#682,#164,.T.);
#848=EDGE_CURVE('',#680,#681,#165,.T.);
#849=EDGE_CURVE('',#686,#654,#577,.T.);
#850=EDGE_CURVE('',#687,#686,#166,.T.);
#851=EDGE_CURVE('',#688,#687,#578,.T.);
#852=EDGE_CURVE('',#689,#688,#167,.T.);
#853=EDGE_CURVE('',#690,#689,#579,.T.);
#854=EDGE_CURVE('',#606,#690,#168,.T.);
#855=EDGE_CURVE('',#608,#691,#169,.T.);
#856=EDGE_CURVE('',#691,#692,#580,.T.);
#857=EDGE_CURVE('',#692,#693,#170,.T.);
#858=EDGE_CURVE('',#693,#694,#581,.T.);
#859=EDGE_CURVE('',#694,#695,#171,.T.);
#860=EDGE_CURVE('',#695,#653,#582,.T.);
#861=EDGE_CURVE('',#686,#695,#172,.T.);
#862=EDGE_CURVE('',#687,#694,#173,.T.);
#863=EDGE_CURVE('',#688,#693,#174,.T.);
#864=EDGE_CURVE('',#689,#692,#175,.T.);
#865=EDGE_CURVE('',#690,#691,#176,.T.);
#866=EDGE_CURVE('',#639,#696,#177,.T.);
#867=EDGE_CURVE('',#696,#697,#583,.T.);
#868=EDGE_CURVE('',#697,#698,#178,.T.);
#869=EDGE_CURVE('',#698,#699,#584,.T.);
#870=EDGE_CURVE('',#699,#700,#179,.T.);
#871=EDGE_CURVE('',#700,#645,#585,.T.);
#872=EDGE_CURVE('',#638,#701,#180,.T.);
#873=EDGE_CURVE('',#702,#646,#586,.T.);
#874=EDGE_CURVE('',#703,#702,#181,.T.);
#875=EDGE_CURVE('',#704,#703,#587,.T.);
#876=EDGE_CURVE('',#705,#704,#182,.T.);
#877=EDGE_CURVE('',#701,#705,#588,.T.);
#878=EDGE_CURVE('',#696,#701,#183,.T.);
#879=EDGE_CURVE('',#697,#705,#184,.T.);
#880=EDGE_CURVE('',#698,#704,#185,.T.);
#881=EDGE_CURVE('',#699,#703,#186,.T.);
#882=EDGE_CURVE('',#700,#702,#187,.T.);
#883=EDGE_CURVE('',#635,#706,#188,.T.);
#884=EDGE_CURVE('',#706,#707,#589,.T.);
#885=EDGE_CURVE('',#707,#708,#189,.T.);
#886=EDGE_CURVE('',#708,#709,#590,.T.);
#887=EDGE_CURVE('',#709,#710,#190,.T.);
#888=EDGE_CURVE('',#710,#647,#591,.T.);
#889=EDGE_CURVE('',#634,#711,#191,.T.);
#890=EDGE_CURVE('',#712,#648,#592,.T.);
#891=EDGE_CURVE('',#713,#712,#192,.T.);
#892=EDGE_CURVE('',#714,#713,#593,.T.);
#893=EDGE_CURVE('',#715,#714,#193,.T.);
#894=EDGE_CURVE('',#711,#715,#594,.T.);
#895=EDGE_CURVE('',#706,#711,#194,.T.);
#896=EDGE_CURVE('',#707,#715,#195,.T.);
#897=EDGE_CURVE('',#708,#714,#196,.T.);
#898=EDGE_CURVE('',#709,#713,#197,.T.);
#899=EDGE_CURVE('',#710,#712,#198,.T.);
#900=EDGE_CURVE('',#626,#716,#199,.T.);
#901=EDGE_CURVE('',#716,#717,#595,.T.);
#902=EDGE_CURVE('',#717,#718,#200,.T.);
#903=EDGE_CURVE('',#718,#719,#596,.T.);
#904=EDGE_CURVE('',#719,#720,#201,.T.);
#905=EDGE_CURVE('',#720,#644,#597,.T.);
#906=EDGE_CURVE('',#627,#721,#202,.T.);
#907=EDGE_CURVE('',#722,#643,#598,.T.);
#908=EDGE_CURVE('',#723,#722,#203,.T.);
#909=EDGE_CURVE('',#724,#723,#599,.T.);
#910=EDGE_CURVE('',#725,#724,#204,.T.);
#911=EDGE_CURVE('',#721,#725,#600,.T.);
#912=EDGE_CURVE('',#716,#721,#205,.T.);
#913=EDGE_CURVE('',#717,#725,#206,.T.);
#914=EDGE_CURVE('',#718,#724,#207,.T.);
#915=EDGE_CURVE('',#719,#723,#208,.T.);
#916=EDGE_CURVE('',#720,#722,#209,.T.);
#917=EDGE_CURVE('',#726,#660,#210,.T.);
#918=EDGE_CURVE('',#727,#726,#211,.T.);
#919=EDGE_CURVE('',#727,#662,#212,.T.);
#920=EDGE_CURVE('',#728,#727,#213,.T.);
#921=EDGE_CURVE('',#728,#663,#214,.T.);
#922=EDGE_CURVE('',#729,#728,#215,.T.);
#923=EDGE_CURVE('',#729,#661,#216,.T.);
#924=EDGE_CURVE('',#726,#729,#217,.T.);
#925=EDGE_CURVE('',#730,#730,#601,.T.);
#926=EDGE_CURVE('',#730,#659,#218,.T.);
#927=EDGE_CURVE('',#731,#655,#219,.T.);
#928=EDGE_CURVE('',#732,#731,#220,.T.);
#929=EDGE_CURVE('',#732,#657,#221,.T.);
#930=EDGE_CURVE('',#733,#732,#222,.T.);
#931=EDGE_CURVE('',#733,#658,#223,.T.);
#932=EDGE_CURVE('',#734,#733,#224,.T.);
#933=EDGE_CURVE('',#734,#656,#225,.T.);
#934=EDGE_CURVE('',#731,#734,#226,.T.);
#935=ORIENTED_EDGE('',*,*,#735,.F.);
#936=ORIENTED_EDGE('',*,*,#736,.F.);
#937=ORIENTED_EDGE('',*,*,#737,.F.);
#938=ORIENTED_EDGE('',*,*,#738,.T.);
#939=ORIENTED_EDGE('',*,*,#735,.T.);
#940=ORIENTED_EDGE('',*,*,#738,.F.);
#941=ORIENTED_EDGE('',*,*,#736,.T.);
#942=ORIENTED_EDGE('',*,*,#737,.T.);
#943=ORIENTED_EDGE('',*,*,#739,.T.);
#944=ORIENTED_EDGE('',*,*,#740,.F.);
#945=ORIENTED_EDGE('',*,*,#739,.F.);
#946=ORIENTED_EDGE('',*,*,#740,.T.);
#947=ORIENTED_EDGE('',*,*,#741,.F.);
#948=ORIENTED_EDGE('',*,*,#742,.T.);
#949=ORIENTED_EDGE('',*,*,#743,.T.);
#950=ORIENTED_EDGE('',*,*,#744,.T.);
#951=ORIENTED_EDGE('',*,*,#745,.F.);
#952=ORIENTED_EDGE('',*,*,#746,.T.);
#953=ORIENTED_EDGE('',*,*,#747,.T.);
#954=ORIENTED_EDGE('',*,*,#748,.T.);
#955=ORIENTED_EDGE('',*,*,#749,.F.);
#956=ORIENTED_EDGE('',*,*,#750,.T.);
#957=ORIENTED_EDGE('',*,*,#751,.T.);
#958=ORIENTED_EDGE('',*,*,#752,.T.);
#959=ORIENTED_EDGE('',*,*,#753,.F.);
#960=ORIENTED_EDGE('',*,*,#754,.F.);
#961=ORIENTED_EDGE('',*,*,#755,.T.);
#962=ORIENTED_EDGE('',*,*,#756,.T.);
#963=ORIENTED_EDGE('',*,*,#757,.F.);
#964=ORIENTED_EDGE('',*,*,#758,.T.);
#965=ORIENTED_EDGE('',*,*,#759,.F.);
#966=ORIENTED_EDGE('',*,*,#753,.T.);
#967=ORIENTED_EDGE('',*,*,#760,.T.);
#968=ORIENTED_EDGE('',*,*,#761,.F.);
#969=ORIENTED_EDGE('',*,*,#762,.F.);
#970=ORIENTED_EDGE('',*,*,#763,.T.);
#971=ORIENTED_EDGE('',*,*,#764,.T.);
#972=ORIENTED_EDGE('',*,*,#765,.F.);
#973=ORIENTED_EDGE('',*,*,#766,.F.);
#974=ORIENTED_EDGE('',*,*,#767,.F.);
#975=ORIENTED_EDGE('',*,*,#768,.F.);
#976=ORIENTED_EDGE('',*,*,#761,.T.);
#977=ORIENTED_EDGE('',*,*,#769,.T.);
#978=ORIENTED_EDGE('',*,*,#770,.F.);
#979=ORIENTED_EDGE('',*,*,#771,.F.);
#980=ORIENTED_EDGE('',*,*,#772,.T.);
#981=ORIENTED_EDGE('',*,*,#773,.T.);
#982=ORIENTED_EDGE('',*,*,#774,.F.);
#983=ORIENTED_EDGE('',*,*,#775,.F.);
#984=ORIENTED_EDGE('',*,*,#776,.T.);
#985=ORIENTED_EDGE('',*,*,#777,.T.);
#986=ORIENTED_EDGE('',*,*,#778,.F.);
#987=ORIENTED_EDGE('',*,*,#779,.T.);
#988=ORIENTED_EDGE('',*,*,#755,.F.);
#989=ORIENTED_EDGE('',*,*,#780,.F.);
#990=ORIENTED_EDGE('',*,*,#765,.T.);
#991=ORIENTED_EDGE('',*,*,#781,.F.);
#992=ORIENTED_EDGE('',*,*,#766,.T.);
#993=ORIENTED_EDGE('',*,*,#780,.T.);
#994=ORIENTED_EDGE('',*,*,#754,.T.);
#995=ORIENTED_EDGE('',*,*,#759,.T.);
#996=ORIENTED_EDGE('',*,*,#782,.F.);
#997=ORIENTED_EDGE('',*,*,#783,.F.);
#998=ORIENTED_EDGE('',*,*,#784,.F.);
#999=ORIENTED_EDGE('',*,*,#777,.F.);
#1000=ORIENTED_EDGE('',*,*,#785,.F.);
#1001=ORIENTED_EDGE('',*,*,#786,.F.);
#1002=ORIENTED_EDGE('',*,*,#787,.F.);
#1003=ORIENTED_EDGE('',*,*,#773,.F.);
#1004=ORIENTED_EDGE('',*,*,#788,.F.);
#1005=ORIENTED_EDGE('',*,*,#789,.F.);
#1006=ORIENTED_EDGE('',*,*,#790,.F.);
#1007=ORIENTED_EDGE('',*,*,#769,.F.);
#1008=ORIENTED_EDGE('',*,*,#760,.F.);
#1009=ORIENTED_EDGE('',*,*,#752,.F.);
#1010=ORIENTED_EDGE('',*,*,#791,.F.);
#1011=ORIENTED_EDGE('',*,*,#792,.F.);
#1012=ORIENTED_EDGE('',*,*,#793,.F.);
#1013=ORIENTED_EDGE('',*,*,#748,.F.);
#1014=ORIENTED_EDGE('',*,*,#794,.F.);
#1015=ORIENTED_EDGE('',*,*,#795,.F.);
#1016=ORIENTED_EDGE('',*,*,#796,.F.);
#1017=ORIENTED_EDGE('',*,*,#744,.F.);
#1018=ORIENTED_EDGE('',*,*,#797,.F.);
#1019=ORIENTED_EDGE('',*,*,#798,.F.);
#1020=ORIENTED_EDGE('',*,*,#799,.F.);
#1021=ORIENTED_EDGE('',*,*,#756,.F.);
#1022=ORIENTED_EDGE('',*,*,#779,.F.);
#1023=ORIENTED_EDGE('',*,*,#764,.F.);
#1024=ORIENTED_EDGE('',*,*,#800,.F.);
#1025=ORIENTED_EDGE('',*,*,#801,.F.);
#1026=ORIENTED_EDGE('',*,*,#802,.F.);
#1027=ORIENTED_EDGE('',*,*,#803,.F.);
#1028=ORIENTED_EDGE('',*,*,#804,.F.);
#1029=ORIENTED_EDGE('',*,*,#805,.F.);
#1030=ORIENTED_EDGE('',*,*,#806,.F.);
#1031=ORIENTED_EDGE('',*,*,#807,.F.);
#1032=ORIENTED_EDGE('',*,*,#808,.F.);
#1033=ORIENTED_EDGE('',*,*,#809,.F.);
#1034=ORIENTED_EDGE('',*,*,#781,.T.);
#1035=ORIENTED_EDGE('',*,*,#758,.F.);
#1036=ORIENTED_EDGE('',*,*,#810,.F.);
#1037=ORIENTED_EDGE('',*,*,#767,.T.);
#1038=ORIENTED_EDGE('',*,*,#768,.T.);
#1039=ORIENTED_EDGE('',*,*,#810,.T.);
#1040=ORIENTED_EDGE('',*,*,#757,.T.);
#1041=ORIENTED_EDGE('',*,*,#811,.F.);
#1042=ORIENTED_EDGE('',*,*,#812,.T.);
#1043=ORIENTED_EDGE('',*,*,#782,.T.);
#1044=ORIENTED_EDGE('',*,*,#812,.F.);
#1045=ORIENTED_EDGE('',*,*,#813,.T.);
#1046=ORIENTED_EDGE('',*,*,#813,.F.);
#1047=ORIENTED_EDGE('',*,*,#814,.T.);
#1048=ORIENTED_EDGE('',*,*,#811,.T.);
#1049=ORIENTED_EDGE('',*,*,#814,.F.);
#1050=ORIENTED_EDGE('',*,*,#745,.T.);
#1051=ORIENTED_EDGE('',*,*,#796,.T.);
#1052=ORIENTED_EDGE('',*,*,#815,.F.);
#1053=ORIENTED_EDGE('',*,*,#816,.F.);
#1054=ORIENTED_EDGE('',*,*,#817,.F.);
#1055=ORIENTED_EDGE('',*,*,#818,.F.);
#1056=ORIENTED_EDGE('',*,*,#819,.F.);
#1057=ORIENTED_EDGE('',*,*,#820,.F.);
#1058=ORIENTED_EDGE('',*,*,#794,.T.);
#1059=ORIENTED_EDGE('',*,*,#747,.F.);
#1060=ORIENTED_EDGE('',*,*,#821,.T.);
#1061=ORIENTED_EDGE('',*,*,#822,.T.);
#1062=ORIENTED_EDGE('',*,*,#823,.T.);
#1063=ORIENTED_EDGE('',*,*,#824,.T.);
#1064=ORIENTED_EDGE('',*,*,#825,.T.);
#1065=ORIENTED_EDGE('',*,*,#826,.T.);
#1066=ORIENTED_EDGE('',*,*,#826,.F.);
#1067=ORIENTED_EDGE('',*,*,#827,.F.);
#1068=ORIENTED_EDGE('',*,*,#815,.T.);
#1069=ORIENTED_EDGE('',*,*,#795,.T.);
#1070=ORIENTED_EDGE('',*,*,#825,.F.);
#1071=ORIENTED_EDGE('',*,*,#828,.F.);
#1072=ORIENTED_EDGE('',*,*,#816,.T.);
#1073=ORIENTED_EDGE('',*,*,#827,.T.);
#1074=ORIENTED_EDGE('',*,*,#824,.F.);
#1075=ORIENTED_EDGE('',*,*,#829,.F.);
#1076=ORIENTED_EDGE('',*,*,#817,.T.);
#1077=ORIENTED_EDGE('',*,*,#828,.T.);
#1078=ORIENTED_EDGE('',*,*,#823,.F.);
#1079=ORIENTED_EDGE('',*,*,#830,.F.);
#1080=ORIENTED_EDGE('',*,*,#818,.T.);
#1081=ORIENTED_EDGE('',*,*,#829,.T.);
#1082=ORIENTED_EDGE('',*,*,#822,.F.);
#1083=ORIENTED_EDGE('',*,*,#831,.F.);
#1084=ORIENTED_EDGE('',*,*,#819,.T.);
#1085=ORIENTED_EDGE('',*,*,#830,.T.);
#1086=ORIENTED_EDGE('',*,*,#821,.F.);
#1087=ORIENTED_EDGE('',*,*,#746,.F.);
#1088=ORIENTED_EDGE('',*,*,#820,.T.);
#1089=ORIENTED_EDGE('',*,*,#831,.T.);
#1090=ORIENTED_EDGE('',*,*,#749,.T.);
#1091=ORIENTED_EDGE('',*,*,#793,.T.);
#1092=ORIENTED_EDGE('',*,*,#832,.F.);
#1093=ORIENTED_EDGE('',*,*,#833,.F.);
#1094=ORIENTED_EDGE('',*,*,#834,.F.);
#1095=ORIENTED_EDGE('',*,*,#835,.F.);
#1096=ORIENTED_EDGE('',*,*,#836,.F.);
#1097=ORIENTED_EDGE('',*,*,#837,.F.);
#1098=ORIENTED_EDGE('',*,*,#791,.T.);
#1099=ORIENTED_EDGE('',*,*,#751,.F.);
#1100=ORIENTED_EDGE('',*,*,#838,.T.);
#1101=ORIENTED_EDGE('',*,*,#839,.T.);
#1102=ORIENTED_EDGE('',*,*,#840,.T.);
#1103=ORIENTED_EDGE('',*,*,#841,.T.);
#1104=ORIENTED_EDGE('',*,*,#842,.T.);
#1105=ORIENTED_EDGE('',*,*,#843,.T.);
#1106=ORIENTED_EDGE('',*,*,#843,.F.);
#1107=ORIENTED_EDGE('',*,*,#844,.F.);
#1108=ORIENTED_EDGE('',*,*,#832,.T.);
#1109=ORIENTED_EDGE('',*,*,#792,.T.);
#1110=ORIENTED_EDGE('',*,*,#842,.F.);
#1111=ORIENTED_EDGE('',*,*,#845,.F.);
#1112=ORIENTED_EDGE('',*,*,#833,.T.);
#1113=ORIENTED_EDGE('',*,*,#844,.T.);
#1114=ORIENTED_EDGE('',*,*,#841,.F.);
#1115=ORIENTED_EDGE('',*,*,#846,.F.);
#1116=ORIENTED_EDGE('',*,*,#834,.T.);
#1117=ORIENTED_EDGE('',*,*,#845,.T.);
#1118=ORIENTED_EDGE('',*,*,#840,.F.);
#1119=ORIENTED_EDGE('',*,*,#847,.F.);
#1120=ORIENTED_EDGE('',*,*,#835,.T.);
#1121=ORIENTED_EDGE('',*,*,#846,.T.);
#1122=ORIENTED_EDGE('',*,*,#839,.F.);
#1123=ORIENTED_EDGE('',*,*,#848,.F.);
#1124=ORIENTED_EDGE('',*,*,#836,.T.);
#1125=ORIENTED_EDGE('',*,*,#847,.T.);
#1126=ORIENTED_EDGE('',*,*,#838,.F.);
#1127=ORIENTED_EDGE('',*,*,#750,.F.);
#1128=ORIENTED_EDGE('',*,*,#837,.T.);
#1129=ORIENTED_EDGE('',*,*,#848,.T.);
#1130=ORIENTED_EDGE('',*,*,#741,.T.);
#1131=ORIENTED_EDGE('',*,*,#799,.T.);
#1132=ORIENTED_EDGE('',*,*,#849,.F.);
#1133=ORIENTED_EDGE('',*,*,#850,.F.);
#1134=ORIENTED_EDGE('',*,*,#851,.F.);
#1135=ORIENTED_EDGE('',*,*,#852,.F.);
#1136=ORIENTED_EDGE('',*,*,#853,.F.);
#1137=ORIENTED_EDGE('',*,*,#854,.F.);
#1138=ORIENTED_EDGE('',*,*,#797,.T.);
#1139=ORIENTED_EDGE('',*,*,#743,.F.);
#1140=ORIENTED_EDGE('',*,*,#855,.T.);
#1141=ORIENTED_EDGE('',*,*,#856,.T.);
#1142=ORIENTED_EDGE('',*,*,#857,.T.);
#1143=ORIENTED_EDGE('',*,*,#858,.T.);
#1144=ORIENTED_EDGE('',*,*,#859,.T.);
#1145=ORIENTED_EDGE('',*,*,#860,.T.);
#1146=ORIENTED_EDGE('',*,*,#860,.F.);
#1147=ORIENTED_EDGE('',*,*,#861,.F.);
#1148=ORIENTED_EDGE('',*,*,#849,.T.);
#1149=ORIENTED_EDGE('',*,*,#798,.T.);
#1150=ORIENTED_EDGE('',*,*,#859,.F.);
#1151=ORIENTED_EDGE('',*,*,#862,.F.);
#1152=ORIENTED_EDGE('',*,*,#850,.T.);
#1153=ORIENTED_EDGE('',*,*,#861,.T.);
#1154=ORIENTED_EDGE('',*,*,#858,.F.);
#1155=ORIENTED_EDGE('',*,*,#863,.F.);
#1156=ORIENTED_EDGE('',*,*,#851,.T.);
#1157=ORIENTED_EDGE('',*,*,#862,.T.);
#1158=ORIENTED_EDGE('',*,*,#857,.F.);
#1159=ORIENTED_EDGE('',*,*,#864,.F.);
#1160=ORIENTED_EDGE('',*,*,#852,.T.);
#1161=ORIENTED_EDGE('',*,*,#863,.T.);
#1162=ORIENTED_EDGE('',*,*,#856,.F.);
#1163=ORIENTED_EDGE('',*,*,#865,.F.);
#1164=ORIENTED_EDGE('',*,*,#853,.T.);
#1165=ORIENTED_EDGE('',*,*,#864,.T.);
#1166=ORIENTED_EDGE('',*,*,#855,.F.);
#1167=ORIENTED_EDGE('',*,*,#742,.F.);
#1168=ORIENTED_EDGE('',*,*,#854,.T.);
#1169=ORIENTED_EDGE('',*,*,#865,.T.);
#1170=ORIENTED_EDGE('',*,*,#776,.F.);
#1171=ORIENTED_EDGE('',*,*,#866,.T.);
#1172=ORIENTED_EDGE('',*,*,#867,.T.);
#1173=ORIENTED_EDGE('',*,*,#868,.T.);
#1174=ORIENTED_EDGE('',*,*,#869,.T.);
#1175=ORIENTED_EDGE('',*,*,#870,.T.);
#1176=ORIENTED_EDGE('',*,*,#871,.T.);
#1177=ORIENTED_EDGE('',*,*,#785,.T.);
#1178=ORIENTED_EDGE('',*,*,#872,.F.);
#1179=ORIENTED_EDGE('',*,*,#774,.T.);
#1180=ORIENTED_EDGE('',*,*,#787,.T.);
#1181=ORIENTED_EDGE('',*,*,#873,.F.);
#1182=ORIENTED_EDGE('',*,*,#874,.F.);
#1183=ORIENTED_EDGE('',*,*,#875,.F.);
#1184=ORIENTED_EDGE('',*,*,#876,.F.);
#1185=ORIENTED_EDGE('',*,*,#877,.F.);
#1186=ORIENTED_EDGE('',*,*,#872,.T.);
#1187=ORIENTED_EDGE('',*,*,#878,.F.);
#1188=ORIENTED_EDGE('',*,*,#866,.F.);
#1189=ORIENTED_EDGE('',*,*,#775,.T.);
#1190=ORIENTED_EDGE('',*,*,#877,.T.);
#1191=ORIENTED_EDGE('',*,*,#879,.F.);
#1192=ORIENTED_EDGE('',*,*,#867,.F.);
#1193=ORIENTED_EDGE('',*,*,#878,.T.);
#1194=ORIENTED_EDGE('',*,*,#876,.T.);
#1195=ORIENTED_EDGE('',*,*,#880,.F.);
#1196=ORIENTED_EDGE('',*,*,#868,.F.);
#1197=ORIENTED_EDGE('',*,*,#879,.T.);
#1198=ORIENTED_EDGE('',*,*,#875,.T.);
#1199=ORIENTED_EDGE('',*,*,#881,.F.);
#1200=ORIENTED_EDGE('',*,*,#869,.F.);
#1201=ORIENTED_EDGE('',*,*,#880,.T.);
#1202=ORIENTED_EDGE('',*,*,#874,.T.);
#1203=ORIENTED_EDGE('',*,*,#882,.F.);
#1204=ORIENTED_EDGE('',*,*,#870,.F.);
#1205=ORIENTED_EDGE('',*,*,#881,.T.);
#1206=ORIENTED_EDGE('',*,*,#873,.T.);
#1207=ORIENTED_EDGE('',*,*,#786,.T.);
#1208=ORIENTED_EDGE('',*,*,#871,.F.);
#1209=ORIENTED_EDGE('',*,*,#882,.T.);
#1210=ORIENTED_EDGE('',*,*,#772,.F.);
#1211=ORIENTED_EDGE('',*,*,#883,.T.);
#1212=ORIENTED_EDGE('',*,*,#884,.T.);
#1213=ORIENTED_EDGE('',*,*,#885,.T.);
#1214=ORIENTED_EDGE('',*,*,#886,.T.);
#1215=ORIENTED_EDGE('',*,*,#887,.T.);
#1216=ORIENTED_EDGE('',*,*,#888,.T.);
#1217=ORIENTED_EDGE('',*,*,#788,.T.);
#1218=ORIENTED_EDGE('',*,*,#889,.F.);
#1219=ORIENTED_EDGE('',*,*,#770,.T.);
#1220=ORIENTED_EDGE('',*,*,#790,.T.);
#1221=ORIENTED_EDGE('',*,*,#890,.F.);
#1222=ORIENTED_EDGE('',*,*,#891,.F.);
#1223=ORIENTED_EDGE('',*,*,#892,.F.);
#1224=ORIENTED_EDGE('',*,*,#893,.F.);
#1225=ORIENTED_EDGE('',*,*,#894,.F.);
#1226=ORIENTED_EDGE('',*,*,#889,.T.);
#1227=ORIENTED_EDGE('',*,*,#895,.F.);
#1228=ORIENTED_EDGE('',*,*,#883,.F.);
#1229=ORIENTED_EDGE('',*,*,#771,.T.);
#1230=ORIENTED_EDGE('',*,*,#894,.T.);
#1231=ORIENTED_EDGE('',*,*,#896,.F.);
#1232=ORIENTED_EDGE('',*,*,#884,.F.);
#1233=ORIENTED_EDGE('',*,*,#895,.T.);
#1234=ORIENTED_EDGE('',*,*,#893,.T.);
#1235=ORIENTED_EDGE('',*,*,#897,.F.);
#1236=ORIENTED_EDGE('',*,*,#885,.F.);
#1237=ORIENTED_EDGE('',*,*,#896,.T.);
#1238=ORIENTED_EDGE('',*,*,#892,.T.);
#1239=ORIENTED_EDGE('',*,*,#898,.F.);
#1240=ORIENTED_EDGE('',*,*,#886,.F.);
#1241=ORIENTED_EDGE('',*,*,#897,.T.);
#1242=ORIENTED_EDGE('',*,*,#891,.T.);
#1243=ORIENTED_EDGE('',*,*,#899,.F.);
#1244=ORIENTED_EDGE('',*,*,#887,.F.);
#1245=ORIENTED_EDGE('',*,*,#898,.T.);
#1246=ORIENTED_EDGE('',*,*,#890,.T.);
#1247=ORIENTED_EDGE('',*,*,#789,.T.);
#1248=ORIENTED_EDGE('',*,*,#888,.F.);
#1249=ORIENTED_EDGE('',*,*,#899,.T.);
#1250=ORIENTED_EDGE('',*,*,#763,.F.);
#1251=ORIENTED_EDGE('',*,*,#900,.T.);
#1252=ORIENTED_EDGE('',*,*,#901,.T.);
#1253=ORIENTED_EDGE('',*,*,#902,.T.);
#1254=ORIENTED_EDGE('',*,*,#903,.T.);
#1255=ORIENTED_EDGE('',*,*,#904,.T.);
#1256=ORIENTED_EDGE('',*,*,#905,.T.);
#1257=ORIENTED_EDGE('',*,*,#800,.T.);
#1258=ORIENTED_EDGE('',*,*,#906,.F.);
#1259=ORIENTED_EDGE('',*,*,#778,.T.);
#1260=ORIENTED_EDGE('',*,*,#784,.T.);
#1261=ORIENTED_EDGE('',*,*,#907,.F.);
#1262=ORIENTED_EDGE('',*,*,#908,.F.);
#1263=ORIENTED_EDGE('',*,*,#909,.F.);
#1264=ORIENTED_EDGE('',*,*,#910,.F.);
#1265=ORIENTED_EDGE('',*,*,#911,.F.);
#1266=ORIENTED_EDGE('',*,*,#906,.T.);
#1267=ORIENTED_EDGE('',*,*,#912,.F.);
#1268=ORIENTED_EDGE('',*,*,#900,.F.);
#1269=ORIENTED_EDGE('',*,*,#762,.T.);
#1270=ORIENTED_EDGE('',*,*,#911,.T.);
#1271=ORIENTED_EDGE('',*,*,#913,.F.);
#1272=ORIENTED_EDGE('',*,*,#901,.F.);
#1273=ORIENTED_EDGE('',*,*,#912,.T.);
#1274=ORIENTED_EDGE('',*,*,#910,.T.);
#1275=ORIENTED_EDGE('',*,*,#914,.F.);
#1276=ORIENTED_EDGE('',*,*,#902,.F.);
#1277=ORIENTED_EDGE('',*,*,#913,.T.);
#1278=ORIENTED_EDGE('',*,*,#909,.T.);
#1279=ORIENTED_EDGE('',*,*,#915,.F.);
#1280=ORIENTED_EDGE('',*,*,#903,.F.);
#1281=ORIENTED_EDGE('',*,*,#914,.T.);
#1282=ORIENTED_EDGE('',*,*,#908,.T.);
#1283=ORIENTED_EDGE('',*,*,#916,.F.);
#1284=ORIENTED_EDGE('',*,*,#904,.F.);
#1285=ORIENTED_EDGE('',*,*,#915,.T.);
#1286=ORIENTED_EDGE('',*,*,#907,.T.);
#1287=ORIENTED_EDGE('',*,*,#783,.T.);
#1288=ORIENTED_EDGE('',*,*,#905,.F.);
#1289=ORIENTED_EDGE('',*,*,#916,.T.);
#1290=ORIENTED_EDGE('',*,*,#807,.T.);
#1291=ORIENTED_EDGE('',*,*,#917,.F.);
#1292=ORIENTED_EDGE('',*,*,#918,.F.);
#1293=ORIENTED_EDGE('',*,*,#919,.T.);
#1294=ORIENTED_EDGE('',*,*,#808,.T.);
#1295=ORIENTED_EDGE('',*,*,#919,.F.);
#1296=ORIENTED_EDGE('',*,*,#920,.F.);
#1297=ORIENTED_EDGE('',*,*,#921,.T.);
#1298=ORIENTED_EDGE('',*,*,#809,.T.);
#1299=ORIENTED_EDGE('',*,*,#921,.F.);
#1300=ORIENTED_EDGE('',*,*,#922,.F.);
#1301=ORIENTED_EDGE('',*,*,#923,.T.);
#1302=ORIENTED_EDGE('',*,*,#806,.T.);
#1303=ORIENTED_EDGE('',*,*,#923,.F.);
#1304=ORIENTED_EDGE('',*,*,#924,.F.);
#1305=ORIENTED_EDGE('',*,*,#917,.T.);
#1306=ORIENTED_EDGE('',*,*,#918,.T.);
#1307=ORIENTED_EDGE('',*,*,#924,.T.);
#1308=ORIENTED_EDGE('',*,*,#922,.T.);
#1309=ORIENTED_EDGE('',*,*,#920,.T.);
#1310=ORIENTED_EDGE('',*,*,#925,.F.);
#1311=ORIENTED_EDGE('',*,*,#926,.T.);
#1312=ORIENTED_EDGE('',*,*,#805,.T.);
#1313=ORIENTED_EDGE('',*,*,#926,.F.);
#1314=ORIENTED_EDGE('',*,*,#925,.T.);
#1315=ORIENTED_EDGE('',*,*,#802,.T.);
#1316=ORIENTED_EDGE('',*,*,#927,.F.);
#1317=ORIENTED_EDGE('',*,*,#928,.F.);
#1318=ORIENTED_EDGE('',*,*,#929,.T.);
#1319=ORIENTED_EDGE('',*,*,#803,.T.);
#1320=ORIENTED_EDGE('',*,*,#929,.F.);
#1321=ORIENTED_EDGE('',*,*,#930,.F.);
#1322=ORIENTED_EDGE('',*,*,#931,.T.);
#1323=ORIENTED_EDGE('',*,*,#804,.T.);
#1324=ORIENTED_EDGE('',*,*,#931,.F.);
#1325=ORIENTED_EDGE('',*,*,#932,.F.);
#1326=ORIENTED_EDGE('',*,*,#933,.T.);
#1327=ORIENTED_EDGE('',*,*,#801,.T.);
#1328=ORIENTED_EDGE('',*,*,#933,.F.);
#1329=ORIENTED_EDGE('',*,*,#934,.F.);
#1330=ORIENTED_EDGE('',*,*,#927,.T.);
#1331=ORIENTED_EDGE('',*,*,#928,.T.);
#1332=ORIENTED_EDGE('',*,*,#934,.T.);
#1333=ORIENTED_EDGE('',*,*,#932,.T.);
#1334=ORIENTED_EDGE('',*,*,#930,.T.);
#1335=SPHERICAL_SURFACE('',#1480,32.4250000000002);
#1336=STYLED_ITEM('',(#2426),#1390);
#1337=STYLED_ITEM('',(#2426),#1391);
#1338=STYLED_ITEM('',(#2426),#1392);
#1339=STYLED_ITEM('',(#2426),#1393);
#1340=STYLED_ITEM('',(#2425),#17);
#1341=STYLED_ITEM('',(#2427),#1405);
#1342=STYLED_ITEM('',(#2427),#1406);
#1343=STYLED_ITEM('',(#2427),#1407);
#1344=STYLED_ITEM('',(#2427),#1408);
#1345=STYLED_ITEM('',(#2427),#1409);
#1346=STYLED_ITEM('',(#2427),#1410);
#1347=STYLED_ITEM('',(#2427),#1411);
#1348=STYLED_ITEM('',(#2427),#1412);
#1349=STYLED_ITEM('',(#2427),#1413);
#1350=STYLED_ITEM('',(#2427),#1414);
#1351=STYLED_ITEM('',(#2427),#1415);
#1352=STYLED_ITEM('',(#2427),#1416);
#1353=STYLED_ITEM('',(#2427),#1417);
#1354=STYLED_ITEM('',(#2427),#1418);
#1355=STYLED_ITEM('',(#2427),#1419);
#1356=STYLED_ITEM('',(#2427),#1420);
#1357=STYLED_ITEM('',(#2427),#1421);
#1358=STYLED_ITEM('',(#2427),#1422);
#1359=STYLED_ITEM('',(#2427),#1423);
#1360=STYLED_ITEM('',(#2427),#1424);
#1361=STYLED_ITEM('',(#2427),#1425);
#1362=STYLED_ITEM('',(#2427),#1426);
#1363=STYLED_ITEM('',(#2427),#1427);
#1364=STYLED_ITEM('',(#2427),#1428);
#1365=STYLED_ITEM('',(#2427),#1429);
#1366=STYLED_ITEM('',(#2427),#1430);
#1367=STYLED_ITEM('',(#2427),#1431);
#1368=STYLED_ITEM('',(#2427),#1432);
#1369=STYLED_ITEM('',(#2427),#1433);
#1370=STYLED_ITEM('',(#2427),#1434);
#1371=STYLED_ITEM('',(#2427),#1435);
#1372=STYLED_ITEM('',(#2427),#1436);
#1373=STYLED_ITEM('',(#2427),#1437);
#1374=STYLED_ITEM('',(#2427),#1438);
#1375=STYLED_ITEM('',(#2427),#1439);
#1376=STYLED_ITEM('',(#2427),#1440);
#1377=STYLED_ITEM('',(#2427),#1441);
#1378=STYLED_ITEM('',(#2427),#1442);
#1379=STYLED_ITEM('',(#2427),#1443);
#1380=STYLED_ITEM('',(#2427),#1444);
#1381=STYLED_ITEM('',(#2427),#1445);
#1382=STYLED_ITEM('',(#2427),#1446);
#1383=STYLED_ITEM('',(#2427),#1447);
#1384=STYLED_ITEM('',(#2427),#1448);
#1385=STYLED_ITEM('',(#2427),#1449);
#1386=STYLED_ITEM('',(#2427),#1450);
#1387=STYLED_ITEM('',(#2427),#1451);
#1388=STYLED_ITEM('',(#2427),#1452);
#1389=STYLED_ITEM('',(#2425),#18);
#1390=ADVANCED_FACE('',(#403),#1335,.T.);
#1391=ADVANCED_FACE('',(#404),#382,.T.);
#1392=ADVANCED_FACE('',(#405),#70,.T.);
#1393=ADVANCED_FACE('',(#406),#19,.F.);
#1394=ADVANCED_FACE('',(#407),#20,.F.);
#1395=ADVANCED_FACE('',(#408),#21,.F.);
#1396=ADVANCED_FACE('',(#409),#22,.F.);
#1397=ADVANCED_FACE('',(#410),#23,.F.);
#1398=ADVANCED_FACE('',(#411,#13),#24,.T.);
#1399=ADVANCED_FACE('',(#412,#14,#15,#16),#25,.F.);
#1400=ADVANCED_FACE('',(#413),#26,.F.);
#1401=ADVANCED_FACE('',(#414),#27,.F.);
#1402=ADVANCED_FACE('',(#415),#383,.F.);
#1403=ADVANCED_FACE('',(#416),#28,.T.);
#1404=ADVANCED_FACE('',(#417),#71,.F.);
#1405=ADVANCED_FACE('',(#418),#29,.T.);
#1406=ADVANCED_FACE('',(#419),#30,.F.);
#1407=ADVANCED_FACE('',(#420),#384,.T.);
#1408=ADVANCED_FACE('',(#421),#31,.T.);
#1409=ADVANCED_FACE('',(#422),#385,.T.);
#1410=ADVANCED_FACE('',(#423),#32,.T.);
#1411=ADVANCED_FACE('',(#424),#386,.T.);
#1412=ADVANCED_FACE('',(#425),#33,.T.);
#1413=ADVANCED_FACE('',(#426),#34,.T.);
#1414=ADVANCED_FACE('',(#427),#35,.F.);
#1415=ADVANCED_FACE('',(#428),#387,.T.);
#1416=ADVANCED_FACE('',(#429),#36,.T.);
#1417=ADVANCED_FACE('',(#430),#388,.T.);
#1418=ADVANCED_FACE('',(#431),#37,.T.);
#1419=ADVANCED_FACE('',(#432),#389,.T.);
#1420=ADVANCED_FACE('',(#433),#38,.T.);
#1421=ADVANCED_FACE('',(#434),#39,.T.);
#1422=ADVANCED_FACE('',(#435),#40,.F.);
#1423=ADVANCED_FACE('',(#436),#390,.T.);
#1424=ADVANCED_FACE('',(#437),#41,.T.);
#1425=ADVANCED_FACE('',(#438),#391,.T.);
#1426=ADVANCED_FACE('',(#439),#42,.T.);
#1427=ADVANCED_FACE('',(#440),#392,.T.);
#1428=ADVANCED_FACE('',(#441),#43,.T.);
#1429=ADVANCED_FACE('',(#442),#44,.T.);
#1430=ADVANCED_FACE('',(#443),#45,.F.);
#1431=ADVANCED_FACE('',(#444),#46,.F.);
#1432=ADVANCED_FACE('',(#445),#393,.T.);
#1433=ADVANCED_FACE('',(#446),#47,.F.);
#1434=ADVANCED_FACE('',(#447),#394,.T.);
#1435=ADVANCED_FACE('',(#448),#48,.F.);
#1436=ADVANCED_FACE('',(#449),#395,.T.);
#1437=ADVANCED_FACE('',(#450),#49,.T.);
#1438=ADVANCED_FACE('',(#451),#50,.F.);
#1439=ADVANCED_FACE('',(#452),#51,.F.);
#1440=ADVANCED_FACE('',(#453),#396,.T.);
#1441=ADVANCED_FACE('',(#454),#52,.F.);
#1442=ADVANCED_FACE('',(#455),#397,.T.);
#1443=ADVANCED_FACE('',(#456),#53,.F.);
#1444=ADVANCED_FACE('',(#457),#398,.T.);
#1445=ADVANCED_FACE('',(#458),#54,.T.);
#1446=ADVANCED_FACE('',(#459),#55,.F.);
#1447=ADVANCED_FACE('',(#460),#56,.F.);
#1448=ADVANCED_FACE('',(#461),#399,.T.);
#1449=ADVANCED_FACE('',(#462),#57,.F.);
#1450=ADVANCED_FACE('',(#463),#400,.T.);
#1451=ADVANCED_FACE('',(#464),#58,.F.);
#1452=ADVANCED_FACE('',(#465),#401,.T.);
#1453=ADVANCED_FACE('',(#466),#59,.F.);
#1454=ADVANCED_FACE('',(#467),#60,.F.);
#1455=ADVANCED_FACE('',(#468),#61,.F.);
#1456=ADVANCED_FACE('',(#469),#62,.F.);
#1457=ADVANCED_FACE('',(#470),#63,.T.);
#1458=ADVANCED_FACE('',(#471),#402,.F.);
#1459=ADVANCED_FACE('',(#472),#64,.T.);
#1460=ADVANCED_FACE('',(#473),#65,.F.);
#1461=ADVANCED_FACE('',(#474),#66,.F.);
#1462=ADVANCED_FACE('',(#475),#67,.F.);
#1463=ADVANCED_FACE('',(#476),#68,.F.);
#1464=ADVANCED_FACE('',(#477),#69,.F.);
#1465=CLOSED_SHELL('',(#1390,#1391,#1392,#1393));
#1466=CLOSED_SHELL('',(#1394,#1395,#1396,#1397,#1398,#1399,#1400,#1401,
#1402,#1403,#1404,#1405,#1406,#1407,#1408,#1409,#1410,#1411,#1412,#1413,
#1414,#1415,#1416,#1417,#1418,#1419,#1420,#1421,#1422,#1423,#1424,#1425,
#1426,#1427,#1428,#1429,#1430,#1431,#1432,#1433,#1434,#1435,#1436,#1437,
#1438,#1439,#1440,#1441,#1442,#1443,#1444,#1445,#1446,#1447,#1448,#1449,
#1450,#1451,#1452,#1453,#1454,#1455,#1456,#1457,#1458,#1459,#1460,#1461,
#1462,#1463,#1464));
#1467=DERIVED_UNIT_ELEMENT(#1469,1.);
#1468=DERIVED_UNIT_ELEMENT(#2411,3.);
#1469=(
MASS_UNIT()
NAMED_UNIT(*)
SI_UNIT(.KILO.,.GRAM.)
);
#1470=DERIVED_UNIT((#1467,#1468));
#1471=MEASURE_REPRESENTATION_ITEM('density measure',
POSITIVE_RATIO_MEASURE(1020.),#1470);
#1472=PROPERTY_DEFINITION_REPRESENTATION(#1477,#1474);
#1473=PROPERTY_DEFINITION_REPRESENTATION(#1478,#1475);
#1474=REPRESENTATION('material name',(#1476),#2408);
#1475=REPRESENTATION('density',(#1471),#2408);
#1476=DESCRIPTIVE_REPRESENTATION_ITEM('SolidWorks Materials|ABS',
'SolidWorks Materials|ABS');
#1477=PROPERTY_DEFINITION('material property','material name',#2418);
#1478=PROPERTY_DEFINITION('material property','density of part',#2418);
#1479=AXIS2_PLACEMENT_3D('placement',#1997,#1600,#1601);
#1480=AXIS2_PLACEMENT_3D('',#1998,#1602,#1603);
#1481=AXIS2_PLACEMENT_3D('',#2000,#1604,#1605);
#1482=AXIS2_PLACEMENT_3D('',#2001,#1606,#1607);
#1483=AXIS2_PLACEMENT_3D('',#2004,#1608,#1609);
#1484=AXIS2_PLACEMENT_3D('',#2005,#1610,#1611);
#1485=AXIS2_PLACEMENT_3D('',#2007,#1613,#1614);
#1486=AXIS2_PLACEMENT_3D('',#2010,#1616,#1617);
#1487=AXIS2_PLACEMENT_3D('',#2011,#1618,#1619);
#1488=AXIS2_PLACEMENT_3D('',#2012,#1620,#1621);
#1489=AXIS2_PLACEMENT_3D('',#2045,#1638,#1639);
#1490=AXIS2_PLACEMENT_3D('',#2055,#1645,#1646);
#1491=AXIS2_PLACEMENT_3D('',#2089,#1664,#1665);
#1492=AXIS2_PLACEMENT_3D('',#2092,#1668,#1669);
#1493=AXIS2_PLACEMENT_3D('',#2095,#1671,#1672);
#1494=AXIS2_PLACEMENT_3D('',#2096,#1673,#1674);
#1495=AXIS2_PLACEMENT_3D('',#2136,#1697,#1698);
#1496=AXIS2_PLACEMENT_3D('',#2145,#1703,#1704);
#1497=AXIS2_PLACEMENT_3D('',#2147,#1706,#1707);
#1498=AXIS2_PLACEMENT_3D('',#2148,#1708,#1709);
#1499=AXIS2_PLACEMENT_3D('',#2150,#1710,#1711);
#1500=AXIS2_PLACEMENT_3D('',#2152,#1713,#1714);
#1501=AXIS2_PLACEMENT_3D('',#2154,#1715,#1716);
#1502=AXIS2_PLACEMENT_3D('',#2155,#1717,#1718);
#1503=AXIS2_PLACEMENT_3D('',#2157,#1720,#1721);
#1504=AXIS2_PLACEMENT_3D('',#2159,#1722,#1723);
#1505=AXIS2_PLACEMENT_3D('',#2163,#1725,#1726);
#1506=AXIS2_PLACEMENT_3D('',#2167,#1728,#1729);
#1507=AXIS2_PLACEMENT_3D('',#2169,#1731,#1732);
#1508=AXIS2_PLACEMENT_3D('',#2173,#1734,#1735);
#1509=AXIS2_PLACEMENT_3D('',#2177,#1737,#1738);
#1510=AXIS2_PLACEMENT_3D('',#2180,#1740,#1741);
#1511=AXIS2_PLACEMENT_3D('',#2181,#1742,#1743);
#1512=AXIS2_PLACEMENT_3D('',#2183,#1745,#1746);
#1513=AXIS2_PLACEMENT_3D('',#2185,#1748,#1749);
#1514=AXIS2_PLACEMENT_3D('',#2187,#1751,#1752);
#1515=AXIS2_PLACEMENT_3D('',#2189,#1754,#1755);
#1516=AXIS2_PLACEMENT_3D('',#2191,#1757,#1758);
#1517=AXIS2_PLACEMENT_3D('',#2192,#1759,#1760);
#1518=AXIS2_PLACEMENT_3D('',#2194,#1761,#1762);
#1519=AXIS2_PLACEMENT_3D('',#2198,#1764,#1765);
#1520=AXIS2_PLACEMENT_3D('',#2202,#1767,#1768);
#1521=AXIS2_PLACEMENT_3D('',#2204,#1770,#1771);
#1522=AXIS2_PLACEMENT_3D('',#2208,#1773,#1774);
#1523=AXIS2_PLACEMENT_3D('',#2212,#1776,#1777);
#1524=AXIS2_PLACEMENT_3D('',#2215,#1779,#1780);
#1525=AXIS2_PLACEMENT_3D('',#2216,#1781,#1782);
#1526=AXIS2_PLACEMENT_3D('',#2218,#1784,#1785);
#1527=AXIS2_PLACEMENT_3D('',#2220,#1787,#1788);
#1528=AXIS2_PLACEMENT_3D('',#2222,#1790,#1791);
#1529=AXIS2_PLACEMENT_3D('',#2224,#1793,#1794);
#1530=AXIS2_PLACEMENT_3D('',#2226,#1796,#1797);
#1531=AXIS2_PLACEMENT_3D('',#2227,#1798,#1799);
#1532=AXIS2_PLACEMENT_3D('',#2229,#1800,#1801);
#1533=AXIS2_PLACEMENT_3D('',#2233,#1803,#1804);
#1534=AXIS2_PLACEMENT_3D('',#2237,#1806,#1807);
#1535=AXIS2_PLACEMENT_3D('',#2239,#1809,#1810);
#1536=AXIS2_PLACEMENT_3D('',#2243,#1812,#1813);
#1537=AXIS2_PLACEMENT_3D('',#2247,#1815,#1816);
#1538=AXIS2_PLACEMENT_3D('',#2250,#1818,#1819);
#1539=AXIS2_PLACEMENT_3D('',#2251,#1820,#1821);
#1540=AXIS2_PLACEMENT_3D('',#2253,#1823,#1824);
#1541=AXIS2_PLACEMENT_3D('',#2255,#1826,#1827);
#1542=AXIS2_PLACEMENT_3D('',#2257,#1829,#1830);
#1543=AXIS2_PLACEMENT_3D('',#2259,#1832,#1833);
#1544=AXIS2_PLACEMENT_3D('',#2261,#1835,#1836);
#1545=AXIS2_PLACEMENT_3D('',#2262,#1837,#1838);
#1546=AXIS2_PLACEMENT_3D('',#2266,#1840,#1841);
#1547=AXIS2_PLACEMENT_3D('',#2270,#1843,#1844);
#1548=AXIS2_PLACEMENT_3D('',#2273,#1846,#1847);
#1549=AXIS2_PLACEMENT_3D('',#2274,#1848,#1849);
#1550=AXIS2_PLACEMENT_3D('',#2278,#1851,#1852);
#1551=AXIS2_PLACEMENT_3D('',#2282,#1854,#1855);
#1552=AXIS2_PLACEMENT_3D('',#2285,#1857,#1858);
#1553=AXIS2_PLACEMENT_3D('',#2286,#1859,#1860);
#1554=AXIS2_PLACEMENT_3D('',#2288,#1862,#1863);
#1555=AXIS2_PLACEMENT_3D('',#2290,#1865,#1866);
#1556=AXIS2_PLACEMENT_3D('',#2292,#1868,#1869);
#1557=AXIS2_PLACEMENT_3D('',#2294,#1871,#1872);
#1558=AXIS2_PLACEMENT_3D('',#2296,#1874,#1875);
#1559=AXIS2_PLACEMENT_3D('',#2297,#1876,#1877);
#1560=AXIS2_PLACEMENT_3D('',#2301,#1879,#1880);
#1561=AXIS2_PLACEMENT_3D('',#2305,#1882,#1883);
#1562=AXIS2_PLACEMENT_3D('',#2308,#1885,#1886);
#1563=AXIS2_PLACEMENT_3D('',#2309,#1887,#1888);
#1564=AXIS2_PLACEMENT_3D('',#2313,#1890,#1891);
#1565=AXIS2_PLACEMENT_3D('',#2317,#1893,#1894);
#1566=AXIS2_PLACEMENT_3D('',#2320,#1896,#1897);
#1567=AXIS2_PLACEMENT_3D('',#2321,#1898,#1899);
#1568=AXIS2_PLACEMENT_3D('',#2323,#1901,#1902);
#1569=AXIS2_PLACEMENT_3D('',#2325,#1904,#1905);
#1570=AXIS2_PLACEMENT_3D('',#2327,#1907,#1908);
#1571=AXIS2_PLACEMENT_3D('',#2329,#1910,#1911);
#1572=AXIS2_PLACEMENT_3D('',#2331,#1913,#1914);
#1573=AXIS2_PLACEMENT_3D('',#2332,#1915,#1916);
#1574=AXIS2_PLACEMENT_3D('',#2336,#1918,#1919);
#1575=AXIS2_PLACEMENT_3D('',#2340,#1921,#1922);
#1576=AXIS2_PLACEMENT_3D('',#2343,#1924,#1925);
#1577=AXIS2_PLACEMENT_3D('',#2344,#1926,#1927);
#1578=AXIS2_PLACEMENT_3D('',#2348,#1929,#1930);
#1579=AXIS2_PLACEMENT_3D('',#2352,#1932,#1933);
#1580=AXIS2_PLACEMENT_3D('',#2355,#1935,#1936);
#1581=AXIS2_PLACEMENT_3D('',#2356,#1937,#1938);
#1582=AXIS2_PLACEMENT_3D('',#2358,#1940,#1941);
#1583=AXIS2_PLACEMENT_3D('',#2360,#1943,#1944);
#1584=AXIS2_PLACEMENT_3D('',#2362,#1946,#1947);
#1585=AXIS2_PLACEMENT_3D('',#2364,#1949,#1950);
#1586=AXIS2_PLACEMENT_3D('',#2366,#1952,#1953);
#1587=AXIS2_PLACEMENT_3D('',#2367,#1954,#1955);
#1588=AXIS2_PLACEMENT_3D('',#2373,#1959,#1960);
#1589=AXIS2_PLACEMENT_3D('',#2377,#1963,#1964);
#1590=AXIS2_PLACEMENT_3D('',#2381,#1967,#1968);
#1591=AXIS2_PLACEMENT_3D('',#2383,#1970,#1971);
#1592=AXIS2_PLACEMENT_3D('',#2384,#1972,#1973);
#1593=AXIS2_PLACEMENT_3D('',#2386,#1974,#1975);
#1594=AXIS2_PLACEMENT_3D('',#2388,#1977,#1978);
#1595=AXIS2_PLACEMENT_3D('',#2389,#1979,#1980);
#1596=AXIS2_PLACEMENT_3D('',#2395,#1984,#1985);
#1597=AXIS2_PLACEMENT_3D('',#2399,#1988,#1989);
#1598=AXIS2_PLACEMENT_3D('',#2403,#1992,#1993);
#1599=AXIS2_PLACEMENT_3D('',#2405,#1995,#1996);
#1600=DIRECTION('axis',(0.,0.,1.));
#1601=DIRECTION('refdir',(1.,0.,0.));
#1602=DIRECTION('center_axis',(6.12323399573677E-17,-1.,-2.19134228453383E-16));
#1603=DIRECTION('ref_axis',(1.,0.,0.));
#1604=DIRECTION('center_axis',(0.,2.22044604925031E-16,-1.));
#1605=DIRECTION('ref_axis',(0.,1.,2.22044604925031E-16));
#1606=DIRECTION('center_axis',(0.,2.22044604925031E-16,-1.));
#1607=DIRECTION('ref_axis',(0.,1.,2.22044604925031E-16));
#1608=DIRECTION('center_axis',(0.,2.22044604925031E-16,-1.));
#1609=DIRECTION('ref_axis',(0.,1.,2.22044604925031E-16));
#1610=DIRECTION('center_axis',(0.,2.22044604925031E-16,-1.));
#1611=DIRECTION('ref_axis',(0.,1.,2.22044604925031E-16));
#1612=DIRECTION('',(0.,-2.22044604925031E-16,1.));
#1613=DIRECTION('center_axis',(0.,-2.22044604925031E-16,1.));
#1614=DIRECTION('ref_axis',(0.,-1.,-2.22044604925031E-16));
#1615=DIRECTION('',(8.65956056235507E-17,-0.707106781186559,-0.707106781186536));
#1616=DIRECTION('center_axis',(0.,2.22044604925031E-16,-1.));
#1617=DIRECTION('ref_axis',(0.,1.,2.22044604925031E-16));
#1618=DIRECTION('center_axis',(0.,-2.22044604925031E-16,1.));
#1619=DIRECTION('ref_axis',(0.,-1.,-2.22044604925031E-16));
#1620=DIRECTION('center_axis',(1.,0.,0.));
#1621=DIRECTION('ref_axis',(0.,1.,2.22044604925031E-16));
#1622=DIRECTION('',(0.,2.22044604925031E-16,-1.));
#1623=DIRECTION('',(0.,-1.,-2.22044604925031E-16));
#1624=DIRECTION('',(0.,2.22044604925031E-16,-1.));
#1625=DIRECTION('',(0.,-1.,-2.22044604925031E-16));
#1626=DIRECTION('',(0.,2.22044604925031E-16,-1.));
#1627=DIRECTION('',(0.,-1.,-2.22044604925031E-16));
#1628=DIRECTION('',(0.,2.22044604925031E-16,-1.));
#1629=DIRECTION('',(0.,-1.,-2.22044604925031E-16));
#1630=DIRECTION('',(0.,2.22044604925031E-16,-1.));
#1631=DIRECTION('',(0.,-1.,-2.22044604925031E-16));
#1632=DIRECTION('',(0.,2.22044604925031E-16,-1.));
#1633=DIRECTION('',(0.,-1.,-2.22044604925031E-16));
#1634=DIRECTION('',(0.,2.22044604925031E-16,-1.));
#1635=DIRECTION('',(0.,-1.,-2.22044604925031E-16));
#1636=DIRECTION('',(0.,2.22044604925031E-16,-1.));
#1637=DIRECTION('',(0.,-1.,-2.22044604925031E-16));
#1638=DIRECTION('center_axis',(-1.73472347597681E-16,1.,2.22044604925031E-16));
#1639=DIRECTION('ref_axis',(-1.,-1.73472347597681E-16,-3.85185988877447E-32));
#1640=DIRECTION('',(1.,1.38777878078145E-15,3.08148791101958E-31));
#1641=DIRECTION('',(0.,-2.22044604925031E-16,1.));
#1642=DIRECTION('',(1.,2.64338815386942E-16,5.86950078289443E-32));
#1643=DIRECTION('',(1.,2.22044604925031E-16,4.93038065763132E-32));
#1644=DIRECTION('',(0.,2.22044604925031E-16,-1.));
#1645=DIRECTION('center_axis',(-1.,0.,0.));
#1646=DIRECTION('ref_axis',(0.,-1.,-2.22044604925031E-16));
#1647=DIRECTION('',(0.,-1.,-2.22044604925031E-16));
#1648=DIRECTION('',(0.,2.22044604925031E-16,-1.));
#1649=DIRECTION('',(0.,1.,2.22044604925031E-16));
#1650=DIRECTION('',(0.,2.22044604925031E-16,-1.));
#1651=DIRECTION('',(0.,1.,2.22044604925031E-16));
#1652=DIRECTION('',(0.,-2.22044604925031E-16,1.));
#1653=DIRECTION('',(0.,1.,2.22044604925031E-16));
#1654=DIRECTION('',(0.,1.,2.22044604925031E-16));
#1655=DIRECTION('',(0.,2.22044604925031E-16,-1.));
#1656=DIRECTION('',(0.,-1.,-2.22044604925031E-16));
#1657=DIRECTION('',(0.,2.22044604925031E-16,-1.));
#1658=DIRECTION('',(0.,1.,2.22044604925031E-16));
#1659=DIRECTION('',(0.,2.22044604925031E-16,-1.));
#1660=DIRECTION('',(0.,-1.,-2.22044604925031E-16));
#1661=DIRECTION('',(0.,2.22044604925031E-16,-1.));
#1662=DIRECTION('',(0.,1.,2.22044604925031E-16));
#1663=DIRECTION('',(0.,2.22044604925031E-16,-1.));
#1664=DIRECTION('center_axis',(8.67361737988403E-17,-1.,-2.22044604925031E-16));
#1665=DIRECTION('ref_axis',(1.,8.67361737988403E-17,1.92592994438723E-32));
#1666=DIRECTION('',(-1.,-1.11022302462516E-16,-2.46519032881566E-32));
#1667=DIRECTION('',(-1.,-1.11022302462516E-16,-2.46519032881566E-32));
#1668=DIRECTION('center_axis',(0.,-2.22044604925031E-16,1.));
#1669=DIRECTION('ref_axis',(0.,-1.,-2.22044604925031E-16));
#1670=DIRECTION('',(-0.707106781186547,-0.707106781186548,-1.57009245868378E-16));
#1671=DIRECTION('center_axis',(0.,-2.22044604925031E-16,1.));
#1672=DIRECTION('ref_axis',(0.,-1.,-2.22044604925031E-16));
#1673=DIRECTION('center_axis',(0.,-2.22044604925031E-16,1.));
#1674=DIRECTION('ref_axis',(0.,-1.,-2.22044604925031E-16));
#1675=DIRECTION('',(0.,1.,2.22044604925031E-16));
#1676=DIRECTION('',(-1.,0.,0.));
#1677=DIRECTION('',(1.,2.08166817117218E-16,4.62223186652939E-32));
#1678=DIRECTION('',(0.,1.,2.22044604925031E-16));
#1679=DIRECTION('',(-1.,0.,0.));
#1680=DIRECTION('',(1.,2.7755575615629E-16,6.16297582203918E-32));
#1681=DIRECTION('',(0.,1.,2.22044604925031E-16));
#1682=DIRECTION('',(-1.,0.,0.));
#1683=DIRECTION('',(-1.,0.,0.));
#1684=DIRECTION('',(0.,-1.,-2.22044604925031E-16));
#1685=DIRECTION('',(1.,2.77555756156289E-16,6.16297582203915E-32));
#1686=DIRECTION('',(-1.,0.,0.));
#1687=DIRECTION('',(0.,-1.,-2.22044604925031E-16));
#1688=DIRECTION('',(1.,2.08166817117217E-16,4.62223186652936E-32));
#1689=DIRECTION('',(-1.,0.,0.));
#1690=DIRECTION('',(0.,-1.,-2.22044604925031E-16));
#1691=DIRECTION('',(1.,0.,0.));
#1692=DIRECTION('',(1.,0.,0.));
#1693=DIRECTION('',(-1.,2.1350442781253E-16,4.74075063233781E-32));
#1694=DIRECTION('',(-2.60208521396521E-16,-1.,-2.22044604925031E-16));
#1695=DIRECTION('',(1.,0.,0.));
#1696=DIRECTION('',(2.60208521396521E-16,1.,2.22044604925031E-16));
#1697=DIRECTION('center_axis',(0.,2.22044604925031E-16,-1.));
#1698=DIRECTION('ref_axis',(0.,1.,2.22044604925031E-16));
#1699=DIRECTION('',(1.,-2.1350442781253E-16,-4.74075063233781E-32));
#1700=DIRECTION('',(0.,1.,2.22044604925031E-16));
#1701=DIRECTION('',(-1.,0.,0.));
#1702=DIRECTION('',(0.,-1.,-2.22044604925031E-16));
#1703=DIRECTION('center_axis',(-0.707106781186548,0.707106781186547,1.57009245868377E-16));
#1704=DIRECTION('ref_axis',(-0.707106781186547,-0.707106781186548,-1.57009245868378E-16));
#1705=DIRECTION('',(-0.707106781186547,-0.707106781186548,-1.57009245868378E-16));
#1706=DIRECTION('center_axis',(0.,2.22044604925031E-16,-1.));
#1707=DIRECTION('ref_axis',(0.,1.,2.22044604925031E-16));
#1708=DIRECTION('center_axis',(0.,-2.22044604925031E-16,1.));
#1709=DIRECTION('ref_axis',(0.,-1.,-2.22044604925031E-16));
#1710=DIRECTION('center_axis',(0.,-2.22044604925031E-16,1.));
#1711=DIRECTION('ref_axis',(0.,-1.,-2.22044604925031E-16));
#1712=DIRECTION('',(0.,-2.22044604925031E-16,1.));
#1713=DIRECTION('center_axis',(0.,-2.22044604925031E-16,1.));
#1714=DIRECTION('ref_axis',(0.,-1.,-2.22044604925031E-16));
#1715=DIRECTION('center_axis',(0.,-2.22044604925031E-16,1.));
#1716=DIRECTION('ref_axis',(0.,-1.,-2.22044604925031E-16));
#1717=DIRECTION('center_axis',(0.,-2.22044604925031E-16,1.));
#1718=DIRECTION('ref_axis',(0.,-1.,-2.22044604925031E-16));
#1719=DIRECTION('',(-8.65956056235496E-17,0.70710678118655,0.707106781186545));
#1720=DIRECTION('center_axis',(0.,1.,2.22044604925031E-16));
#1721=DIRECTION('ref_axis',(-1.,0.,0.));
#1722=DIRECTION('center_axis',(0.,-1.,-2.22044604925031E-16));
#1723=DIRECTION('ref_axis',(-1.,0.,0.));
#1724=DIRECTION('',(1.,0.,0.));
#1725=DIRECTION('center_axis',(0.,-1.,-2.22044604925031E-16));
#1726=DIRECTION('ref_axis',(-1.,0.,0.));
#1727=DIRECTION('',(0.,2.22044604925031E-16,-1.));
#1728=DIRECTION('center_axis',(0.,-1.,-2.22044604925031E-16));
#1729=DIRECTION('ref_axis',(1.,0.,0.));
#1730=DIRECTION('',(-1.,0.,0.));
#1731=DIRECTION('center_axis',(0.,1.,2.22044604925031E-16));
#1732=DIRECTION('ref_axis',(-1.,0.,0.));
#1733=DIRECTION('',(-1.,0.,0.));
#1734=DIRECTION('center_axis',(0.,-1.,-2.22044604925031E-16));
#1735=DIRECTION('ref_axis',(1.,0.,0.));
#1736=DIRECTION('',(0.,2.22044604925031E-16,-1.));
#1737=DIRECTION('center_axis',(0.,-1.,-2.22044604925031E-16));
#1738=DIRECTION('ref_axis',(-1.,0.,0.));
#1739=DIRECTION('',(1.,0.,0.));
#1740=DIRECTION('center_axis',(0.,-1.,-2.22044604925031E-16));
#1741=DIRECTION('ref_axis',(-1.,0.,0.));
#1742=DIRECTION('center_axis',(0.,-1.,-2.22044604925031E-16));
#1743=DIRECTION('ref_axis',(1.,0.,0.));
#1744=DIRECTION('',(0.,-1.,-2.22044604925031E-16));
#1745=DIRECTION('center_axis',(0.,2.22044604925031E-16,-1.));
#1746=DIRECTION('ref_axis',(0.,1.,2.22044604925031E-16));
#1747=DIRECTION('',(0.,-1.,-2.22044604925031E-16));
#1748=DIRECTION('center_axis',(0.,-1.,-2.22044604925031E-16));
#1749=DIRECTION('ref_axis',(1.,0.,0.));
#1750=DIRECTION('',(0.,-1.,-2.22044604925031E-16));
#1751=DIRECTION('center_axis',(-1.,0.,0.));
#1752=DIRECTION('ref_axis',(0.,-1.,-2.22044604925031E-16));
#1753=DIRECTION('',(0.,-1.,-2.22044604925031E-16));
#1754=DIRECTION('center_axis',(0.,-1.,-2.22044604925031E-16));
#1755=DIRECTION('ref_axis',(1.,0.,0.));
#1756=DIRECTION('',(0.,-1.,-2.22044604925031E-16));
#1757=DIRECTION('center_axis',(0.,-2.22044604925031E-16,1.));
#1758=DIRECTION('ref_axis',(0.,-1.,-2.22044604925031E-16));
#1759=DIRECTION('center_axis',(0.,1.,2.22044604925031E-16));
#1760=DIRECTION('ref_axis',(-1.,0.,0.));
#1761=DIRECTION('center_axis',(0.,-1.,-2.22044604925031E-16));
#1762=DIRECTION('ref_axis',(-1.,0.,0.));
#1763=DIRECTION('',(1.,0.,0.));
#1764=DIRECTION('center_axis',(0.,-1.,-2.22044604925031E-16));
#1765=DIRECTION('ref_axis',(-1.,0.,0.));
#1766=DIRECTION('',(0.,2.22044604925031E-16,-1.));
#1767=DIRECTION('center_axis',(0.,-1.,-2.22044604925031E-16));
#1768=DIRECTION('ref_axis',(1.,0.,0.));
#1769=DIRECTION('',(-1.,0.,0.));
#1770=DIRECTION('center_axis',(0.,1.,2.22044604925031E-16));
#1771=DIRECTION('ref_axis',(-1.,0.,0.));
#1772=DIRECTION('',(-1.,0.,0.));
#1773=DIRECTION('center_axis',(0.,-1.,-2.22044604925031E-16));
#1774=DIRECTION('ref_axis',(1.,0.,0.));
#1775=DIRECTION('',(0.,2.22044604925031E-16,-1.));
#1776=DIRECTION('center_axis',(0.,-1.,-2.22044604925031E-16));
#1777=DIRECTION('ref_axis',(-1.,0.,0.));
#1778=DIRECTION('',(1.,0.,0.));
#1779=DIRECTION('center_axis',(0.,-1.,-2.22044604925031E-16));
#1780=DIRECTION('ref_axis',(-1.,0.,0.));
#1781=DIRECTION('center_axis',(0.,-1.,-2.22044604925031E-16));
#1782=DIRECTION('ref_axis',(1.,0.,0.));
#1783=DIRECTION('',(0.,-1.,-2.22044604925031E-16));
#1784=DIRECTION('center_axis',(0.,2.22044604925031E-16,-1.));
#1785=DIRECTION('ref_axis',(0.,1.,2.22044604925031E-16));
#1786=DIRECTION('',(0.,-1.,-2.22044604925031E-16));
#1787=DIRECTION('center_axis',(0.,-1.,-2.22044604925031E-16));
#1788=DIRECTION('ref_axis',(1.,0.,0.));
#1789=DIRECTION('',(0.,-1.,-2.22044604925031E-16));
#1790=DIRECTION('center_axis',(-1.,0.,0.));
#1791=DIRECTION('ref_axis',(0.,-1.,-2.22044604925031E-16));
#1792=DIRECTION('',(0.,-1.,-2.22044604925031E-16));
#1793=DIRECTION('center_axis',(0.,-1.,-2.22044604925031E-16));
#1794=DIRECTION('ref_axis',(1.,0.,0.));
#1795=DIRECTION('',(0.,-1.,-2.22044604925031E-16));
#1796=DIRECTION('center_axis',(0.,-2.22044604925031E-16,1.));
#1797=DIRECTION('ref_axis',(0.,-1.,-2.22044604925031E-16));
#1798=DIRECTION('center_axis',(0.,1.,2.22044604925031E-16));
#1799=DIRECTION('ref_axis',(-1.,0.,0.));
#1800=DIRECTION('center_axis',(0.,-1.,-2.22044604925031E-16));
#1801=DIRECTION('ref_axis',(-1.,0.,0.));
#1802=DIRECTION('',(1.,0.,0.));
#1803=DIRECTION('center_axis',(0.,-1.,-2.22044604925031E-16));
#1804=DIRECTION('ref_axis',(-1.,0.,0.));
#1805=DIRECTION('',(0.,2.22044604925031E-16,-1.));
#1806=DIRECTION('center_axis',(0.,-1.,-2.22044604925031E-16));
#1807=DIRECTION('ref_axis',(1.,0.,0.));
#1808=DIRECTION('',(-1.,0.,0.));
#1809=DIRECTION('center_axis',(0.,1.,2.22044604925031E-16));
#1810=DIRECTION('ref_axis',(-1.,0.,0.));
#1811=DIRECTION('',(-1.,0.,0.));
#1812=DIRECTION('center_axis',(0.,-1.,-2.22044604925031E-16));
#1813=DIRECTION('ref_axis',(1.,0.,0.));
#1814=DIRECTION('',(0.,2.22044604925031E-16,-1.));
#1815=DIRECTION('center_axis',(0.,-1.,-2.22044604925031E-16));
#1816=DIRECTION('ref_axis',(-1.,0.,0.));
#1817=DIRECTION('',(1.,0.,0.));
#1818=DIRECTION('center_axis',(0.,-1.,-2.22044604925031E-16));
#1819=DIRECTION('ref_axis',(-1.,0.,0.));
#1820=DIRECTION('center_axis',(0.,-1.,-2.22044604925031E-16));
#1821=DIRECTION('ref_axis',(1.,0.,0.));
#1822=DIRECTION('',(0.,-1.,-2.22044604925031E-16));
#1823=DIRECTION('center_axis',(0.,2.22044604925031E-16,-1.));
#1824=DIRECTION('ref_axis',(0.,1.,2.22044604925031E-16));
#1825=DIRECTION('',(0.,-1.,-2.22044604925031E-16));
#1826=DIRECTION('center_axis',(0.,-1.,-2.22044604925031E-16));
#1827=DIRECTION('ref_axis',(1.,0.,0.));
#1828=DIRECTION('',(0.,-1.,-2.22044604925031E-16));
#1829=DIRECTION('center_axis',(-1.,0.,0.));
#1830=DIRECTION('ref_axis',(0.,-1.,-2.22044604925031E-16));
#1831=DIRECTION('',(0.,-1.,-2.22044604925031E-16));
#1832=DIRECTION('center_axis',(0.,-1.,-2.22044604925031E-16));
#1833=DIRECTION('ref_axis',(1.,0.,0.));
#1834=DIRECTION('',(0.,-1.,-2.22044604925031E-16));
#1835=DIRECTION('center_axis',(0.,-2.22044604925031E-16,1.));
#1836=DIRECTION('ref_axis',(0.,-1.,-2.22044604925031E-16));
#1837=DIRECTION('center_axis',(0.,1.,2.22044604925031E-16));
#1838=DIRECTION('ref_axis',(-1.,0.,0.));
#1839=DIRECTION('',(1.,0.,0.));
#1840=DIRECTION('center_axis',(0.,1.,2.22044604925031E-16));
#1841=DIRECTION('ref_axis',(-1.,0.,0.));
#1842=DIRECTION('',(0.,2.22044604925031E-16,-1.));
#1843=DIRECTION('center_axis',(0.,1.,2.22044604925031E-16));
#1844=DIRECTION('ref_axis',(1.,0.,0.));
#1845=DIRECTION('',(-1.,0.,0.));
#1846=DIRECTION('center_axis',(0.,1.,2.22044604925031E-16));
#1847=DIRECTION('ref_axis',(1.,0.,0.));
#1848=DIRECTION('center_axis',(0.,1.,2.22044604925031E-16));
#1849=DIRECTION('ref_axis',(-1.,0.,0.));
#1850=DIRECTION('',(1.,0.,0.));
#1851=DIRECTION('center_axis',(0.,1.,2.22044604925031E-16));
#1852=DIRECTION('ref_axis',(1.,0.,0.));
#1853=DIRECTION('',(-1.,0.,0.));
#1854=DIRECTION('center_axis',(0.,1.,2.22044604925031E-16));
#1855=DIRECTION('ref_axis',(1.,0.,0.));
#1856=DIRECTION('',(0.,2.22044604925031E-16,-1.));
#1857=DIRECTION('center_axis',(0.,1.,2.22044604925031E-16));
#1858=DIRECTION('ref_axis',(-1.,0.,0.));
#1859=DIRECTION('center_axis',(0.,2.22044604925031E-16,-1.));
#1860=DIRECTION('ref_axis',(0.,1.,2.22044604925031E-16));
#1861=DIRECTION('',(0.,-1.,-2.22044604925031E-16));
#1862=DIRECTION('center_axis',(0.,-1.,-2.22044604925031E-16));
#1863=DIRECTION('ref_axis',(1.,0.,0.));
#1864=DIRECTION('',(0.,-1.,-2.22044604925031E-16));
#1865=DIRECTION('center_axis',(-1.,0.,0.));
#1866=DIRECTION('ref_axis',(0.,-1.,-2.22044604925031E-16));
#1867=DIRECTION('',(0.,-1.,-2.22044604925031E-16));
#1868=DIRECTION('center_axis',(0.,-1.,-2.22044604925031E-16));
#1869=DIRECTION('ref_axis',(1.,0.,0.));
#1870=DIRECTION('',(0.,-1.,-2.22044604925031E-16));
#1871=DIRECTION('center_axis',(0.,-2.22044604925031E-16,1.));
#1872=DIRECTION('ref_axis',(0.,-1.,-2.22044604925031E-16));
#1873=DIRECTION('',(0.,-1.,-2.22044604925031E-16));
#1874=DIRECTION('center_axis',(0.,-1.,-2.22044604925031E-16));
#1875=DIRECTION('ref_axis',(1.,0.,0.));
#1876=DIRECTION('center_axis',(0.,1.,2.22044604925031E-16));
#1877=DIRECTION('ref_axis',(-1.,0.,0.));
#1878=DIRECTION('',(1.,0.,0.));
#1879=DIRECTION('center_axis',(0.,1.,2.22044604925031E-16));
#1880=DIRECTION('ref_axis',(-1.,0.,0.));
#1881=DIRECTION('',(0.,2.22044604925031E-16,-1.));
#1882=DIRECTION('center_axis',(0.,1.,2.22044604925031E-16));
#1883=DIRECTION('ref_axis',(1.,0.,0.));
#1884=DIRECTION('',(-1.,0.,0.));
#1885=DIRECTION('center_axis',(0.,1.,2.22044604925031E-16));
#1886=DIRECTION('ref_axis',(1.,0.,0.));
#1887=DIRECTION('center_axis',(0.,1.,2.22044604925031E-16));
#1888=DIRECTION('ref_axis',(-1.,0.,0.));
#1889=DIRECTION('',(1.,0.,0.));
#1890=DIRECTION('center_axis',(0.,1.,2.22044604925031E-16));
#1891=DIRECTION('ref_axis',(1.,0.,0.));
#1892=DIRECTION('',(-1.,0.,0.));
#1893=DIRECTION('center_axis',(0.,1.,2.22044604925031E-16));
#1894=DIRECTION('ref_axis',(1.,0.,0.));
#1895=DIRECTION('',(0.,2.22044604925031E-16,-1.));
#1896=DIRECTION('center_axis',(0.,1.,2.22044604925031E-16));
#1897=DIRECTION('ref_axis',(-1.,0.,0.));
#1898=DIRECTION('center_axis',(0.,2.22044604925031E-16,-1.));
#1899=DIRECTION('ref_axis',(0.,1.,2.22044604925031E-16));
#1900=DIRECTION('',(0.,-1.,-2.22044604925031E-16));
#1901=DIRECTION('center_axis',(0.,-1.,-2.22044604925031E-16));
#1902=DIRECTION('ref_axis',(1.,0.,0.));
#1903=DIRECTION('',(0.,-1.,-2.22044604925031E-16));
#1904=DIRECTION('center_axis',(-1.,0.,0.));
#1905=DIRECTION('ref_axis',(0.,-1.,-2.22044604925031E-16));
#1906=DIRECTION('',(0.,-1.,-2.22044604925031E-16));
#1907=DIRECTION('center_axis',(0.,-1.,-2.22044604925031E-16));
#1908=DIRECTION('ref_axis',(1.,0.,0.));
#1909=DIRECTION('',(0.,-1.,-2.22044604925031E-16));
#1910=DIRECTION('center_axis',(0.,-2.22044604925031E-16,1.));
#1911=DIRECTION('ref_axis',(0.,-1.,-2.22044604925031E-16));
#1912=DIRECTION('',(0.,-1.,-2.22044604925031E-16));
#1913=DIRECTION('center_axis',(0.,-1.,-2.22044604925031E-16));
#1914=DIRECTION('ref_axis',(1.,0.,0.));
#1915=DIRECTION('center_axis',(0.,1.,2.22044604925031E-16));
#1916=DIRECTION('ref_axis',(-1.,0.,0.));
#1917=DIRECTION('',(1.,0.,0.));
#1918=DIRECTION('center_axis',(0.,1.,2.22044604925031E-16));
#1919=DIRECTION('ref_axis',(-1.,0.,0.));
#1920=DIRECTION('',(0.,2.22044604925031E-16,-1.));
#1921=DIRECTION('center_axis',(0.,1.,2.22044604925031E-16));
#1922=DIRECTION('ref_axis',(1.,0.,0.));
#1923=DIRECTION('',(-1.,0.,0.));
#1924=DIRECTION('center_axis',(0.,1.,2.22044604925031E-16));
#1925=DIRECTION('ref_axis',(1.,0.,0.));
#1926=DIRECTION('center_axis',(0.,1.,2.22044604925031E-16));
#1927=DIRECTION('ref_axis',(-1.,0.,0.));
#1928=DIRECTION('',(1.,0.,0.));
#1929=DIRECTION('center_axis',(0.,1.,2.22044604925031E-16));
#1930=DIRECTION('ref_axis',(1.,0.,0.));
#1931=DIRECTION('',(-1.,0.,0.));
#1932=DIRECTION('center_axis',(0.,1.,2.22044604925031E-16));
#1933=DIRECTION('ref_axis',(1.,0.,0.));
#1934=DIRECTION('',(0.,2.22044604925031E-16,-1.));
#1935=DIRECTION('center_axis',(0.,1.,2.22044604925031E-16));
#1936=DIRECTION('ref_axis',(-1.,0.,0.));
#1937=DIRECTION('center_axis',(0.,2.22044604925031E-16,-1.));
#1938=DIRECTION('ref_axis',(0.,1.,2.22044604925031E-16));
#1939=DIRECTION('',(0.,-1.,-2.22044604925031E-16));
#1940=DIRECTION('center_axis',(0.,-1.,-2.22044604925031E-16));
#1941=DIRECTION('ref_axis',(1.,0.,0.));
#1942=DIRECTION('',(0.,-1.,-2.22044604925031E-16));
#1943=DIRECTION('center_axis',(-1.,0.,0.));
#1944=DIRECTION('ref_axis',(0.,-1.,-2.22044604925031E-16));
#1945=DIRECTION('',(0.,-1.,-2.22044604925031E-16));
#1946=DIRECTION('center_axis',(0.,-1.,-2.22044604925031E-16));
#1947=DIRECTION('ref_axis',(1.,0.,0.));
#1948=DIRECTION('',(0.,-1.,-2.22044604925031E-16));
#1949=DIRECTION('center_axis',(0.,-2.22044604925031E-16,1.));
#1950=DIRECTION('ref_axis',(0.,-1.,-2.22044604925031E-16));
#1951=DIRECTION('',(0.,-1.,-2.22044604925031E-16));
#1952=DIRECTION('center_axis',(0.,-1.,-2.22044604925031E-16));
#1953=DIRECTION('ref_axis',(1.,0.,0.));
#1954=DIRECTION('center_axis',(-1.,0.,0.));
#1955=DIRECTION('ref_axis',(0.,-1.,-2.22044604925031E-16));
#1956=DIRECTION('',(0.,2.22044604925031E-16,-1.));
#1957=DIRECTION('',(0.,1.,2.22044604925031E-16));
#1958=DIRECTION('',(0.,2.22044604925031E-16,-1.));
#1959=DIRECTION('center_axis',(0.,-1.,-2.22044604925031E-16));
#1960=DIRECTION('ref_axis',(1.,0.,0.));
#1961=DIRECTION('',(-1.,0.,0.));
#1962=DIRECTION('',(0.,2.22044604925031E-16,-1.));
#1963=DIRECTION('center_axis',(1.,0.,0.));
#1964=DIRECTION('ref_axis',(0.,1.,2.22044604925031E-16));
#1965=DIRECTION('',(0.,-1.,-2.22044604925031E-16));
#1966=DIRECTION('',(0.,2.22044604925031E-16,-1.));
#1967=DIRECTION('center_axis',(1.66800334228539E-16,1.,2.22044604925031E-16));
#1968=DIRECTION('ref_axis',(-1.,1.66800334228539E-16,3.70371143151391E-32));
#1969=DIRECTION('',(1.,-2.1350442781253E-16,-4.74075063233781E-32));
#1970=DIRECTION('center_axis',(0.,2.22044604925031E-16,-1.));
#1971=DIRECTION('ref_axis',(0.,1.,2.22044604925031E-16));
#1972=DIRECTION('center_axis',(0.,2.22044604925031E-16,-1.));
#1973=DIRECTION('ref_axis',(0.,1.,2.22044604925031E-16));
#1974=DIRECTION('center_axis',(0.,2.22044604925031E-16,-1.));
#1975=DIRECTION('ref_axis',(0.,1.,2.22044604925031E-16));
#1976=DIRECTION('',(0.,2.22044604925031E-16,-1.));
#1977=DIRECTION('center_axis',(0.,2.22044604925031E-16,-1.));
#1978=DIRECTION('ref_axis',(0.,1.,2.22044604925031E-16));
#1979=DIRECTION('center_axis',(1.,-2.03287907341032E-16,-4.51389830715758E-32));
#1980=DIRECTION('ref_axis',(2.03287907341032E-16,1.,2.22044604925031E-16));
#1981=DIRECTION('',(0.,2.22044604925031E-16,-1.));
#1982=DIRECTION('',(-2.60208521396521E-16,-1.,-2.22044604925031E-16));
#1983=DIRECTION('',(0.,2.22044604925031E-16,-1.));
#1984=DIRECTION('center_axis',(0.,1.,2.22044604925031E-16));
#1985=DIRECTION('ref_axis',(-1.,0.,0.));
#1986=DIRECTION('',(1.,0.,0.));
#1987=DIRECTION('',(0.,2.22044604925031E-16,-1.));
#1988=DIRECTION('center_axis',(-1.,2.03287907341032E-16,4.51389830715758E-32));
#1989=DIRECTION('ref_axis',(-2.03287907341032E-16,-1.,-2.22044604925031E-16));
#1990=DIRECTION('',(2.60208521396521E-16,1.,2.22044604925031E-16));
#1991=DIRECTION('',(0.,2.22044604925031E-16,-1.));
#1992=DIRECTION('center_axis',(-1.66800334228539E-16,-1.,-2.22044604925031E-16));
#1993=DIRECTION('ref_axis',(1.,-1.66800334228539E-16,-3.70371143151391E-32));
#1994=DIRECTION('',(-1.,2.1350442781253E-16,4.74075063233781E-32));
#1995=DIRECTION('center_axis',(0.,-2.22044604925031E-16,1.));
#1996=DIRECTION('ref_axis',(0.,-1.,-2.22044604925031E-16));
#1997=CARTESIAN_POINT('',(0.,0.,0.));
#1998=CARTESIAN_POINT('Origin',(0.,-0.099999999999992,-30.9750000000002));
#1999=CARTESIAN_POINT('',(-2.20436423846524E-16,-1.9,1.4));
#2000=CARTESIAN_POINT('Origin',(0.,-0.0999999999999991,1.4));
#2001=CARTESIAN_POINT('Origin',(0.,-0.0999999999999991,1.));
#2002=CARTESIAN_POINT('',(0.,1.7,1.2));
#2003=CARTESIAN_POINT('',(-2.20436423846524E-16,-1.9,1.2));
#2004=CARTESIAN_POINT('Origin',(0.,-0.0999999999999991,1.2));
#2005=CARTESIAN_POINT('Origin',(0.,-0.0999999999999991,1.2));
#2006=CARTESIAN_POINT('',(-2.20436423846524E-16,-1.9,1.));
#2007=CARTESIAN_POINT('Origin',(0.,-0.0999999999999991,1.2));
#2008=CARTESIAN_POINT('',(0.,1.49999999999999,1.));
#2009=CARTESIAN_POINT('',(-2.20436423846524E-16,1.7,1.2));
#2010=CARTESIAN_POINT('Origin',(0.,-0.0999999999999991,1.));
#2011=CARTESIAN_POINT('Origin',(-1.59999999999999,-0.0999999999999991,1.));
#2012=CARTESIAN_POINT('Origin',(-2.5,-2.6,1.4));
#2013=CARTESIAN_POINT('',(-2.5,2.2,0.800000000000002));
#2014=CARTESIAN_POINT('',(-2.5,2.2,-0.0999999999999977));
#2015=CARTESIAN_POINT('',(-2.5,2.2,0.800000000000002));
#2016=CARTESIAN_POINT('',(-2.5,1.2,0.800000000000002));
#2017=CARTESIAN_POINT('',(-2.5,2.2,0.800000000000002));
#2018=CARTESIAN_POINT('',(-2.5,1.2,-0.099999999999998));
#2019=CARTESIAN_POINT('',(-2.5,1.2,0.800000000000002));
#2020=CARTESIAN_POINT('',(-2.5,0.399999999999999,-0.0999999999999983));
#2021=CARTESIAN_POINT('',(-2.5,1.2,-0.099999999999998));
#2022=CARTESIAN_POINT('',(-2.5,0.400000000000001,0.800000000000002));
#2023=CARTESIAN_POINT('',(-2.5,0.399999999999999,0.800000000000002));
#2024=CARTESIAN_POINT('',(-2.5,-0.599999999999999,0.800000000000002));
#2025=CARTESIAN_POINT('',(-2.5,0.400000000000001,0.800000000000002));
#2026=CARTESIAN_POINT('',(-2.5,-0.6,-0.0999999999999983));
#2027=CARTESIAN_POINT('',(-2.5,-0.6,0.800000000000002));
#2028=CARTESIAN_POINT('',(-2.5,-1.4,-0.0999999999999985));
#2029=CARTESIAN_POINT('',(-2.5,-0.6,-0.0999999999999983));
#2030=CARTESIAN_POINT('',(-2.5,-1.4,0.800000000000001));
#2031=CARTESIAN_POINT('',(-2.5,-1.4,0.800000000000001));
#2032=CARTESIAN_POINT('',(-2.5,-2.4,0.800000000000001));
#2033=CARTESIAN_POINT('',(-2.5,-1.4,0.800000000000001));
#2034=CARTESIAN_POINT('',(-2.5,-2.4,-0.0999999999999988));
#2035=CARTESIAN_POINT('',(-2.5,-2.4,0.800000000000001));
#2036=CARTESIAN_POINT('',(-2.5,-2.6,-0.0999999999999988));
#2037=CARTESIAN_POINT('',(-2.5,-2.4,-0.0999999999999988));
#2038=CARTESIAN_POINT('',(-2.5,-2.6,1.4));
#2039=CARTESIAN_POINT('',(-2.5,-2.6,1.4));
#2040=CARTESIAN_POINT('',(-2.5,2.4,1.4));
#2041=CARTESIAN_POINT('',(-2.5,2.4,1.4));
#2042=CARTESIAN_POINT('',(-2.5,2.4,-0.0999999999999977));
#2043=CARTESIAN_POINT('',(-2.5,2.4,1.4));
#2044=CARTESIAN_POINT('',(-2.5,2.4,-0.0999999999999977));
#2045=CARTESIAN_POINT('Origin',(2.5,-2.6,1.4));
#2046=CARTESIAN_POINT('',(1.7,-2.6,1.2));
#2047=CARTESIAN_POINT('',(2.5,-2.6,1.2));
#2048=CARTESIAN_POINT('',(1.7,-2.6,1.2));
#2049=CARTESIAN_POINT('',(1.7,-2.6,1.4));
#2050=CARTESIAN_POINT('',(1.7,-2.6,1.2));
#2051=CARTESIAN_POINT('',(-2.5,-2.6,1.4));
#2052=CARTESIAN_POINT('',(2.5,-2.6,-0.0999999999999988));
#2053=CARTESIAN_POINT('',(-2.5,-2.6,-0.0999999999999988));
#2054=CARTESIAN_POINT('',(2.5,-2.6,1.2));
#2055=CARTESIAN_POINT('Origin',(2.5,-2.6,1.4));
#2056=CARTESIAN_POINT('',(2.5,2.2,0.800000000000002));
#2057=CARTESIAN_POINT('',(2.5,1.2,0.800000000000002));
#2058=CARTESIAN_POINT('',(2.5,2.2,0.800000000000002));
#2059=CARTESIAN_POINT('',(2.5,2.2,-0.0999999999999977));
#2060=CARTESIAN_POINT('',(2.5,2.2,0.800000000000002));
#2061=CARTESIAN_POINT('',(2.5,2.4,-0.0999999999999977));
#2062=CARTESIAN_POINT('',(2.5,2.2,-0.0999999999999977));
#2063=CARTESIAN_POINT('',(2.5,2.4,1.4));
#2064=CARTESIAN_POINT('',(2.5,2.4,1.4));
#2065=CARTESIAN_POINT('',(2.5,-1.8,1.4));
#2066=CARTESIAN_POINT('',(2.5,-1.8,1.4));
#2067=CARTESIAN_POINT('',(2.5,-1.8,1.2));
#2068=CARTESIAN_POINT('',(2.5,-1.8,1.2));
#2069=CARTESIAN_POINT('',(2.5,-2.6,1.2));
#2070=CARTESIAN_POINT('',(2.5,-2.4,-0.0999999999999988));
#2071=CARTESIAN_POINT('',(2.5,-2.6,-0.0999999999999988));
#2072=CARTESIAN_POINT('',(2.5,-2.4,0.800000000000001));
#2073=CARTESIAN_POINT('',(2.5,-2.4,0.800000000000001));
#2074=CARTESIAN_POINT('',(2.5,-1.4,0.800000000000001));
#2075=CARTESIAN_POINT('',(2.5,-1.4,0.800000000000001));
#2076=CARTESIAN_POINT('',(2.5,-1.4,-0.0999999999999985));
#2077=CARTESIAN_POINT('',(2.5,-1.4,0.800000000000001));
#2078=CARTESIAN_POINT('',(2.5,-0.599999999999999,-0.0999999999999983));
#2079=CARTESIAN_POINT('',(2.5,-1.4,-0.0999999999999985));
#2080=CARTESIAN_POINT('',(2.5,-0.599999999999999,0.800000000000002));
#2081=CARTESIAN_POINT('',(2.5,-0.6,0.800000000000002));
#2082=CARTESIAN_POINT('',(2.5,0.400000000000001,0.800000000000002));
#2083=CARTESIAN_POINT('',(2.5,0.400000000000001,0.800000000000002));
#2084=CARTESIAN_POINT('',(2.5,0.4,-0.0999999999999983));
#2085=CARTESIAN_POINT('',(2.5,0.4,0.800000000000002));
#2086=CARTESIAN_POINT('',(2.5,1.2,-0.099999999999998));
#2087=CARTESIAN_POINT('',(2.5,0.4,-0.0999999999999983));
#2088=CARTESIAN_POINT('',(2.5,1.2,0.800000000000002));
#2089=CARTESIAN_POINT('Origin',(2.5,2.4,1.4));
#2090=CARTESIAN_POINT('',(2.5,2.4,-0.0999999999999977));
#2091=CARTESIAN_POINT('',(2.5,2.4,1.4));
#2092=CARTESIAN_POINT('Origin',(-2.5,2.4,1.4));
#2093=CARTESIAN_POINT('',(2.5,-1.8,1.4));
#2094=CARTESIAN_POINT('',(-2.20436423846524E-16,1.7,1.4));
#2095=CARTESIAN_POINT('Origin',(0.,-0.0999999999999991,1.4));
#2096=CARTESIAN_POINT('Origin',(-2.5,2.4,-0.0999999999999977));
#2097=CARTESIAN_POINT('',(1.5,1.2,-0.099999999999998));
#2098=CARTESIAN_POINT('',(1.5,2.2,-0.0999999999999977));
#2099=CARTESIAN_POINT('',(1.5,1.2,-0.099999999999998));
#2100=CARTESIAN_POINT('',(2.5,1.2,-0.099999999999998));
#2101=CARTESIAN_POINT('',(1.5,0.400000000000001,-0.0999999999999983));
#2102=CARTESIAN_POINT('',(1.5,0.4,-0.0999999999999983));
#2103=CARTESIAN_POINT('',(1.5,-0.599999999999999,-0.0999999999999983));
#2104=CARTESIAN_POINT('',(1.5,-0.599999999999999,-0.0999999999999983));
#2105=CARTESIAN_POINT('',(2.5,-0.599999999999999,-0.0999999999999983));
#2106=CARTESIAN_POINT('',(1.5,-1.4,-0.0999999999999985));
#2107=CARTESIAN_POINT('',(1.5,-1.4,-0.0999999999999985));
#2108=CARTESIAN_POINT('',(1.5,-2.4,-0.0999999999999988));
#2109=CARTESIAN_POINT('',(1.5,-2.4,-0.0999999999999988));
#2110=CARTESIAN_POINT('',(2.5,-2.4,-0.0999999999999988));
#2111=CARTESIAN_POINT('',(-1.5,-2.4,-0.0999999999999988));
#2112=CARTESIAN_POINT('',(-1.5,-2.4,-0.0999999999999988));
#2113=CARTESIAN_POINT('',(-1.5,-1.4,-0.0999999999999985));
#2114=CARTESIAN_POINT('',(-1.5,-1.4,-0.0999999999999985));
#2115=CARTESIAN_POINT('',(-2.5,-1.4,-0.0999999999999985));
#2116=CARTESIAN_POINT('',(-1.5,-0.599999999999999,-0.0999999999999983));
#2117=CARTESIAN_POINT('',(-1.5,-0.6,-0.0999999999999983));
#2118=CARTESIAN_POINT('',(-1.5,0.4,-0.0999999999999983));
#2119=CARTESIAN_POINT('',(-1.5,0.4,-0.0999999999999983));
#2120=CARTESIAN_POINT('',(-2.5,0.4,-0.0999999999999983));
#2121=CARTESIAN_POINT('',(-1.5,1.2,-0.099999999999998));
#2122=CARTESIAN_POINT('',(-1.5,1.2,-0.099999999999998));
#2123=CARTESIAN_POINT('',(-1.5,2.2,-0.0999999999999977));
#2124=CARTESIAN_POINT('',(-1.5,2.2,-0.0999999999999977));
#2125=CARTESIAN_POINT('',(-2.5,2.2,-0.0999999999999977));
#2126=CARTESIAN_POINT('',(1.5,2.2,-0.0999999999999977));
#2127=CARTESIAN_POINT('',(0.65,0.700000000000002,-0.099999999999998));
#2128=CARTESIAN_POINT('',(-0.65,0.700000000000002,-0.099999999999998));
#2129=CARTESIAN_POINT('',(0.65,0.700000000000002,-0.099999999999998));
#2130=CARTESIAN_POINT('',(0.65,2.3,-0.0999999999999977));
#2131=CARTESIAN_POINT('',(0.65,2.3,-0.0999999999999977));
#2132=CARTESIAN_POINT('',(-0.649999999999999,2.3,-0.0999999999999977));
#2133=CARTESIAN_POINT('',(-0.649999999999999,2.3,-0.0999999999999977));
#2134=CARTESIAN_POINT('',(-0.65,0.700000000000002,-0.099999999999998));
#2135=CARTESIAN_POINT('',(-7.9602041944578E-17,-0.749999999999999,-0.0999999999999984));
#2136=CARTESIAN_POINT('Origin',(0.,-0.0999999999999988,-0.0999999999999983));
#2137=CARTESIAN_POINT('',(-0.65,-0.9,-0.0999999999999985));
#2138=CARTESIAN_POINT('',(0.65,-0.9,-0.0999999999999985));
#2139=CARTESIAN_POINT('',(-0.65,-0.9,-0.0999999999999985));
#2140=CARTESIAN_POINT('',(-0.65,-2.5,-0.0999999999999988));
#2141=CARTESIAN_POINT('',(-0.65,-2.5,-0.0999999999999988));
#2142=CARTESIAN_POINT('',(0.65,-2.5,-0.0999999999999988));
#2143=CARTESIAN_POINT('',(0.65,-2.5,-0.0999999999999988));
#2144=CARTESIAN_POINT('',(0.65,-0.9,-0.0999999999999985));
#2145=CARTESIAN_POINT('Origin',(2.5,-1.8,1.2));
#2146=CARTESIAN_POINT('',(2.5,-1.8,1.2));
#2147=CARTESIAN_POINT('Origin',(2.5,-2.6,1.2));
#2148=CARTESIAN_POINT('Origin',(0.,-0.0999999999999991,1.2));
#2149=CARTESIAN_POINT('',(-2.20436423846524E-16,1.7,1.2));
#2150=CARTESIAN_POINT('Origin',(0.,-0.0999999999999991,1.2));
#2151=CARTESIAN_POINT('',(-2.20436423846524E-16,1.7,1.2));
#2152=CARTESIAN_POINT('Origin',(0.,-0.0999999999999991,1.));
#2153=CARTESIAN_POINT('',(-1.95943487863577E-16,1.5,1.));
#2154=CARTESIAN_POINT('Origin',(0.,-0.0999999999999991,1.));
#2155=CARTESIAN_POINT('Origin',(0.,-0.0999999999999991,1.));
#2156=CARTESIAN_POINT('',(-1.95943487863577E-16,1.5,1.));
#2157=CARTESIAN_POINT('Origin',(-1.6,0.400000000000001,-0.0999999999999983));
#2158=CARTESIAN_POINT('',(-1.6,0.400000000000001,-0.199999999999998));
#2159=CARTESIAN_POINT('Origin',(-1.6,0.400000000000001,-0.0999999999999983));
#2160=CARTESIAN_POINT('',(-2.65,0.400000000000001,-0.199999999999998));
#2161=CARTESIAN_POINT('',(-2.65,0.400000000000001,-0.199999999999998));
#2162=CARTESIAN_POINT('',(-2.75,0.400000000000001,-0.0999999999999983));
#2163=CARTESIAN_POINT('Origin',(-2.65,0.400000000000001,-0.0999999999999983));
#2164=CARTESIAN_POINT('',(-2.75,0.400000000000001,0.700000000000002));
#2165=CARTESIAN_POINT('',(-2.75,0.400000000000001,0.700000000000002));
#2166=CARTESIAN_POINT('',(-2.65,0.400000000000001,0.800000000000002));
#2167=CARTESIAN_POINT('Origin',(-2.65,0.400000000000001,0.700000000000002));
#2168=CARTESIAN_POINT('',(-2.5,0.400000000000001,0.800000000000002));
#2169=CARTESIAN_POINT('Origin',(-1.6,-0.599999999999999,-0.0999999999999983));
#2170=CARTESIAN_POINT('',(-2.65,-0.599999999999999,0.800000000000001));
#2171=CARTESIAN_POINT('',(-2.5,-0.599999999999999,0.800000000000002));
#2172=CARTESIAN_POINT('',(-2.75,-0.599999999999999,0.700000000000002));
#2173=CARTESIAN_POINT('Origin',(-2.65,-0.599999999999999,0.700000000000002));
#2174=CARTESIAN_POINT('',(-2.75,-0.599999999999999,-0.0999999999999983));
#2175=CARTESIAN_POINT('',(-2.75,-0.599999999999999,0.700000000000001));
#2176=CARTESIAN_POINT('',(-2.65,-0.599999999999999,-0.199999999999998));
#2177=CARTESIAN_POINT('Origin',(-2.65,-0.599999999999999,-0.0999999999999983));
#2178=CARTESIAN_POINT('',(-1.6,-0.599999999999999,-0.199999999999998));
#2179=CARTESIAN_POINT('',(-2.65,-0.599999999999999,-0.199999999999998));
#2180=CARTESIAN_POINT('Origin',(-1.6,-0.599999999999999,-0.0999999999999983));
#2181=CARTESIAN_POINT('Origin',(-1.6,0.400000000000001,-0.0999999999999983));
#2182=CARTESIAN_POINT('',(-1.6,0.400000000000001,-0.199999999999998));
#2183=CARTESIAN_POINT('Origin',(-1.6,0.400000000000001,-0.199999999999998));
#2184=CARTESIAN_POINT('',(-2.65,0.400000000000001,-0.199999999999998));
#2185=CARTESIAN_POINT('Origin',(-2.65,0.400000000000001,-0.0999999999999983));
#2186=CARTESIAN_POINT('',(-2.75,0.400000000000001,-0.0999999999999983));
#2187=CARTESIAN_POINT('Origin',(-2.75,0.400000000000001,-0.0999999999999983));
#2188=CARTESIAN_POINT('',(-2.75,0.400000000000001,0.700000000000002));
#2189=CARTESIAN_POINT('Origin',(-2.65,0.400000000000001,0.700000000000002));
#2190=CARTESIAN_POINT('',(-2.65,0.400000000000001,0.800000000000002));
#2191=CARTESIAN_POINT('Origin',(-2.5,0.400000000000001,0.800000000000002));
#2192=CARTESIAN_POINT('Origin',(-1.6,-1.4,-0.0999999999999985));
#2193=CARTESIAN_POINT('',(-1.6,-1.4,-0.199999999999999));
#2194=CARTESIAN_POINT('Origin',(-1.6,-1.4,-0.0999999999999985));
#2195=CARTESIAN_POINT('',(-2.65,-1.4,-0.199999999999999));
#2196=CARTESIAN_POINT('',(-2.65,-1.4,-0.199999999999999));
#2197=CARTESIAN_POINT('',(-2.75,-1.4,-0.0999999999999985));
#2198=CARTESIAN_POINT('Origin',(-2.65,-1.4,-0.0999999999999985));
#2199=CARTESIAN_POINT('',(-2.75,-1.4,0.700000000000001));
#2200=CARTESIAN_POINT('',(-2.75,-1.4,0.700000000000001));
#2201=CARTESIAN_POINT('',(-2.65,-1.4,0.800000000000001));
#2202=CARTESIAN_POINT('Origin',(-2.65,-1.4,0.700000000000001));
#2203=CARTESIAN_POINT('',(-2.5,-1.4,0.800000000000001));
#2204=CARTESIAN_POINT('Origin',(-1.6,-2.4,-0.0999999999999988));
#2205=CARTESIAN_POINT('',(-2.65,-2.4,0.800000000000001));
#2206=CARTESIAN_POINT('',(-2.5,-2.4,0.800000000000001));
#2207=CARTESIAN_POINT('',(-2.75,-2.4,0.700000000000001));
#2208=CARTESIAN_POINT('Origin',(-2.65,-2.4,0.700000000000001));
#2209=CARTESIAN_POINT('',(-2.75,-2.4,-0.0999999999999988));
#2210=CARTESIAN_POINT('',(-2.75,-2.4,0.700000000000001));
#2211=CARTESIAN_POINT('',(-2.65,-2.4,-0.199999999999999));
#2212=CARTESIAN_POINT('Origin',(-2.65,-2.4,-0.0999999999999988));
#2213=CARTESIAN_POINT('',(-1.6,-2.4,-0.199999999999999));
#2214=CARTESIAN_POINT('',(-2.65,-2.4,-0.199999999999999));
#2215=CARTESIAN_POINT('Origin',(-1.6,-2.4,-0.0999999999999988));
#2216=CARTESIAN_POINT('Origin',(-1.6,-1.4,-0.0999999999999985));
#2217=CARTESIAN_POINT('',(-1.6,-1.4,-0.199999999999999));
#2218=CARTESIAN_POINT('Origin',(-1.6,-1.4,-0.199999999999999));
#2219=CARTESIAN_POINT('',(-2.65,-1.4,-0.199999999999999));
#2220=CARTESIAN_POINT('Origin',(-2.65,-1.4,-0.0999999999999985));
#2221=CARTESIAN_POINT('',(-2.75,-1.4,-0.0999999999999985));
#2222=CARTESIAN_POINT('Origin',(-2.75,-1.4,-0.0999999999999985));
#2223=CARTESIAN_POINT('',(-2.75,-1.4,0.700000000000001));
#2224=CARTESIAN_POINT('Origin',(-2.65,-1.4,0.700000000000001));
#2225=CARTESIAN_POINT('',(-2.65,-1.4,0.800000000000001));
#2226=CARTESIAN_POINT('Origin',(-2.5,-1.4,0.800000000000001));
#2227=CARTESIAN_POINT('Origin',(-1.6,2.2,-0.0999999999999977));
#2228=CARTESIAN_POINT('',(-1.6,2.2,-0.199999999999998));
#2229=CARTESIAN_POINT('Origin',(-1.6,2.2,-0.0999999999999977));
#2230=CARTESIAN_POINT('',(-2.65,2.2,-0.199999999999998));
#2231=CARTESIAN_POINT('',(-2.65,2.2,-0.199999999999998));
#2232=CARTESIAN_POINT('',(-2.75,2.2,-0.0999999999999977));
#2233=CARTESIAN_POINT('Origin',(-2.65,2.2,-0.0999999999999977));
#2234=CARTESIAN_POINT('',(-2.75,2.2,0.700000000000002));
#2235=CARTESIAN_POINT('',(-2.75,2.2,0.700000000000002));
#2236=CARTESIAN_POINT('',(-2.65,2.2,0.800000000000002));
#2237=CARTESIAN_POINT('Origin',(-2.65,2.2,0.700000000000002));
#2238=CARTESIAN_POINT('',(-2.5,2.2,0.800000000000002));
#2239=CARTESIAN_POINT('Origin',(-1.6,1.2,-0.099999999999998));
#2240=CARTESIAN_POINT('',(-2.65,1.2,0.800000000000002));
#2241=CARTESIAN_POINT('',(-2.5,1.2,0.800000000000002));
#2242=CARTESIAN_POINT('',(-2.75,1.2,0.700000000000002));
#2243=CARTESIAN_POINT('Origin',(-2.65,1.2,0.700000000000002));
#2244=CARTESIAN_POINT('',(-2.75,1.2,-0.099999999999998));
#2245=CARTESIAN_POINT('',(-2.75,1.2,0.700000000000002));
#2246=CARTESIAN_POINT('',(-2.65,1.2,-0.199999999999998));
#2247=CARTESIAN_POINT('Origin',(-2.65,1.2,-0.099999999999998));
#2248=CARTESIAN_POINT('',(-1.6,1.2,-0.199999999999998));
#2249=CARTESIAN_POINT('',(-2.65,1.2,-0.199999999999998));
#2250=CARTESIAN_POINT('Origin',(-1.6,1.2,-0.099999999999998));
#2251=CARTESIAN_POINT('Origin',(-1.6,2.2,-0.0999999999999977));
#2252=CARTESIAN_POINT('',(-1.6,2.2,-0.199999999999998));
#2253=CARTESIAN_POINT('Origin',(-1.6,2.2,-0.199999999999998));
#2254=CARTESIAN_POINT('',(-2.65,2.2,-0.199999999999998));
#2255=CARTESIAN_POINT('Origin',(-2.65,2.2,-0.0999999999999977));
#2256=CARTESIAN_POINT('',(-2.75,2.2,-0.0999999999999977));
#2257=CARTESIAN_POINT('Origin',(-2.75,2.2,-0.0999999999999977));
#2258=CARTESIAN_POINT('',(-2.75,2.2,0.700000000000002));
#2259=CARTESIAN_POINT('Origin',(-2.65,2.2,0.700000000000002));
#2260=CARTESIAN_POINT('',(-2.65,2.2,0.800000000000002));
#2261=CARTESIAN_POINT('Origin',(-2.5,2.2,0.800000000000002));
#2262=CARTESIAN_POINT('Origin',(1.6,0.400000000000001,-0.0999999999999983));
#2263=CARTESIAN_POINT('',(2.65,0.400000000000001,0.800000000000002));
#2264=CARTESIAN_POINT('',(2.5,0.400000000000001,0.800000000000002));
#2265=CARTESIAN_POINT('',(2.75,0.400000000000001,0.700000000000002));
#2266=CARTESIAN_POINT('Origin',(2.65,0.400000000000001,0.700000000000002));
#2267=CARTESIAN_POINT('',(2.75,0.400000000000001,-0.0999999999999983));
#2268=CARTESIAN_POINT('',(2.75,0.400000000000001,0.700000000000002));
#2269=CARTESIAN_POINT('',(2.65,0.400000000000001,-0.199999999999998));
#2270=CARTESIAN_POINT('Origin',(2.65,0.400000000000001,-0.0999999999999983));
#2271=CARTESIAN_POINT('',(1.6,0.400000000000001,-0.199999999999998));
#2272=CARTESIAN_POINT('',(2.65,0.400000000000001,-0.199999999999998));
#2273=CARTESIAN_POINT('Origin',(1.6,0.400000000000001,-0.0999999999999983));
#2274=CARTESIAN_POINT('Origin',(1.6,-0.599999999999999,-0.0999999999999983));
#2275=CARTESIAN_POINT('',(2.65,-0.599999999999999,0.800000000000001));
#2276=CARTESIAN_POINT('',(2.5,-0.599999999999999,0.800000000000002));
#2277=CARTESIAN_POINT('',(1.6,-0.599999999999999,-0.199999999999998));
#2278=CARTESIAN_POINT('Origin',(1.6,-0.599999999999999,-0.0999999999999983));
#2279=CARTESIAN_POINT('',(2.65,-0.599999999999999,-0.199999999999998));
#2280=CARTESIAN_POINT('',(2.65,-0.599999999999999,-0.199999999999998));
#2281=CARTESIAN_POINT('',(2.75,-0.599999999999999,-0.0999999999999983));
#2282=CARTESIAN_POINT('Origin',(2.65,-0.599999999999999,-0.0999999999999983));
#2283=CARTESIAN_POINT('',(2.75,-0.599999999999999,0.700000000000002));
#2284=CARTESIAN_POINT('',(2.75,-0.599999999999999,0.700000000000001));
#2285=CARTESIAN_POINT('Origin',(2.65,-0.599999999999999,0.700000000000002));
#2286=CARTESIAN_POINT('Origin',(2.5,0.400000000000001,0.800000000000002));
#2287=CARTESIAN_POINT('',(2.65,0.400000000000001,0.800000000000002));
#2288=CARTESIAN_POINT('Origin',(2.65,0.400000000000001,0.700000000000002));
#2289=CARTESIAN_POINT('',(2.75,0.400000000000001,0.700000000000002));
#2290=CARTESIAN_POINT('Origin',(2.75,0.400000000000001,-0.0999999999999983));
#2291=CARTESIAN_POINT('',(2.75,0.400000000000001,-0.0999999999999983));
#2292=CARTESIAN_POINT('Origin',(2.65,0.400000000000001,-0.0999999999999983));
#2293=CARTESIAN_POINT('',(2.65,0.400000000000001,-0.199999999999998));
#2294=CARTESIAN_POINT('Origin',(1.6,0.400000000000001,-0.199999999999998));
#2295=CARTESIAN_POINT('',(1.6,0.400000000000001,-0.199999999999998));
#2296=CARTESIAN_POINT('Origin',(1.6,0.400000000000001,-0.0999999999999983));
#2297=CARTESIAN_POINT('Origin',(1.6,-1.4,-0.0999999999999985));
#2298=CARTESIAN_POINT('',(2.65,-1.4,0.800000000000001));
#2299=CARTESIAN_POINT('',(2.5,-1.4,0.800000000000001));
#2300=CARTESIAN_POINT('',(2.75,-1.4,0.700000000000001));
#2301=CARTESIAN_POINT('Origin',(2.65,-1.4,0.700000000000001));
#2302=CARTESIAN_POINT('',(2.75,-1.4,-0.0999999999999985));
#2303=CARTESIAN_POINT('',(2.75,-1.4,0.700000000000001));
#2304=CARTESIAN_POINT('',(2.65,-1.4,-0.199999999999999));
#2305=CARTESIAN_POINT('Origin',(2.65,-1.4,-0.0999999999999985));
#2306=CARTESIAN_POINT('',(1.6,-1.4,-0.199999999999999));
#2307=CARTESIAN_POINT('',(2.65,-1.4,-0.199999999999999));
#2308=CARTESIAN_POINT('Origin',(1.6,-1.4,-0.0999999999999985));
#2309=CARTESIAN_POINT('Origin',(1.6,-2.4,-0.0999999999999988));
#2310=CARTESIAN_POINT('',(2.65,-2.4,0.800000000000001));
#2311=CARTESIAN_POINT('',(2.5,-2.4,0.800000000000001));
#2312=CARTESIAN_POINT('',(1.6,-2.4,-0.199999999999999));
#2313=CARTESIAN_POINT('Origin',(1.6,-2.4,-0.0999999999999988));
#2314=CARTESIAN_POINT('',(2.65,-2.4,-0.199999999999999));
#2315=CARTESIAN_POINT('',(2.65,-2.4,-0.199999999999999));
#2316=CARTESIAN_POINT('',(2.75,-2.4,-0.0999999999999988));
#2317=CARTESIAN_POINT('Origin',(2.65,-2.4,-0.0999999999999988));
#2318=CARTESIAN_POINT('',(2.75,-2.4,0.700000000000001));
#2319=CARTESIAN_POINT('',(2.75,-2.4,0.700000000000001));
#2320=CARTESIAN_POINT('Origin',(2.65,-2.4,0.700000000000001));
#2321=CARTESIAN_POINT('Origin',(2.5,-1.4,0.800000000000001));
#2322=CARTESIAN_POINT('',(2.65,-1.4,0.800000000000001));
#2323=CARTESIAN_POINT('Origin',(2.65,-1.4,0.700000000000001));
#2324=CARTESIAN_POINT('',(2.75,-1.4,0.700000000000001));
#2325=CARTESIAN_POINT('Origin',(2.75,-1.4,-0.0999999999999985));
#2326=CARTESIAN_POINT('',(2.75,-1.4,-0.0999999999999985));
#2327=CARTESIAN_POINT('Origin',(2.65,-1.4,-0.0999999999999985));
#2328=CARTESIAN_POINT('',(2.65,-1.4,-0.199999999999999));
#2329=CARTESIAN_POINT('Origin',(1.6,-1.4,-0.199999999999999));
#2330=CARTESIAN_POINT('',(1.6,-1.4,-0.199999999999999));
#2331=CARTESIAN_POINT('Origin',(1.6,-1.4,-0.0999999999999985));
#2332=CARTESIAN_POINT('Origin',(1.6,2.2,-0.0999999999999977));
#2333=CARTESIAN_POINT('',(2.65,2.2,0.800000000000002));
#2334=CARTESIAN_POINT('',(2.5,2.2,0.800000000000002));
#2335=CARTESIAN_POINT('',(2.75,2.2,0.700000000000002));
#2336=CARTESIAN_POINT('Origin',(2.65,2.2,0.700000000000002));
#2337=CARTESIAN_POINT('',(2.75,2.2,-0.0999999999999977));
#2338=CARTESIAN_POINT('',(2.75,2.2,0.700000000000002));
#2339=CARTESIAN_POINT('',(2.65,2.2,-0.199999999999998));
#2340=CARTESIAN_POINT('Origin',(2.65,2.2,-0.0999999999999977));
#2341=CARTESIAN_POINT('',(1.6,2.2,-0.199999999999998));
#2342=CARTESIAN_POINT('',(2.65,2.2,-0.199999999999998));
#2343=CARTESIAN_POINT('Origin',(1.6,2.2,-0.0999999999999977));
#2344=CARTESIAN_POINT('Origin',(1.6,1.2,-0.099999999999998));
#2345=CARTESIAN_POINT('',(2.65,1.2,0.800000000000002));
#2346=CARTESIAN_POINT('',(2.5,1.2,0.800000000000002));
#2347=CARTESIAN_POINT('',(1.6,1.2,-0.199999999999998));
#2348=CARTESIAN_POINT('Origin',(1.6,1.2,-0.099999999999998));
#2349=CARTESIAN_POINT('',(2.65,1.2,-0.199999999999998));
#2350=CARTESIAN_POINT('',(2.65,1.2,-0.199999999999998));
#2351=CARTESIAN_POINT('',(2.75,1.2,-0.099999999999998));
#2352=CARTESIAN_POINT('Origin',(2.65,1.2,-0.099999999999998));
#2353=CARTESIAN_POINT('',(2.75,1.2,0.700000000000002));
#2354=CARTESIAN_POINT('',(2.75,1.2,0.700000000000002));
#2355=CARTESIAN_POINT('Origin',(2.65,1.2,0.700000000000002));
#2356=CARTESIAN_POINT('Origin',(2.5,2.2,0.800000000000002));
#2357=CARTESIAN_POINT('',(2.65,2.2,0.800000000000002));
#2358=CARTESIAN_POINT('Origin',(2.65,2.2,0.700000000000002));
#2359=CARTESIAN_POINT('',(2.75,2.2,0.700000000000002));
#2360=CARTESIAN_POINT('Origin',(2.75,2.2,-0.0999999999999977));
#2361=CARTESIAN_POINT('',(2.75,2.2,-0.0999999999999977));
#2362=CARTESIAN_POINT('Origin',(2.65,2.2,-0.0999999999999977));
#2363=CARTESIAN_POINT('',(2.65,2.2,-0.199999999999998));
#2364=CARTESIAN_POINT('Origin',(1.6,2.2,-0.199999999999998));
#2365=CARTESIAN_POINT('',(1.6,2.2,-0.199999999999998));
#2366=CARTESIAN_POINT('Origin',(1.6,2.2,-0.0999999999999977));
#2367=CARTESIAN_POINT('Origin',(-0.65,-0.9,1.56125112837913E-15));
#2368=CARTESIAN_POINT('',(-0.65,-0.9,1.56125112837913E-15));
#2369=CARTESIAN_POINT('',(-0.65,-0.9,1.56125112837913E-15));
#2370=CARTESIAN_POINT('',(-0.65,-2.5,1.28369537222284E-15));
#2371=CARTESIAN_POINT('',(-0.65,-2.5,1.28369537222284E-15));
#2372=CARTESIAN_POINT('',(-0.65,-2.5,1.28369537222284E-15));
#2373=CARTESIAN_POINT('Origin',(0.65,-2.5,1.28369537222284E-15));
#2374=CARTESIAN_POINT('',(0.65,-2.5,1.28369537222284E-15));
#2375=CARTESIAN_POINT('',(0.65,-2.5,1.28369537222284E-15));
#2376=CARTESIAN_POINT('',(0.65,-2.5,1.28369537222284E-15));
#2377=CARTESIAN_POINT('Origin',(0.65,-0.9,1.56125112837913E-15));
#2378=CARTESIAN_POINT('',(0.65,-0.9,1.56125112837913E-15));
#2379=CARTESIAN_POINT('',(0.65,-0.9,1.56125112837913E-15));
#2380=CARTESIAN_POINT('',(0.65,-0.9,1.56125112837913E-15));
#2381=CARTESIAN_POINT('Origin',(0.65,-0.9,1.56125112837913E-15));
#2382=CARTESIAN_POINT('',(-0.65,-0.9,1.56125112837913E-15));
#2383=CARTESIAN_POINT('Origin',(-0.65,-2.5,1.28369537222284E-15));
#2384=CARTESIAN_POINT('Origin',(0.,-0.0999999999999988,1.83880688453542E-15));
#2385=CARTESIAN_POINT('',(-7.9602041944578E-17,-0.749999999999999,1.69447789133415E-15));
#2386=CARTESIAN_POINT('Origin',(0.,-0.0999999999999988,1.83880688453542E-15));
#2387=CARTESIAN_POINT('',(-7.9602041944578E-17,-0.749999999999999,1.69447789133415E-15));
#2388=CARTESIAN_POINT('Origin',(0.,-0.0999999999999988,1.83880688453542E-15));
#2389=CARTESIAN_POINT('Origin',(0.65,0.700000000000002,1.83880688453542E-15));
#2390=CARTESIAN_POINT('',(0.65,0.700000000000002,1.83880688453542E-15));
#2391=CARTESIAN_POINT('',(0.65,0.700000000000002,1.83880688453542E-15));
#2392=CARTESIAN_POINT('',(0.65,2.3,2.39391839684799E-15));
#2393=CARTESIAN_POINT('',(0.65,2.3,2.39391839684799E-15));
#2394=CARTESIAN_POINT('',(0.65,2.3,2.39391839684799E-15));
#2395=CARTESIAN_POINT('Origin',(0.65,2.3,2.39391839684799E-15));
#2396=CARTESIAN_POINT('',(-0.649999999999999,2.3,2.39391839684799E-15));
#2397=CARTESIAN_POINT('',(-0.649999999999999,2.3,2.39391839684799E-15));
#2398=CARTESIAN_POINT('',(-0.649999999999999,2.3,2.39391839684799E-15));
#2399=CARTESIAN_POINT('Origin',(-0.65,0.700000000000002,1.83880688453542E-15));
#2400=CARTESIAN_POINT('',(-0.65,0.700000000000002,1.83880688453542E-15));
#2401=CARTESIAN_POINT('',(-0.65,0.700000000000002,1.83880688453542E-15));
#2402=CARTESIAN_POINT('',(-0.65,0.700000000000002,1.83880688453542E-15));
#2403=CARTESIAN_POINT('Origin',(0.65,0.700000000000002,1.83880688453542E-15));
#2404=CARTESIAN_POINT('',(0.65,0.700000000000002,1.83880688453542E-15));
#2405=CARTESIAN_POINT('Origin',(0.65,2.3,2.39391839684799E-15));
#2406=UNCERTAINTY_MEASURE_WITH_UNIT(LENGTH_MEASURE(0.01),#2410,
'DISTANCE_ACCURACY_VALUE',
'Maximum model space distance between geometric entities at asserted c
onnectivities');
#2407=UNCERTAINTY_MEASURE_WITH_UNIT(LENGTH_MEASURE(0.01),#2410,
'DISTANCE_ACCURACY_VALUE',
'Maximum model space distance between geometric entities at asserted c
onnectivities');
#2408=(
GEOMETRIC_REPRESENTATION_CONTEXT(3)
GLOBAL_UNCERTAINTY_ASSIGNED_CONTEXT((#2406))
GLOBAL_UNIT_ASSIGNED_CONTEXT((#2410,#2412,#2413))
REPRESENTATION_CONTEXT('','3D')
);
#2409=(
GEOMETRIC_REPRESENTATION_CONTEXT(3)
GLOBAL_UNCERTAINTY_ASSIGNED_CONTEXT((#2407))
GLOBAL_UNIT_ASSIGNED_CONTEXT((#2410,#2412,#2413))
REPRESENTATION_CONTEXT('','3D')
);
#2410=(
LENGTH_UNIT()
NAMED_UNIT(*)
SI_UNIT(.MILLI.,.METRE.)
);
#2411=(
LENGTH_UNIT()
NAMED_UNIT(*)
SI_UNIT($,.METRE.)
);
#2412=(
NAMED_UNIT(*)
PLANE_ANGLE_UNIT()
SI_UNIT($,.RADIAN.)
);
#2413=(
NAMED_UNIT(*)
SI_UNIT($,.STERADIAN.)
SOLID_ANGLE_UNIT()
);
#2414=SHAPE_DEFINITION_REPRESENTATION(#2415,#2416);
#2415=PRODUCT_DEFINITION_SHAPE('',$,#2418);
#2416=SHAPE_REPRESENTATION('',(#1479),#2408);
#2417=PRODUCT_DEFINITION_CONTEXT('part definition',#2422,'design');
#2418=PRODUCT_DEFINITION('PLCC6-LED','PLCC6-LED v1',#2419,#2417);
#2419=PRODUCT_DEFINITION_FORMATION('',$,#2424);
#2420=PRODUCT_RELATED_PRODUCT_CATEGORY('PLCC6-LED v1','PLCC6-LED v1',(#2424));
#2421=APPLICATION_PROTOCOL_DEFINITION('international standard',
'automotive_design',2009,#2422);
#2422=APPLICATION_CONTEXT(
'Core Data for Automotive Mechanical Design Process');
#2423=PRODUCT_CONTEXT('part definition',#2422,'mechanical');
#2424=PRODUCT('PLCC6-LED','PLCC6-LED v1',$,(#2423));
#2425=PRESENTATION_STYLE_ASSIGNMENT((#2428));
#2426=PRESENTATION_STYLE_ASSIGNMENT((#2429));
#2427=PRESENTATION_STYLE_ASSIGNMENT((#2430));
#2428=SURFACE_STYLE_USAGE(.BOTH.,#2431);
#2429=SURFACE_STYLE_USAGE(.BOTH.,#2432);
#2430=SURFACE_STYLE_USAGE(.BOTH.,#2433);
#2431=SURFACE_SIDE_STYLE('',(#2434));
#2432=SURFACE_SIDE_STYLE('',(#2435));
#2433=SURFACE_SIDE_STYLE('',(#2436));
#2434=SURFACE_STYLE_FILL_AREA(#2437);
#2435=SURFACE_STYLE_FILL_AREA(#2438);
#2436=SURFACE_STYLE_FILL_AREA(#2439);
#2437=FILL_AREA_STYLE('Steel - Satin',(#2440));
#2438=FILL_AREA_STYLE('Opaque(255,255,0)',(#2441));
#2439=FILL_AREA_STYLE('Opaque(192,192,192)',(#2442));
#2440=FILL_AREA_STYLE_COLOUR('Steel - Satin',#2443);
#2441=FILL_AREA_STYLE_COLOUR('Opaque(255,255,0)',#2444);
#2442=FILL_AREA_STYLE_COLOUR('Opaque(192,192,192)',#2445);
#2443=COLOUR_RGB('Steel - Satin',0.627450980392157,0.627450980392157,0.627450980392157);
#2444=COLOUR_RGB('Opaque(255,255,0)',1.,1.,0.);
#2445=COLOUR_RGB('Opaque(192,192,192)',0.752941176470588,0.752941176470588,
0.752941176470588);
ENDSEC;
END-ISO-10303-21;
